tf_pair,touch_type,bias_alignment,zone_role,age_bucket,test_count_cls,count,avg_zone_age,avg_bias_strength,avg_price_distance_at_touch
M5@H1,body_close,against_daily,continuation,fresh,retested_1,325,3.212307692307692,2.126153846153846,1.392355725599781
M5@H1,body_close,against_daily,continuation,fresh,retested_2plus,14961,5.147583717665931,2.225720205868592,1.5458525606571913
M5@H1,body_close,against_daily,continuation,mature,retested_1,20,97.85,1.95,0.7801666184548526
M5@H1,body_close,against_daily,continuation,mature,retested_2plus,5828,112.02213452299245,1.8821207961564859,2.083822991736518
M5@H1,body_close,against_daily,continuation,old,retested_1,3,288.0,2.0,1.241034777112528
M5@H1,body_close,against_daily,continuation,old,retested_2plus,4961,479.5525095746825,2.412416851441242,2.388080047937963
M5@H1,body_close,against_daily,continuation,young,retested_1,12,18.833333333333332,2.4166666666666665,1.2192870435374579
M5@H1,body_close,against_daily,continuation,young,retested_2plus,7802,18.968597795437066,2.0589592412202,1.7054474348834825
M5@H1,body_close,against_daily,pullback,fresh,retested_1,189,2.6560846560846563,2.238095238095238,1.3953854047149292
M5@H1,body_close,against_daily,pullback,fresh,retested_2plus,1073,8.305684995340167,2.217148182665424,2.9316819627109267
M5@H1,body_close,against_daily,pullback,mature,retested_1,5,51.6,2.0,0.75907940028625
M5@H1,body_close,against_daily,pullback,mature,retested_2plus,2017,115.79920674268716,1.674268715914725,2.8706215540930855
M5@H1,body_close,against_daily,pullback,old,retested_2plus,2200,477.1781818181818,2.433181818181818,2.6042360361316206
M5@H1,body_close,against_daily,pullback,young,retested_1,4,17.75,2.25,1.900990736651121
M5@H1,body_close,against_daily,pullback,young,retested_2plus,3314,19.622510561255282,2.1252263126131563,2.706747000417458
M5@H1,body_close,against_daily,push,fresh,retested_2plus,59,6.033898305084746,1.0,0.6950146588658801
M5@H1,body_close,against_daily,push,mature,retested_1,1,146.0,1.0,1.2577577577576626
M5@H1,body_close,against_daily,push,mature,retested_2plus,113,110.05309734513274,1.0,2.832000253707694
M5@H1,body_close,against_daily,push,old,retested_1,2,907.0,2.5,1.7765580183383949
M5@H1,body_close,against_daily,push,old,retested_2plus,464,674.885775862069,2.1702586206896552,1.7189422197662074
M5@H1,body_close,against_daily,reversal,fresh,retested_1,72,3.1944444444444446,2.5833333333333335,1.404361294269452
M5@H1,body_close,against_daily,reversal,fresh,retested_2plus,2880,5.7125,2.563888888888889,1.5863279582522574
M5@H1,body_close,against_daily,reversal,mature,retested_1,2,97.0,1.0,4.051786524064839
M5@H1,body_close,against_daily,reversal,mature,retested_2plus,1516,100.3377308707124,2.0184696569920844,3.2427052540783836
M5@H1,body_close,against_daily,reversal,old,retested_1,2,2288.0,2.0,1.5265354776270024
M5@H1,body_close,against_daily,reversal,old,retested_2plus,705,1351.109219858156,2.497872340425532,3.483474149568229
M5@H1,body_close,against_daily,reversal,young,retested_1,4,12.75,3.0,2.9109023042748636
M5@H1,body_close,against_daily,reversal,young,retested_2plus,2294,19.591543156059284,2.671316477768091,2.2917658068926485
M5@H1,body_close,at_transition,continuation,fresh,retested_1,15,4.066666666666666,1.2666666666666666,1.9834740862373923
M5@H1,body_close,at_transition,continuation,fresh,retested_2plus,101,7.237623762376238,1.3762376237623761,2.6413175151074855
M5@H1,body_close,at_transition,continuation,mature,retested_1,3,56.333333333333336,1.6666666666666667,1.3601828368197728
M5@H1,body_close,at_transition,continuation,mature,retested_2plus,66,84.66666666666667,1.4242424242424243,2.67363419943638
M5@H1,body_close,at_transition,continuation,old,retested_2plus,16,540.25,1.75,3.086605420270018
M5@H1,body_close,at_transition,continuation,young,retested_1,1,20.0,1.0,3.8873517786560696
M5@H1,body_close,at_transition,continuation,young,retested_2plus,50,22.58,1.5,2.4052106660154426
M5@H1,body_close,at_transition,pullback,fresh,retested_1,9,3.111111111111111,1.5555555555555556,1.3294578750644035
M5@H1,body_close,at_transition,pullback,fresh,retested_2plus,12,8.5,1.4166666666666667,4.040099055241245
M5@H1,body_close,at_transition,pullback,mature,retested_1,4,52.0,1.25,1.563721953782626
M5@H1,body_close,at_transition,pullback,mature,retested_2plus,14,105.28571428571429,1.2857142857142858,2.2446711874426053
M5@H1,body_close,at_transition,pullback,old,retested_2plus,8,336.75,1.75,4.96138347051528
M5@H1,body_close,at_transition,pullback,young,retested_2plus,19,27.05263157894737,1.3157894736842106,3.0544570294805107
M5@H1,body_close,at_transition,push,mature,retested_2plus,2,58.0,1.0,2.773891174410354
M5@H1,body_close,at_transition,push,old,retested_2plus,1,465.0,2.0,2.5588752196831868
M5@H1,body_close,at_transition,reversal,fresh,retested_2plus,5,8.2,2.0,2.529531550552625
M5@H1,body_close,at_transition,reversal,mature,retested_2plus,12,110.5,1.3333333333333333,3.8110508617230345
M5@H1,body_close,at_transition,reversal,old,retested_2plus,2,358.0,1.5,5.846272329647576
M5@H1,body_close,at_transition,reversal,young,retested_2plus,4,32.0,1.0,3.8480379182696764
M5@H1,body_close,neutral,continuation,fresh,retested_1,211,3.042654028436019,1.4265402843601895,1.4050714094090164
M5@H1,body_close,neutral,continuation,fresh,retested_2plus,10678,5.158737591309234,1.481457201723169,1.559994383625865
M5@H1,body_close,neutral,continuation,mature,retested_1,24,101.625,1.4166666666666667,1.2027416690649229
M5@H1,body_close,neutral,continuation,mature,retested_2plus,5358,98.7534527808884,1.3915640164240388,2.0597947897755122
M5@H1,body_close,neutral,continuation,old,retested_1,5,417.2,1.2,1.3306032875217528
M5@H1,body_close,neutral,continuation,old,retested_2plus,1455,390.68178694158075,1.5278350515463917,2.6805123807094264
M5@H1,body_close,neutral,continuation,young,retested_1,9,19.555555555555557,1.1111111111111112,1.145788565624555
M5@H1,body_close,neutral,continuation,young,retested_2plus,6628,22.099728424864214,1.5248943874471936,1.9295548814315633
M5@H1,body_close,neutral,pullback,fresh,retested_1,124,2.588709677419355,1.4193548387096775,1.2588485816833865
M5@H1,body_close,neutral,pullback,fresh,retested_2plus,903,8.096345514950166,1.584717607973422,2.107744095533555
M5@H1,body_close,neutral,pullback,mature,retested_1,2,121.5,1.0,0.5031225379186929
M5@H1,body_close,neutral,pullback,mature,retested_2plus,1842,107.16558089033659,1.4071661237785016,2.3058512533688664
M5@H1,body_close,neutral,pullback,old,retested_1,1,516.0,1.0,0.22652839443107664
M5@H1,body_close,neutral,pullback,old,retested_2plus,855,401.8093567251462,1.247953216374269,3.076582908910437
M5@H1,body_close,neutral,pullback,young,retested_1,2,19.0,1.0,2.807788651301811
M5@H1,body_close,neutral,pullback,young,retested_2plus,2558,24.679437060203284,1.5445660672400312,2.1904984876244744
M5@H1,body_close,neutral,push,fresh,retested_2plus,28,4.821428571428571,0.75,1.6096376176245832
M5@H1,body_close,neutral,push,mature,retested_2plus,52,110.76923076923077,1.4807692307692308,0.6762315509500022
M5@H1,body_close,neutral,push,old,retested_1,1,480.0,1.0,0.7963878428671378
M5@H1,body_close,neutral,push,old,retested_2plus,252,453.95238095238096,1.6587301587301588,2.3176902434827844
M5@H1,body_close,neutral,push,young,retested_2plus,88,17.431818181818183,0.4318181818181818,2.093845170186483
M5@H1,body_close,neutral,reversal,fresh,retested_1,16,3.5,1.0,1.5449162824901632
M5@H1,body_close,neutral,reversal,fresh,retested_2plus,489,5.110429447852761,0.9734151329243353,1.94305301173884
M5@H1,body_close,neutral,reversal,mature,retested_2plus,1050,123.56190476190476,1.18,3.257298483927843
M5@H1,body_close,neutral,reversal,old,retested_2plus,565,460.9238938053097,1.343362831858407,1.8549519369024543
M5@H1,body_close,neutral,reversal,young,retested_2plus,453,22.75496688741722,1.2781456953642385,3.713557239149042
M5@H1,body_close,with_daily,continuation,fresh,first_touch,1,2.0,1.0,1.3012358393408525
M5@H1,body_close,with_daily,continuation,fresh,retested_1,337,3.2255192878338277,2.2255192878338277,1.568870095999469
M5@H1,body_close,with_daily,continuation,fresh,retested_2plus,16811,5.259889358158349,2.166914520254595,1.647695348541273
M5@H1,body_close,with_daily,continuation,mature,retested_1,15,76.33333333333333,2.3333333333333335,1.3725916887496223
M5@H1,body_close,with_daily,continuation,mature,retested_2plus,3928,89.17133401221996,2.145621181262729,1.5759250463673669
M5@H1,body_close,with_daily,continuation,old,retested_1,5,1129.6,1.2,0.49416584423692916
M5@H1,body_close,with_daily,continuation,old,retested_2plus,728,893.6744505494505,1.5934065934065933,1.1474164333231034
M5@H1,body_close,with_daily,continuation,young,retested_1,28,21.285714285714285,2.3214285714285716,1.6462248036326057
M5@H1,body_close,with_daily,continuation,young,retested_2plus,9475,22.865224274406334,2.100791556728232,1.6254609726110751
M5@H1,body_close,with_daily,pullback,fresh,retested_1,193,2.694300518134715,2.290155440414508,1.4024621800657062
M5@H1,body_close,with_daily,pullback,fresh,retested_2plus,918,7.452069716775599,2.229847494553377,2.302490230539818
M5@H1,body_close,with_daily,pullback,mature,retested_1,7,82.0,2.5714285714285716,0.7009014622485654
M5@H1,body_close,with_daily,pullback,mature,retested_2plus,1626,96.32533825338254,2.2835178351783516,1.7655674997206505
M5@H1,body_close,with_daily,pullback,old,retested_1,1,234.0,3.0,1.3410404624276389
M5@H1,body_close,with_daily,pullback,old,retested_2plus,562,636.4181494661922,1.583629893238434,2.623558372090947
M5@H1,body_close,with_daily,pullback,young,retested_1,1,24.0,1.0,1.8958333333334927
M5@H1,body_close,with_daily,pullback,young,retested_2plus,3757,24.214799041788662,2.027681660899654,2.150334650673832
M5@H1,body_close,with_daily,push,fresh,retested_1,5,8.2,2.6,1.2120466264675112
M5@H1,body_close,with_daily,push,fresh,retested_2plus,308,6.87012987012987,2.7305194805194803,1.2886170428738706
M5@H1,body_close,with_daily,push,mature,retested_1,5,112.2,2.8,0.7660017470797676
M5@H1,body_close,with_daily,push,mature,retested_2plus,422,95.90758293838863,2.7369668246445498,1.5550919970922794
M5@H1,body_close,with_daily,push,old,retested_1,2,280.0,2.5,0.08738613893573856
M5@H1,body_close,with_daily,push,old,retested_2plus,38,1197.1315789473683,1.105263157894737,1.7940633131352925
M5@H1,body_close,with_daily,push,young,retested_1,7,23.857142857142858,2.7142857142857144,1.072328134001938
M5@H1,body_close,with_daily,push,young,retested_2plus,739,22.19215155615697,2.7658998646820026,1.2385641548575574
M5@H1,body_close,with_daily,reversal,fresh,retested_1,1,10.0,3.0,2.0236189732577325
M5@H1,body_close,with_daily,reversal,fresh,retested_2plus,10,10.0,3.0,2.2220117492029052
M5@H1,body_close,with_daily,reversal,mature,retested_2plus,516,74.26744186046511,1.9806201550387597,3.742705666289667
M5@H1,body_close,with_daily,reversal,old,retested_2plus,54,1505.7407407407406,1.6481481481481481,2.33786535879648
M5@H1,body_close,with_daily,reversal,young,retested_2plus,250,30.128,1.896,4.613443609011508
M5@H1,break_through,against_daily,continuation,fresh,first_touch,2,2.5,1.5,2.795288067101952
M5@H1,break_through,against_daily,pullback,fresh,first_touch,3,2.3333333333333335,2.3333333333333335,2.5766677598093204
M5@H1,break_through,against_daily,pullback,mature,first_touch,2,51.5,3.0,1.8534649939480539
M5@H1,break_through,at_transition,continuation,fresh,first_touch,1,3.0,2.0,2.131793121554374
M5@H1,break_through,at_transition,pullback,mature,first_touch,1,54.0,1.0,3.5551674709844616
M5@H1,break_through,neutral,continuation,fresh,first_touch,3,2.3333333333333335,1.3333333333333333,2.048772726974771
M5@H1,break_through,neutral,pullback,fresh,first_touch,5,2.2,1.2,2.4082142028555045
M5@H1,break_through,with_daily,continuation,fresh,first_touch,4,2.5,2.5,2.995146552078887
M5@H1,break_through,with_daily,continuation,mature,first_touch,1,51.0,3.0,2.412415269354343
M5@H1,break_through,with_daily,pullback,fresh,first_touch,6,2.8333333333333335,2.1666666666666665,2.1491261579409513
M5@H1,near_miss,against_daily,continuation,fresh,first_touch,443,3.595936794582393,2.1738148984198644,2.720795135196844
M5@H1,near_miss,against_daily,continuation,fresh,retested_1,168,4.273809523809524,2.0595238095238093,2.8737304033023015
M5@H1,near_miss,against_daily,continuation,fresh,retested_2plus,2150,5.352093023255814,2.1869767441860466,3.1740931978533924
M5@H1,near_miss,against_daily,continuation,mature,first_touch,43,87.65116279069767,2.1627906976744184,2.704408800185694
M5@H1,near_miss,against_daily,continuation,mature,retested_1,19,61.21052631578947,1.7894736842105263,2.1289874420885626
M5@H1,near_miss,against_daily,continuation,mature,retested_2plus,714,113.7156862745098,1.8823529411764706,3.8702659792426433
M5@H1,near_miss,against_daily,continuation,old,first_touch,15,603.8666666666667,2.2666666666666666,2.441214033981331
M5@H1,near_miss,against_daily,continuation,old,retested_1,16,789.1875,2.375,2.475868727813736
M5@H1,near_miss,against_daily,continuation,old,retested_2plus,549,465.0528233151184,2.4262295081967213,3.8697022125034537
M5@H1,near_miss,against_daily,continuation,young,first_touch,29,16.896551724137932,2.4827586206896552,3.0923364444513517
M5@H1,near_miss,against_daily,continuation,young,retested_1,22,17.318181818181817,2.590909090909091,2.12825899082014
M5@H1,near_miss,against_daily,continuation,young,retested_2plus,1069,19.086997193638915,2.095416276894294,3.5067294155026576
M5@H1,near_miss,against_daily,pullback,fresh,first_touch,61,2.8852459016393444,2.2131147540983607,2.600713177058733
M5@H1,near_miss,against_daily,pullback,fresh,retested_2plus,175,8.062857142857142,2.2057142857142855,4.308737376619512
M5@H1,near_miss,against_daily,pullback,mature,first_touch,6,154.83333333333334,2.1666666666666665,2.359058347668414
M5@H1,near_miss,against_daily,pullback,mature,retested_1,7,63.42857142857143,1.8571428571428572,2.8929166741534758
M5@H1,near_miss,against_daily,pullback,mature,retested_2plus,496,115.67137096774194,1.5423387096774193,3.8928637224421565
M5@H1,near_miss,against_daily,pullback,old,first_touch,2,245.0,2.0,1.4471300843335244
M5@H1,near_miss,against_daily,pullback,old,retested_1,8,661.125,2.5,2.7391260442158383
M5@H1,near_miss,against_daily,pullback,old,retested_2plus,456,589.8947368421053,2.462719298245614,3.852999746835499
M5@H1,near_miss,against_daily,pullback,young,first_touch,3,15.0,1.6666666666666667,2.5238244821086417
M5@H1,near_miss,against_daily,pullback,young,retested_2plus,699,19.896995708154506,2.0858369098712446,4.125416418104225
M5@H1,near_miss,against_daily,push,mature,retested_1,2,100.0,1.0,2.391861323683516
M5@H1,near_miss,against_daily,push,mature,retested_2plus,43,103.02325581395348,1.0930232558139534,2.7286125664800394
M5@H1,near_miss,against_daily,push,old,first_touch,6,517.3333333333334,2.6666666666666665,2.1208031620393597
M5@H1,near_miss,against_daily,push,old,retested_2plus,63,509.74603174603175,2.1904761904761907,3.273968294527455
M5@H1,near_miss,against_daily,reversal,fresh,first_touch,75,4.0,2.6666666666666665,2.569507588370284
M5@H1,near_miss,against_daily,reversal,fresh,retested_1,24,3.7916666666666665,2.5,2.4790694715445096
M5@H1,near_miss,against_daily,reversal,fresh,retested_2plus,275,5.941818181818181,2.669090909090909,3.1818376263351764
M5@H1,near_miss,against_daily,reversal,mature,first_touch,1,138.0,1.0,3.899135446685884
M5@H1,near_miss,against_daily,reversal,mature,retested_2plus,68,82.23529411764706,2.014705882352941,3.9234863280950845
M5@H1,near_miss,against_daily,reversal,old,first_touch,1,1266.0,3.0,3.4052992028741147
M5@H1,near_miss,against_daily,reversal,old,retested_2plus,153,1153.1503267973856,2.3594771241830066,4.766679780115192
M5@H1,near_miss,against_daily,reversal,young,first_touch,7,13.714285714285714,3.0,4.201566049152058
M5@H1,near_miss,against_daily,reversal,young,retested_1,4,16.25,2.5,2.6010994544291024
M5@H1,near_miss,against_daily,reversal,young,retested_2plus,268,19.794776119402986,2.888059701492537,4.34428952672556
M5@H1,near_miss,at_transition,continuation,fresh,first_touch,7,4.0,1.7142857142857142,3.2913851224038737
M5@H1,near_miss,at_transition,continuation,fresh,retested_1,1,4.0,1.0,3.6622729564296974
M5@H1,near_miss,at_transition,continuation,fresh,retested_2plus,10,7.3,1.3,6.499272063610168
M5@H1,near_miss,at_transition,continuation,mature,first_touch,4,60.0,1.25,4.70633010337502
M5@H1,near_miss,at_transition,continuation,mature,retested_1,1,55.0,1.0,5.984645490057673
M5@H1,near_miss,at_transition,continuation,mature,retested_2plus,8,100.75,1.25,5.860128119026848
M5@H1,near_miss,at_transition,continuation,old,retested_2plus,3,456.3333333333333,1.6666666666666667,5.863972086382456
M5@H1,near_miss,at_transition,continuation,young,first_touch,1,40.0,2.0,3.192668553001505
M5@H1,near_miss,at_transition,continuation,young,retested_2plus,8,23.875,1.5,4.347057155662492
M5@H1,near_miss,at_transition,pullback,fresh,first_touch,2,4.5,1.0,3.656267110194678
M5@H1,near_miss,at_transition,pullback,mature,retested_2plus,3,90.33333333333333,1.0,4.876937667609265
M5@H1,near_miss,at_transition,pullback,old,first_touch,1,336.0,1.0,4.733824185631457
M5@H1,near_miss,at_transition,pullback,old,retested_2plus,1,396.0,2.0,12.054478301015466
M5@H1,near_miss,at_transition,pullback,young,retested_2plus,6,31.666666666666668,1.5,8.071797945191486
M5@H1,near_miss,at_transition,reversal,old,retested_2plus,1,1584.0,1.0,12.161769198584233
M5@H1,near_miss,neutral,continuation,fresh,first_touch,327,3.3394495412844036,1.4342507645259939,2.7302836141994207
M5@H1,near_miss,neutral,continuation,fresh,retested_1,151,3.8410596026490067,1.6026490066225165,3.0045576976618817
M5@H1,near_miss,neutral,continuation,fresh,retested_2plus,1405,5.330960854092527,1.4903914590747331,3.100500468164265
M5@H1,near_miss,neutral,continuation,mature,first_touch,38,94.1842105263158,1.2894736842105263,2.8931087571506513
M5@H1,near_miss,neutral,continuation,mature,retested_1,10,77.0,1.3,3.4292050003588797
M5@H1,near_miss,neutral,continuation,mature,retested_2plus,616,102.37987012987013,1.3896103896103895,3.9088431691419054
M5@H1,near_miss,neutral,continuation,old,first_touch,8,444.0,1.75,2.544650869639966
M5@H1,near_miss,neutral,continuation,old,retested_1,1,300.0,2.0,2.186251189343502
M5@H1,near_miss,neutral,continuation,old,retested_2plus,243,430.9423868312757,1.5720164609053497,4.412362636077852
M5@H1,near_miss,neutral,continuation,young,first_touch,38,21.605263157894736,1.368421052631579,3.109475921902221
M5@H1,near_miss,neutral,continuation,young,retested_1,33,23.78787878787879,1.303030303030303,2.615974052853273
M5@H1,near_miss,neutral,continuation,young,retested_2plus,861,23.027874564459932,1.4529616724738676,3.3933722175461316
M5@H1,near_miss,neutral,pullback,fresh,first_touch,26,2.5384615384615383,1.4230769230769231,2.8025511003318817
M5@H1,near_miss,neutral,pullback,fresh,retested_2plus,169,8.195266272189349,1.331360946745562,3.2781553329095146
M5@H1,near_miss,neutral,pullback,mature,first_touch,7,157.14285714285714,1.8571428571428572,1.2452064435041947
M5@H1,near_miss,neutral,pullback,mature,retested_1,7,105.42857142857143,1.8571428571428572,3.1591513646047398
M5@H1,near_miss,neutral,pullback,mature,retested_2plus,303,105.86138613861387,1.2937293729372936,3.680858984675232
M5@H1,near_miss,neutral,pullback,old,first_touch,9,419.22222222222223,1.6666666666666667,2.286198937780971
M5@H1,near_miss,neutral,pullback,old,retested_1,1,703.0,1.0,1.4265898420827954
M5@H1,near_miss,neutral,pullback,old,retested_2plus,175,370.6,1.3542857142857143,4.295425319749823
M5@H1,near_miss,neutral,pullback,young,first_touch,3,21.666666666666668,1.0,1.7145231190112489
M5@H1,near_miss,neutral,pullback,young,retested_2plus,584,23.722602739726028,1.5907534246575343,3.8659866280311306
M5@H1,near_miss,neutral,push,fresh,retested_2plus,13,4.384615384615385,1.7692307692307692,2.7124837636747987
M5@H1,near_miss,neutral,push,mature,first_touch,2,102.5,1.0,2.5419708765083344
M5@H1,near_miss,neutral,push,mature,retested_2plus,12,135.0,1.25,2.0919976345475013
M5@H1,near_miss,neutral,push,old,first_touch,1,480.0,1.0,1.748960929887786
M5@H1,near_miss,neutral,push,old,retested_1,1,295.0,1.0,1.4918478260869372
M5@H1,near_miss,neutral,push,old,retested_2plus,34,460.4117647058824,1.6470588235294117,3.0376422996476706
M5@H1,near_miss,neutral,push,young,retested_2plus,22,13.272727272727273,1.1363636363636365,2.1717236004400786
M5@H1,near_miss,neutral,reversal,fresh,first_touch,13,5.0,0.46153846153846156,3.2636356834497025
M5@H1,near_miss,neutral,reversal,fresh,retested_1,1,10.0,0.0,2.6398440695135945
M5@H1,near_miss,neutral,reversal,fresh,retested_2plus,12,5.916666666666667,0.3333333333333333,4.349684467773273
M5@H1,near_miss,neutral,reversal,mature,first_touch,1,53.0,1.0,4.386503067484845
M5@H1,near_miss,neutral,reversal,mature,retested_2plus,65,102.56923076923077,1.2923076923076924,3.9698823441545317
M5@H1,near_miss,neutral,reversal,old,retested_2plus,80,330.875,1.425,3.961249919854719
M5@H1,near_miss,neutral,reversal,young,retested_2plus,9,21.444444444444443,1.3333333333333333,4.284515612682751
M5@H1,near_miss,with_daily,continuation,fresh,first_touch,614,3.529315960912052,2.066775244299674,2.9316536182454986
M5@H1,near_miss,with_daily,continuation,fresh,retested_1,207,4.140096618357488,2.0917874396135265,2.8903982571811953
M5@H1,near_miss,with_daily,continuation,fresh,retested_2plus,2380,5.262605042016807,2.2021008403361346,3.354610668599139
M5@H1,near_miss,with_daily,continuation,mature,first_touch,45,73.91111111111111,2.1333333333333333,2.335356258330532
M5@H1,near_miss,with_daily,continuation,mature,retested_1,21,72.76190476190476,2.0952380952380953,2.0395233690423047
M5@H1,near_miss,with_daily,continuation,mature,retested_2plus,704,89.44744318181819,2.3295454545454546,2.868621055792356
M5@H1,near_miss,with_daily,continuation,old,first_touch,16,594.3125,1.5,2.1535290256922504
M5@H1,near_miss,with_daily,continuation,old,retested_1,2,297.5,1.0,2.819340285183124
M5@H1,near_miss,with_daily,continuation,old,retested_2plus,153,585.0,1.8235294117647058,2.712390798428279
M5@H1,near_miss,with_daily,continuation,young,first_touch,75,20.706666666666667,2.1466666666666665,2.9293648595048136
M5@H1,near_miss,with_daily,continuation,young,retested_1,20,23.6,2.25,2.3129830499111264
M5@H1,near_miss,with_daily,continuation,young,retested_2plus,1334,22.95127436281859,2.0292353823088454,3.179997881926584
M5@H1,near_miss,with_daily,pullback,fresh,first_touch,50,2.66,2.28,3.185869459306899
M5@H1,near_miss,with_daily,pullback,fresh,retested_2plus,204,7.485294117647059,2.3676470588235294,4.029166526585616
M5@H1,near_miss,with_daily,pullback,mature,first_touch,8,104.25,1.875,2.376504032229671
M5@H1,near_miss,with_daily,pullback,mature,retested_1,4,133.5,3.0,2.62146707892769
M5@H1,near_miss,with_daily,pullback,mature,retested_2plus,490,96.81632653061224,2.273469387755102,3.4066020683807614
M5@H1,near_miss,with_daily,pullback,old,first_touch,4,233.75,3.0,1.8923046742213334
M5@H1,near_miss,with_daily,pullback,old,retested_2plus,129,792.2713178294574,1.821705426356589,3.500317408489916
M5@H1,near_miss,with_daily,pullback,young,first_touch,11,32.36363636363637,2.0,2.589352715118832
M5@H1,near_miss,with_daily,pullback,young,retested_1,1,34.0,3.0,1.8902269569245853
M5@H1,near_miss,with_daily,pullback,young,retested_2plus,873,26.812142038946163,2.0904925544100803,3.6992705180864407
M5@H1,near_miss,with_daily,push,fresh,first_touch,6,8.333333333333334,3.0,1.5419977554347841
M5@H1,near_miss,with_daily,push,fresh,retested_1,2,7.0,3.0,1.952320646442661
M5@H1,near_miss,with_daily,push,fresh,retested_2plus,93,8.021505376344086,2.6989247311827955,2.7390788250852376
M5@H1,near_miss,with_daily,push,mature,first_touch,5,107.6,2.8,2.5071330769138656
M5@H1,near_miss,with_daily,push,mature,retested_2plus,101,111.56435643564356,2.4356435643564356,3.248730205531453
M5@H1,near_miss,with_daily,push,old,retested_2plus,7,1250.5714285714287,1.0,4.192174870871569
M5@H1,near_miss,with_daily,push,young,first_touch,10,25.8,2.9,3.4055022471630165
M5@H1,near_miss,with_daily,push,young,retested_1,3,24.0,2.6666666666666665,1.5862132393651667
M5@H1,near_miss,with_daily,push,young,retested_2plus,179,23.94413407821229,2.8435754189944134,2.337643578951775
M5@H1,near_miss,with_daily,reversal,fresh,first_touch,1,3.0,1.0,3.930161189967594
M5@H1,near_miss,with_daily,reversal,mature,first_touch,2,74.0,3.0,2.00302157753564
M5@H1,near_miss,with_daily,reversal,mature,retested_2plus,30,92.7,1.9666666666666666,7.619873868418627
M5@H1,near_miss,with_daily,reversal,old,retested_2plus,34,1268.9411764705883,2.0294117647058822,3.9576423286040456
M5@H1,near_miss,with_daily,reversal,young,retested_2plus,19,44.05263157894737,1.0,6.085594337669749
M5@H1,wick_touch,against_daily,continuation,fresh,retested_1,196,3.688775510204082,2.193877551020408,2.3576079724499235
M5@H1,wick_touch,against_daily,continuation,fresh,retested_2plus,2531,5.084946661398656,2.187277755827736,2.8312333972866144
M5@H1,wick_touch,against_daily,continuation,mature,retested_1,8,59.125,2.5,2.313955644658638
M5@H1,wick_touch,against_daily,continuation,mature,retested_2plus,697,110.16786226685797,1.843615494978479,3.5236466238720188
M5@H1,wick_touch,against_daily,continuation,old,retested_1,12,737.0833333333334,2.5,2.2507911155572304
M5@H1,wick_touch,against_daily,continuation,old,retested_2plus,529,457.8109640831758,2.391304347826087,3.4685832883165766
M5@H1,wick_touch,against_daily,continuation,young,retested_1,14,18.428571428571427,2.5,1.8987488241422548
M5@H1,wick_touch,against_daily,continuation,young,retested_2plus,1061,19.176248821866164,2.131950989632422,3.169399530743657
M5@H1,wick_touch,against_daily,pullback,fresh,retested_1,31,3.064516129032258,2.193548387096774,2.84438651217715
M5@H1,wick_touch,against_daily,pullback,fresh,retested_2plus,163,7.92638036809816,2.1717791411042944,3.8413988210060905
M5@H1,wick_touch,against_daily,pullback,mature,retested_1,3,55.333333333333336,2.0,2.4183184180853132
M5@H1,wick_touch,against_daily,pullback,mature,retested_2plus,423,111.70685579196217,1.6501182033096926,3.8895500953095405
M5@H1,wick_touch,against_daily,pullback,old,retested_1,4,427.25,2.25,2.1983158575232493
M5@H1,wick_touch,against_daily,pullback,old,retested_2plus,431,525.9675174013921,2.37122969837587,3.768406723380428
M5@H1,wick_touch,against_daily,pullback,young,retested_1,1,13.0,2.0,2.992916330468301
M5@H1,wick_touch,against_daily,pullback,young,retested_2plus,609,19.745484400656814,2.1444991789819374,4.0607585207814205
M5@H1,wick_touch,against_daily,push,mature,retested_1,1,79.0,1.0,0.7189599133260618
M5@H1,wick_touch,against_daily,push,mature,retested_2plus,44,113.47727272727273,1.1363636363636365,2.2069806427344614
M5@H1,wick_touch,against_daily,push,old,retested_1,1,405.0,2.0,0.8520616519562848
M5@H1,wick_touch,against_daily,push,old,retested_2plus,64,532.921875,2.125,3.3297168883306747
M5@H1,wick_touch,against_daily,reversal,fresh,retested_1,23,4.173913043478261,2.5217391304347827,2.5420256043709384
M5@H1,wick_touch,against_daily,reversal,fresh,retested_2plus,336,5.744047619047619,2.613095238095238,3.1526107365022606
M5@H1,wick_touch,against_daily,reversal,mature,retested_2plus,95,88.7578947368421,2.042105263157895,4.019027794028187
M5@H1,wick_touch,against_daily,reversal,old,retested_2plus,106,1444.0566037735848,2.6792452830188678,4.641114875702971
M5@H1,wick_touch,against_daily,reversal,young,retested_1,2,28.5,3.0,2.7415535155245596
M5@H1,wick_touch,against_daily,reversal,young,retested_2plus,269,20.490706319702603,2.8104089219330857,3.9688070380007963
M5@H1,wick_touch,at_transition,continuation,fresh,retested_1,14,4.571428571428571,1.2857142857142858,3.358687482503219
M5@H1,wick_touch,at_transition,continuation,fresh,retested_2plus,28,5.964285714285714,1.3571428571428572,4.744203819257794
M5@H1,wick_touch,at_transition,continuation,mature,retested_1,4,55.75,1.5,4.660904854318922
M5@H1,wick_touch,at_transition,continuation,mature,retested_2plus,24,76.33333333333333,1.4166666666666667,5.360581726279608
M5@H1,wick_touch,at_transition,continuation,old,retested_1,1,238.0,2.0,3.008938981733386
M5@H1,wick_touch,at_transition,continuation,old,retested_2plus,7,418.2857142857143,1.7142857142857142,5.1182432866032554
M5@H1,wick_touch,at_transition,continuation,young,retested_2plus,12,19.75,1.3333333333333333,3.724424403134742
M5@H1,wick_touch,at_transition,pullback,fresh,retested_1,6,4.666666666666667,1.5,3.8088678285601465
M5@H1,wick_touch,at_transition,pullback,fresh,retested_2plus,6,9.0,1.5,7.293716541119338
M5@H1,wick_touch,at_transition,pullback,mature,retested_1,4,52.25,1.25,4.452968053351322
M5@H1,wick_touch,at_transition,pullback,mature,retested_2plus,8,97.625,1.375,5.092416173999119
M5@H1,wick_touch,at_transition,pullback,old,retested_2plus,7,311.14285714285717,1.5714285714285714,4.188240432692896
M5@H1,wick_touch,at_transition,pullback,young,retested_2plus,10,33.0,1.4,5.263151257145277
M5@H1,wick_touch,at_transition,push,old,retested_2plus,1,490.0,2.0,7.533698640391122
M5@H1,wick_touch,at_transition,reversal,mature,retested_1,1,54.0,1.0,1.3550937429409702
M5@H1,wick_touch,at_transition,reversal,young,retested_2plus,1,42.0,1.0,1.2623333845565616
M5@H1,wick_touch,neutral,continuation,fresh,retested_1,136,3.2941176470588234,1.4926470588235294,2.336594486124767
M5@H1,wick_touch,neutral,continuation,fresh,retested_2plus,1765,5.104815864022663,1.5116147308781869,2.7314823604812317
M5@H1,wick_touch,neutral,continuation,mature,retested_1,8,74.5,1.625,3.501091690017306
M5@H1,wick_touch,neutral,continuation,mature,retested_2plus,637,99.35949764521193,1.4411302982731553,3.4358397177895794
M5@H1,wick_touch,neutral,continuation,old,retested_1,7,425.85714285714283,1.5714285714285714,1.928125483542953
M5@H1,wick_touch,neutral,continuation,old,retested_2plus,241,416.1161825726141,1.5560165975103735,4.132585442881934
M5@H1,wick_touch,neutral,continuation,young,retested_1,13,18.76923076923077,1.3846153846153846,2.2201570220427658
M5@H1,wick_touch,neutral,continuation,young,retested_2plus,833,21.43097238895558,1.4597839135654262,3.3719497955840816
M5@H1,wick_touch,neutral,pullback,fresh,retested_1,23,3.0434782608695654,1.6521739130434783,2.616172420193283
M5@H1,wick_touch,neutral,pullback,fresh,retested_2plus,170,8.194117647058823,1.4294117647058824,3.5614271668656863
M5@H1,wick_touch,neutral,pullback,mature,retested_1,2,61.5,1.5,3.223535766491996
M5@H1,wick_touch,neutral,pullback,mature,retested_2plus,243,105.04526748971193,1.2839506172839505,3.694695220786839
M5@H1,wick_touch,neutral,pullback,old,retested_1,1,229.0,1.0,2.101482527356175
M5@H1,wick_touch,neutral,pullback,old,retested_2plus,162,327.77777777777777,1.3518518518518519,4.352310307883805
M5@H1,wick_touch,neutral,pullback,young,retested_1,1,37.0,1.0,0.8837620263106731
M5@H1,wick_touch,neutral,pullback,young,retested_2plus,485,24.709278350515465,1.5876288659793814,3.697739814423574
M5@H1,wick_touch,neutral,push,fresh,retested_2plus,14,5.785714285714286,1.4285714285714286,1.9301376135644492
M5@H1,wick_touch,neutral,push,mature,retested_1,1,158.0,1.0,0.6478931566415133
M5@H1,wick_touch,neutral,push,mature,retested_2plus,16,106.5,1.5,1.383621374866316
M5@H1,wick_touch,neutral,push,old,retested_1,1,295.0,1.0,1.0835312747426655
M5@H1,wick_touch,neutral,push,old,retested_2plus,38,440.10526315789474,1.5263157894736843,3.4772283797234413
M5@H1,wick_touch,neutral,push,young,retested_2plus,20,13.75,1.15,2.3020722980922703
M5@H1,wick_touch,neutral,reversal,fresh,retested_1,3,4.666666666666667,0.6666666666666666,2.6901673561584825
M5@H1,wick_touch,neutral,reversal,fresh,retested_2plus,22,5.545454545454546,0.7727272727272727,4.119678725475108
M5@H1,wick_touch,neutral,reversal,mature,retested_1,1,54.0,1.0,2.134510042605105
M5@H1,wick_touch,neutral,reversal,mature,retested_2plus,64,99.65625,1.375,4.348568778522637
M5@H1,wick_touch,neutral,reversal,old,retested_2plus,72,317.2638888888889,1.2916666666666667,3.2383171388583154
M5@H1,wick_touch,neutral,reversal,young,retested_1,1,11.0,1.0,14.366153846154807
M5@H1,wick_touch,neutral,reversal,young,retested_2plus,13,17.692307692307693,1.5384615384615385,5.746595059761377
M5@H1,wick_touch,with_daily,continuation,fresh,retested_1,231,3.6103896103896105,2.168831168831169,2.563730666889137
M5@H1,wick_touch,with_daily,continuation,fresh,retested_2plus,2992,5.127673796791444,2.212566844919786,3.0055817086926755
M5@H1,wick_touch,with_daily,continuation,mature,retested_1,18,74.0,2.2222222222222223,1.865223996635943
M5@H1,wick_touch,with_daily,continuation,mature,retested_2plus,729,89.89711934156378,2.392318244170096,2.592575690356631
M5@H1,wick_touch,with_daily,continuation,old,retested_1,1,686.0,1.0,1.201162595718541
M5@H1,wick_touch,with_daily,continuation,old,retested_2plus,143,592.4475524475524,1.8251748251748252,2.253977694984881
M5@H1,wick_touch,with_daily,continuation,young,retested_1,36,25.02777777777778,2.138888888888889,2.5149306013789348
M5@H1,wick_touch,with_daily,continuation,young,retested_2plus,1401,23.576017130620986,2.0292648108493934,2.919182944908537
M5@H1,wick_touch,with_daily,pullback,fresh,retested_1,47,2.7872340425531914,2.4893617021276597,2.583137966145339
M5@H1,wick_touch,with_daily,pullback,fresh,retested_2plus,177,7.378531073446328,2.1864406779661016,3.598876549002313
M5@H1,wick_touch,with_daily,pullback,mature,retested_1,1,71.0,3.0,2.9912382521623524
M5@H1,wick_touch,with_daily,pullback,mature,retested_2plus,452,98.29203539823008,2.349557522123894,3.0841211516416265
M5@H1,wick_touch,with_daily,pullback,old,retested_1,1,295.0,1.0,1.840340985539463
M5@H1,wick_touch,with_daily,pullback,old,retested_2plus,104,596.8942307692307,1.6923076923076923,3.4764472936206996
M5@H1,wick_touch,with_daily,pullback,young,retested_1,2,13.5,3.0,1.883982394891265
M5@H1,wick_touch,with_daily,pullback,young,retested_2plus,787,25.570520965692502,2.0838627700127064,3.592720273958527
M5@H1,wick_touch,with_daily,push,fresh,retested_1,1,6.0,3.0,2.3915607985481135
M5@H1,wick_touch,with_daily,push,fresh,retested_2plus,66,7.515151515151516,2.803030303030303,2.560576808001449
M5@H1,wick_touch,with_daily,push,mature,retested_1,1,60.0,2.0,8.352024922118622
M5@H1,wick_touch,with_daily,push,mature,retested_2plus,104,105.14423076923077,2.5961538461538463,2.7170482995554175
M5@H1,wick_touch,with_daily,push,old,retested_2plus,3,1250.3333333333333,1.0,3.314475686301094
M5@H1,wick_touch,with_daily,push,young,retested_1,3,23.333333333333332,3.0,1.4406282617824644
M5@H1,wick_touch,with_daily,push,young,retested_2plus,201,24.01492537313433,2.8407960199004973,2.0658533558584606
M5@H1,wick_touch,with_daily,reversal,mature,retested_2plus,35,91.88571428571429,1.7428571428571429,7.256194929463098
M5@H1,wick_touch,with_daily,reversal,old,retested_2plus,29,1412.0344827586207,2.0,4.348610699446388
M5@H1,wick_touch,with_daily,reversal,young,retested_2plus,23,42.52173913043478,1.173913043478261,7.765891997947032
