tf_pair,touch_type,bias_filter,zone_role_filter,age_filter,direction,entry_mode,sl_mode,tp_mode,tp_htf,fixed_rr,sl_atr_mult,partial_tp,partial_unit1_pct,partial_unit1_rr,partial_unit2_tp,cascade_filter,session_filter,touch_policy,retest_number_filter,total_candidates,passed_filters,num_trades,total_trades,wins,losses,win_rate,tp_hits,sl_hits,total_pnl_pips,avg_pnl_pips,median_pnl_pips,std_pnl_pips,avg_win_pips,avg_loss_pips,largest_win_pips,largest_loss_pips,total_r,avg_r,median_r,std_r,avg_win_r,avg_loss_r,largest_win_r,largest_loss_r,sharpe,sortino,sqn,calmar,max_dd_pips,max_dd_r,profit_factor,expectancy_pips,expectancy_r,gross_profit_pips,gross_loss_pips,max_win_streak,max_loss_streak,avg_hold_hours,avg_win_hold_hours,avg_loss_hold_hours,long_trades,long_wins,long_win_rate,long_avg_r,short_trades,short_wins,short_win_rate,short_avg_r,signal_type_wick_touch_n,signal_type_wick_touch_wr,struct_cls_none_n,struct_cls_none_wr,zone_tf_m15_n,zone_tf_m15_wr,exit_reason_partial_full_n,exit_reason_partial_full_wr,exit_reason_sl_hit_n,exit_reason_sl_hit_wr,exit_reason_partial_be_n,exit_reason_partial_be_wr,zone_tf_h1_n,zone_tf_h1_wr,zone_tf_h4_n,zone_tf_h4_wr
M5@M15,wick_touch,any,any,any,both,limit,zone,fixed_rr,H4,2.0,1.5,True,0.5,3.0,H1,none,any,until_broken,any,283087,59977,2070,2070,1265,805,0.6111111111111112,0,805,194931.8983392855,94.16999919772246,41.24424107143568,304.39959898109925,186.56059383116855,-51.01522094054993,5256.631607142859,-271.5121428571438,4080.2182302515434,1.971119917995914,1.5,5.427044400127646,3.8618325930842223,-1.0,57.40716046042085,-1.0,0.3632032046668998,0.0,16.524747971216783,480.0256741472404,751.9058928571321,8.5,5.746650549462833,94.16999919772249,1.9711199179959138,235999.1511964282,41067.252857142696,12,7,1.7033011272141707,2.724901185770751,0.09792960662525879,1094,635,0.5804387568555759,1.640297941524107,976,630,0.6454918032786885,2.3419388137542696,2070,0.6111111111111112,2070,0.6111111111111112,2070.0,0.6111111111111112,211,1.0,805,0.0,1054,1.0,,,,
M5@M15,wick_touch,any,any,any,both,limit,zone,fixed_rr,H4,2.0,1.5,True,0.7,3.0,H1,none,any,until_broken,any,283087,59977,2070,2070,1265,805,0.6111111111111112,0,805,175985.54021785688,85.01716918737047,57.74193750000995,210.1249432965334,171.58323563241075,-51.01522094054993,3375.0896785714376,-271.5121428571438,3644.1309381508604,1.7604497285753262,2.0999999999999996,3.66486145409586,3.517099555850534,-1.0,35.64429627625251,-1.0,0.48035914880434083,0.0,21.855021562763643,461.28239723428084,751.9058928571321,7.900000000000091,5.285301011734178,85.0171691873705,1.7604497285753267,217052.7930749996,41067.252857142696,12,7,1.7033011272141707,2.724901185770751,0.09792960662525879,1094,635,0.5804387568555759,1.5128807758833729,976,630,0.6454918032786885,2.037950173498446,2070,0.6111111111111112,2070,0.6111111111111112,2070.0,0.6111111111111112,211,1.0,805,0.0,1054,1.0,,,,
M5@M15,wick_touch,any,any,any,both,limit,zone,fixed_rr,H4,2.0,1.5,True,0.5,2.0,H1,none,any,until_broken,any,283087,59977,2093,2093,1360,733,0.6497849976110845,0,733,171900.949392857,82.13136616954468,30.205357142855064,294.30558560831884,153.84475296743676,-50.92484944455248,5164.502142857142,-271.5121428571438,3610.943308341731,1.7252476389592593,1.0,5.274760304224192,3.1940759620159778,-1.0,56.90716046042085,-1.0,0.327076026104471,0.0,14.96350478002558,515.8490440488188,751.9058928571321,7.0,5.605158124624887,82.13136616954469,1.725247638959259,209228.86403571398,37327.914642856966,17,6,1.683349259436216,2.5440563725490195,0.08640291041382446,1107,680,0.6142728093947606,1.4026930336563257,986,680,0.6896551724137931,2.08738551732675,2093,0.6497849976110845,2093,0.6497849976110845,2093.0,0.6497849976110845,211,1.0,733,0.0,1149,1.0,,,,
M5@M15,wick_touch,against_daily,any,any,both,limit,zone,fixed_rr,H4,2.0,1.5,True,0.5,3.0,H1,none,any,until_broken,any,283087,18468,830,830,497,333,0.5987951807228916,0,333,73703.19769642835,88.79903336919078,40.60928571429395,255.00908338709473,181.565084471112,-49.65360145860153,2040.3728035714303,-173.52160714285856,1591.7434568946053,1.917763201077838,1.5,5.222125316613649,3.872723253309066,-1.0,44.693939393939395,-1.0,0.36723806588414754,0.0,10.580026065114087,227.39192241351503,471.442321428578,7.0,5.4574999096053896,88.7990333691908,1.9177632010778387,90237.84698214266,16534.64928571431,13,6,1.3451807228915662,2.1834339369550637,0.0940940940940941,436,243,0.5573394495412844,1.5175626097177841,394,254,0.6446700507614214,2.360624769181858,830,0.5987951807228916,830,0.5987951807228916,830.0,0.5987951807228916,85,1.0,333,0.0,412,1.0,,,,
M5@M15,wick_touch,with_daily,any,any,both,limit,zone,fixed_rr,H4,2.0,1.5,True,0.5,3.0,H1,none,any,until_broken,any,283087,20364,933,933,558,375,0.5980707395498392,0,375,90856.00894642863,97.38050262211,39.793392857136496,335.2049128067552,198.18223601510493,-52.61247666666647,5256.631607142859,-271.5121428571438,1704.2367045088156,1.8266202620673275,1.5,5.035924529558776,3.726230653241607,-1.0,40.82423847339213,-1.0,0.36271795801264073,0.0,11.079237691353779,200.49843582456654,751.9058928571321,8.5,5.605042489423654,97.38050262211,1.8266202620673277,110585.68769642855,19729.678749999926,9,7,1.5850303679885673,2.585125448028674,0.09688888888888887,504,294,0.5833333333333334,1.689296154595514,429,264,0.6153846153846154,1.987952080635612,933,0.5980707395498392,933,0.5980707395498392,933.0,0.5980707395498392,98,1.0,375,0.0,460,1.0,,,,
M5@M15,wick_touch,any,any,any,both,limit,zone,fixed_rr,H4,2.0,1.5,True,0.5,3.0,H1,none,any,until_broken,4-10,283087,15923,1027,1027,662,365,0.6445959104186952,0,365,110645.86648214314,107.73696833704298,44.894732142849534,344.65572865581026,195.46747445511448,-51.379730430527744,5256.631607142859,-242.4421428571368,2216.628400381838,2.158352872815812,1.5,5.560133370229861,3.899740786075285,-1.0,47.0361771300613,-1.0,0.38818365120018394,0.0,12.440059639314514,295.5504533842451,764.0267857142753,7.5,6.899979577256339,107.736968337043,2.158352872815812,129399.46808928579,18753.601607142627,13,5,1.9528562155144433,2.975956696878147,0.09726027397260274,527,323,0.6129032258064516,1.903473272606957,500,339,0.678,2.426995971435945,1027,0.6445959104186952,1027,0.6445959104186952,1027.0,0.6445959104186952,118,1.0,365,0.0,544,1.0,,,,
M5@M15,wick_touch,any,any,any,both,limit,zone,fixed_rr,H4,2.0,1.5,True,0.5,3.0,H4,none,any,until_broken,any,283087,59977,1607,1607,967,640,0.6017423771001866,0,640,168118.77223214292,104.6165353031381,42.25392857143743,408.15976141186565,208.3178010969123,-52.069595982142644,5832.832160714301,-271.5121428571438,3340.6435047477753,2.07880740805711,1.5,7.889534478643479,4.116487595395839,-1.0,111.35375347540419,-1.0,0.26348923547825587,0.0,10.562599565502596,393.016882911503,751.9058928571321,8.5,6.044893793737362,104.61653530313806,2.07880740805711,201443.3136607142,33324.54142857129,11,7,3.2378137315909563,5.315667011375388,0.09830729166666666,837,475,0.5675029868578255,1.6797831835328985,770,492,0.638961038961039,2.5125519222477126,1607,0.6017423771001866,1607,0.6017423771001866,1607.0,0.6017423771001866,114,1.0,640,0.0,853,1.0,,,,
M5@M15,wick_touch,any,any,any,both,limit,zone,fixed_rr,H4,2.0,1.5,True,0.7,3.0,H4,none,any,until_broken,any,283087,59977,1607,1607,967,640,0.6017423771001866,0,640,148808.67012500006,92.60029254822655,59.155500000012395,268.76400139133847,188.34871929014616,-52.069595982142644,3605.6843678571668,-271.5121428571438,2908.7861028486245,1.810072248194565,2.0999999999999996,5.037626815414219,3.6698925572375036,-1.0,68.01225208524252,-1.0,0.3593105076096693,0.0,14.403825661681003,368.2007725124799,751.9058928571321,7.900000000000091,5.4654378948907825,92.60029254822652,1.8100722481945646,182133.21155357134,33324.54142857129,11,7,3.2378137315909563,5.315667011375388,0.09830729166666666,837,475,0.5675029868578255,1.5158746890922579,770,492,0.638961038961039,2.129868815686277,1607,0.6017423771001866,1607,0.6017423771001866,1607.0,0.6017423771001866,114,1.0,640,0.0,853,1.0,,,,
M5@M15,wick_touch,any,any,any,both,limit,zone,fixed_rr,H4,2.0,1.5,True,0.5,2.0,H4,none,any,until_broken,any,283087,59977,1627,1627,1045,582,0.6422864167178857,0,582,148903.24221428583,91.52012428659239,30.857142857144936,398.34122822593713,171.60844213943946,-52.28106498527219,5788.671714285723,-271.5121428571438,2983.7673855067706,1.8339074280926684,1.0,7.750961036517033,3.4122175937863837,-1.0,110.85375347540419,-1.0,0.23660387653254825,0.0,9.543674799200941,426.25248364382435,751.9058928571321,7.0,5.893693257503895,91.52012428659239,1.8339074280926682,179330.82203571423,30427.579821428415,14,6,3.1964249129276787,4.928628389154706,0.08619702176403207,848,511,0.6025943396226415,1.4442034496315936,779,534,0.6854942233632862,2.25812947396557,1627,0.6422864167178857,1627,0.6422864167178857,1627.0,0.6422864167178857,116,1.0,582,0.0,929,1.0,,,,
M5@M15,wick_touch,against_daily,any,any,both,limit,zone,fixed_rr,H4,2.0,1.5,True,0.5,3.0,H4,none,any,until_broken,any,283087,18468,758,758,446,312,0.5883905013192612,0,312,68412.41739285697,90.25384880324138,39.018080357145664,373.5159460578782,188.17916655989717,-49.72913747710633,3729.280035714277,-173.52160714285856,1428.3272187769298,1.8843367002334164,1.5,8.356494490950638,3.9020789658675556,-1.0,135.5776784026963,-1.0,0.22549368066645534,0.0,6.208246871343233,204.0467455395614,471.442321428578,7.0,5.409297641001601,90.25384880324137,1.8843367002334164,83927.90828571413,15515.490892857175,10,6,2.725153913808267,4.565582959641255,0.09428418803418803,402,221,0.5497512437810945,1.307683683823629,356,225,0.6320224719101124,2.535501061460199,758,0.5883905013192612,758,0.5883905013192612,758.0,0.5883905013192612,37,1.0,312,0.0,409,1.0,,,,
M5@M15,wick_touch,with_daily,any,any,both,limit,zone,fixed_rr,H4,2.0,1.5,True,0.5,3.0,H4,none,any,until_broken,any,283087,20364,847,847,514,333,0.6068476977567887,0,333,90408.85355357153,106.74008684010806,41.39223214286176,401.4605970915376,211.2205221303503,-54.530014478764365,5439.876607142862,-271.5121428571438,1684.5637803653885,1.9888592448233637,1.5,6.984195186877054,3.9252213625785783,-1.0,85.40573048287187,-1.0,0.28476570193231837,0.0,8.287611521570257,210.57047254567357,751.9058928571321,8.0,5.978873769145313,106.74008684010806,1.9888592448233642,108567.34837500006,18158.494821428532,9,7,2.6520070838252656,4.307879377431907,0.0960960960960961,461,272,0.5900216919739696,1.7941479043030115,386,242,0.6269430051813472,2.2214030996935255,847,0.6068476977567887,847,0.6068476977567887,847.0,0.6068476977567887,67,1.0,333,0.0,447,1.0,,,,
M5@M15,wick_touch,any,any,any,both,limit,zone,fixed_rr,H4,2.0,1.5,True,0.5,3.0,H4,none,any,until_broken,4-10,283087,15923,905,905,583,322,0.6441988950276243,0,322,106442.49619642884,117.61601789660645,44.953125,446.6283060803096,211.3494510230338,-52.09389363353992,5832.832160714301,-242.4421428571368,2014.1508434859477,2.2255810425259086,1.5,7.6359676525703195,4.0071198001474215,-1.0,87.41616515051099,-1.0,0.29146025019851446,0.0,8.768062219694354,402.83016869718955,594.2321428571449,5.0,7.345595142098802,117.61601789660644,2.2255810425259077,123216.7299464287,16774.233749999854,13,5,3.5447513812154696,5.449113779302459,0.09679089026915114,463,286,0.6177105831533477,1.9918531766001741,442,297,0.6719457013574661,2.4704136260635003,905,0.6441988950276243,905,0.6441988950276243,905.0,0.6441988950276243,69,1.0,322,0.0,514,1.0,,,,
M5@H1,wick_touch,any,any,any,both,limit,zone,fixed_rr,H4,2.0,1.5,True,0.5,3.0,H4,none,any,until_broken,any,216016,27702,428,428,280,148,0.6542056074766355,0,148,60824.482035714114,142.11327578437877,51.652499999985594,464.0029198924772,250.06586760204036,-62.12135738417021,5464.721607142863,-211.26232142857043,1091.326905171988,2.549829217691562,1.5,7.271572780553617,4.426167518471388,-1.0,42.71355857833563,-1.0,0.35065718169122584,0.0,7.254452183498013,272.831726292997,399.78678571428463,4.0,7.615699451470235,142.11327578437874,2.549829217691562,70018.4429285713,9193.96089285719,9,4,3.7609034267912773,5.697619047619047,0.09684684684684684,241,162,0.6721991701244814,2.404694455577964,187,118,0.6310160427807486,2.7368745528219205,428,0.6542056074766355,428,0.6542056074766355,,,36,1.0,148,0.0,244,1.0,428.0,0.6542056074766355,,
M5@H1,wick_touch,any,any,any,both,limit,zone,fixed_rr,H4,2.0,1.5,True,0.7,3.0,H4,none,any,until_broken,any,216016,27702,428,428,280,148,0.6542056074766355,0,148,52452.06522142834,122.5515542556737,72.31349999997983,308.45076646863606,220.1643789795912,-62.12135738417021,3499.94367857144,-211.26232142857043,931.5961431031969,2.176626502577554,2.0999999999999996,4.68808054665899,3.855700511082833,-1.0,26.828135147001376,-1.0,0.4642894849852248,0.0,9.605295553570322,232.89903577579923,399.78678571428463,4.0,6.7050563769722435,122.5515542556737,2.176626502577554,61646.02611428553,9193.96089285719,9,4,3.7609034267912773,5.697619047619047,0.09684684684684684,241,162,0.6721991701244814,2.1183353455459546,187,118,0.6310160427807486,2.251750400142356,428,0.6542056074766355,428,0.6542056074766355,,,36,1.0,148,0.0,244,1.0,428.0,0.6542056074766355,,
M5@H1,wick_touch,any,any,any,both,limit,zone,fixed_rr,H4,2.0,1.5,True,0.5,2.0,H4,none,any,until_broken,any,216016,27702,432,432,296,136,0.6851851851851852,0,136,54651.270785714114,126.50757126322712,36.99124999999913,452.07575034393363,212.7004442567564,-61.08868172268959,5372.5921428571455,-211.26232142857043,978.8269051719882,2.265803021231455,1.0,7.14049356746817,3.766307112067529,-1.0,42.21355857833563,-1.0,0.31731742348377306,0.0,6.595318795208935,244.70672629299705,348.51535714285274,4.0,7.57810199818843,126.50757126322713,2.2658030212314553,62959.3314999999,8308.060714285784,9,4,3.7255015432098766,5.3975225225225225,0.08639705882352941,242,172,0.7107438016528925,2.1364932388193774,190,124,0.6526315789473685,2.4305028493563112,432,0.6851851851851852,432,0.6851851851851852,,,36,1.0,136,0.0,260,1.0,432.0,0.6851851851851852,,
M5@H1,wick_touch,against_daily,any,any,both,limit,zone,fixed_rr,H4,2.0,1.5,True,0.5,3.0,H4,none,any,until_broken,any,216016,9063,142,142,90,52,0.6338028169014085,0,52,19382.823089285692,136.49875414989924,53.672008928569994,385.6477757823687,249.91580416666616,-59.799986263735825,2354.8145357142857,-140.7766071428632,380.4262500941336,2.6790580992544624,1.5,8.499477338870925,4.80473611215704,-1.0,61.306814310060886,-1.0,0.3152026874643506,0.0,3.756073515552427,76.08525001882671,362.75044642857756,5.0,7.2332221319743235,136.49875414989924,2.6790580992544624,22492.422374999955,3109.599285714263,8,5,3.9143192488262915,6.121296296296296,0.09455128205128203,83,54,0.6506024096385542,2.6105675009652183,59,36,0.6101694915254238,2.775409279898653,142,0.6338028169014085,142,0.6338028169014085,,,11,1.0,52,0.0,79,1.0,142.0,0.6338028169014085,,
M5@H1,wick_touch,with_daily,any,any,both,limit,zone,fixed_rr,H4,2.0,1.5,True,0.5,3.0,H4,none,any,until_broken,any,216016,8717,175,175,106,69,0.6057142857142858,0,69,29980.209357142783,171.3154820408159,55.808303571422584,597.4233184562328,327.52693969002615,-68.66153985507233,5464.721607142863,-210.6769642857107,447.11969557065163,2.554969688975152,1.5,7.503080293792678,4.8690537317986,-1.0,41.6665302689941,-1.0,0.34052277050651936,0.0,4.504692832574851,74.51994926177527,544.6962499999936,6.0,7.328081029085454,171.3154820408159,2.5549696889751523,34717.855607142774,4737.646249999991,11,5,3.961904761904762,6.476415094339623,0.09903381642512077,98,64,0.6530612244897959,2.510354907711264,77,42,0.5454545454545454,2.6117521378564637,175,0.6057142857142858,175,0.6057142857142858,,,17,1.0,69,0.0,89,1.0,175.0,0.6057142857142858,,
M5@H1,wick_touch,any,any,any,both,limit,zone,fixed_rr,H4,2.0,1.5,True,0.5,3.0,H4,none,any,until_broken,4-10,216016,4076,111,111,68,43,0.6126126126126126,0,43,15706.519714285714,141.5001776061776,44.857232142858265,462.17105363758566,266.7169705882353,-56.517076411960154,3416.887589285703,-182.379821428578,235.29306586398405,2.1197573501259823,1.5,6.134642326468738,4.09254508623506,-1.0,33.72888053930534,-1.0,0.34553886556352353,0.0,3.6404778457308145,47.05861317279681,388.6841071428498,5.0,7.462965240270777,141.5001776061776,2.1197573501259828,18136.754,2430.2342857142867,8,5,2.56006006006006,4.118872549019607,0.09496124031007751,69,43,0.6231884057971014,1.403163812832166,42,25,0.5952380952380952,3.2970181613943956,111,0.6126126126126126,111,0.6126126126126126,,,9,1.0,43,0.0,59,1.0,111.0,0.6126126126126126,,
M5@H1,wick_touch,any,any,any,both,limit,zone,fixed_rr,H4,2.0,1.5,True,0.5,3.0,D1,none,any,until_broken,any,216016,27702,400,400,266,134,0.665,0,134,57351.91894642846,143.37979736607113,52.10343749999083,509.32839439051367,247.4263265977441,-63.16032782516017,4808.572589285701,-211.26232142857043,1155.5139008566814,2.888784752141703,1.5,12.006318524842788,4.84779661976196,-1.0,154.3267045503355,-1.0,0.24060537342603353,0.0,4.81210746852067,288.87847521417035,399.78678571428463,4.0,7.776396036248964,143.37979736607116,2.8887847521417034,65815.40287499993,8463.483928571462,10,4,4.837291666666667,7.2258771929824555,0.09577114427860696,235,155,0.6595744680851063,2.730802562417177,165,111,0.6727272727272727,3.11378968902209,400,0.665,400,0.665,,,36,1.0,134,0.0,230,1.0,400.0,0.665,,
M5@H1,wick_touch,any,any,any,both,limit,zone,fixed_rr,H4,2.0,1.5,True,0.7,3.0,D1,none,any,until_broken,any,216016,27702,400,400,266,134,0.665,0,134,49852.17143928558,124.63042859821395,72.59868749998131,331.1111413146796,219.23178709720693,-63.16032782516017,3148.6474821428365,-211.26232142857043,958.9083405140123,2.397270851285022,2.0999999999999996,7.414436927446424,4.108677971857177,-1.0,93.79602273020132,-1.0,0.3233247345339083,0.0,6.466494690678166,239.72708512850306,399.78678571428463,4.0,6.890265977937533,124.63042859821397,2.397270851285023,58315.65536785704,8463.483928571462,10,4,4.837291666666667,7.2258771929824555,0.09577114427860696,235,155,0.6595744680851063,2.2938006863864824,165,111,0.6727272727272727,2.544637449776892,400,0.665,400,0.665,,,36,1.0,134,0.0,230,1.0,400.0,0.665,,
M5@H1,wick_touch,any,any,any,both,limit,zone,fixed_rr,H4,2.0,1.5,True,0.5,2.0,D1,none,any,until_broken,any,216016,27702,404,404,281,123,0.6955445544554455,0,123,51110.326892857,126.51071013083417,37.14428571428289,498.7387306891227,209.15125610066062,-62.28598432055795,4698.779285714278,-211.26232142857043,1043.0139008566814,2.581717576377924,1.0,11.883796529329278,4.1495156614116775,-1.0,153.8267045503355,-1.0,0.21724686803634094,0.0,4.3666080056865795,260.75347521417035,348.51535714285274,4.0,7.671342156391158,126.51071013083416,2.581717576377924,58771.50296428563,7661.176071428628,10,4,4.7885726072607255,6.846975088967971,0.08604336043360433,237,166,0.70042194092827,2.44615443952758,167,115,0.688622754491018,2.7741035849619453,404,0.6955445544554455,404,0.6955445544554455,,,39,1.0,123,0.0,242,1.0,404.0,0.6955445544554455,,
M5@H1,wick_touch,against_daily,any,any,both,limit,zone,fixed_rr,H4,2.0,1.5,True,0.5,3.0,D1,none,any,until_broken,any,216016,9063,138,138,87,51,0.6304347826086957,0,51,17961.83248214283,130.15820639233934,53.124508928562136,452.14796810972393,241.8590350985216,-60.39026610644214,3681.6145357142814,-140.7766071428632,342.12275643423555,2.4791504089437364,1.5,9.12766506840519,4.518652372807305,-1.0,61.306814310060886,-1.0,0.27160838948014776,0.0,3.1906761318830137,68.4245512868471,362.75044642857756,5.0,6.831946379350963,130.15820639233937,2.4791504089437364,21041.736053571378,3079.903571428549,7,5,6.332125603864735,9.988505747126437,0.09477124183006536,80,52,0.65,2.9637043890559434,58,35,0.603448275862069,1.8108000915475875,138,0.6304347826086957,138,0.6304347826086957,,,11,1.0,51,0.0,76,1.0,138.0,0.6304347826086957,,
M5@H1,wick_touch,with_daily,any,any,both,limit,zone,fixed_rr,H4,2.0,1.5,True,0.5,3.0,D1,none,any,until_broken,any,216016,8717,171,171,104,67,0.6081871345029239,0,67,30579.823928571335,178.82937969924757,53.76535714286001,614.8494941183318,338.5834117445046,-69.1470282515991,4808.572589285701,-210.6769642857107,594.9811998984208,3.479422221628191,1.5,15.144211375888947,6.365203845177121,-1.0,154.3267045503355,-1.0,0.22975261869150668,0.0,3.0044053406703353,99.16353331640346,544.6962499999936,6.0,7.6006492839471385,178.82937969924757,3.4794222216281905,35212.674821428474,4632.850892857139,11,5,3.9000974658869394,6.3485576923076925,0.09950248756218905,97,64,0.6597938144329897,3.1476327021596497,74,40,0.5405405405405406,3.9143355106612803,171,0.6081871345029239,171,0.6081871345029239,,,22,1.0,67,0.0,82,1.0,171.0,0.6081871345029239,,
M5@H1,wick_touch,any,any,any,both,limit,zone,fixed_rr,H4,2.0,1.5,True,0.5,3.0,D1,none,any,until_broken,4-10,216016,4076,105,105,63,42,0.6,0,42,10848.977196428546,103.32359234693854,42.95089285715221,498.7384442929024,209.84473157596338,-56.45811649659871,4808.572589285701,-182.379821428578,116.57313479130852,1.1102203313457955,1.5,3.5755426658828546,2.5170338855763257,-1.0,21.89829631165807,-1.0,0.31050400878705936,0.0,3.1817192906740837,23.314626958261705,388.6841071428498,5.0,5.575231993134381,103.32359234693853,1.1102203313457952,13220.218089285692,2371.240892857146,5,5,4.984920634920635,8.244708994708994,0.09523809523809523,64,39,0.609375,1.5245802311141956,41,24,0.5853658536585366,0.4634146341463415,105,0.6,105,0.6,,,8,1.0,42,0.0,55,1.0,105.0,0.6,,
M15@H1,wick_touch,any,any,any,both,limit,zone,fixed_rr,H4,2.0,1.5,True,0.5,3.0,H4,none,any,until_broken,any,254225,47299,1420,1420,884,536,0.6225352112676056,0,536,175976.7661785713,123.92730012575444,38.39584821428434,428.41147621918503,237.11338186813168,-62.74526752398718,5821.39060714285,-257.9460714285742,2810.4983145989613,1.9792241652105358,1.5,5.26422226874163,3.7856315776006344,-1.0,37.56805232037421,-1.0,0.37597655725195156,0.0,14.167882257991229,295.84192785252225,1456.9062499998836,9.5,6.2325039836341585,123.9273001257544,1.9792241652105358,209608.2295714284,33631.46339285713,17,8,6.052816901408451,9.548076923076923,0.28824626865671643,847,528,0.6233766233766234,1.9587881591542229,573,356,0.6212914485165794,2.0094323626445614,1420,0.6225352112676056,1420,0.6225352112676056,,,147,1.0,536,0.0,737,1.0,1420.0,0.6225352112676056,,
M15@H1,wick_touch,any,any,any,both,limit,zone,fixed_rr,H4,2.0,1.5,True,0.7,3.0,H4,none,any,until_broken,any,254225,47299,1420,1420,884,536,0.6225352112676056,0,536,158199.1068499998,111.40782172535198,52.966874999996065,296.62939161192946,217.00290751454406,-62.74526752398718,3722.0250749999996,-257.9460714285742,2532.698988759342,1.7835908371544906,2.0999999999999996,3.569170869484044,3.4713789465603817,-1.0,23.740831392224525,-1.0,0.49972133651654643,0.0,18.830942836757657,284.5729200853164,1404.2758928570838,8.900000000000091,5.703901968286019,111.40782172535198,1.7835908371544908,191830.57024285695,33631.46339285713,17,8,6.052816901408451,9.548076923076923,0.28824626865671643,847,528,0.6233766233766234,1.7726754928951207,573,356,0.6212914485165794,1.7997257352132714,1420,0.6225352112676056,1420,0.6225352112676056,,,147,1.0,536,0.0,737,1.0,1420.0,0.6225352112676056,,
M15@H1,wick_touch,any,any,any,both,limit,zone,fixed_rr,H4,2.0,1.5,True,0.5,2.0,H4,none,any,until_broken,any,254225,47299,1435,1435,937,498,0.6529616724738676,0,498,155222.05846428563,108.16868185664504,28.439464285715076,413.6117744966315,198.0713087742033,-60.985457544463536,5740.071142857138,-251.54785714286845,2455.2471071220516,1.710973593813276,1.0,5.125137386250926,3.15181121357743,-1.0,37.06805232037421,-1.0,0.3338395568484195,0.0,12.646307735601527,306.90588839025645,1014.0535714285215,8.0,6.110905009167536,108.16868185664504,1.7109735938132764,185592.8163214285,30370.757857142842,18,7,5.970034843205575,9.005602988260405,0.25853413654618473,851,556,0.6533490011750881,1.6939994956564357,584,381,0.6523972602739726,1.7357081101342868,1435,0.6529616724738676,1435,0.6529616724738676,,,149,1.0,498,0.0,788,1.0,1435.0,0.6529616724738676,,
M15@H1,wick_touch,against_daily,any,any,both,limit,zone,fixed_rr,H4,2.0,1.5,True,0.5,3.0,H4,none,any,until_broken,any,254225,15273,595,595,362,233,0.6084033613445378,0,233,70986.16178571421,119.30447358943564,37.76410714285521,395.8687089640016,236.1867812746643,-62.28949800735744,3329.4448928571437,-257.9460714285742,1134.830155745784,1.9072775726819897,1.5,5.369017412585515,3.7785363418391817,-1.0,35.36252756872063,-1.0,0.355237732738795,0.0,8.66517967632713,141.853769468223,470.69589285715483,8.0,5.891059461248368,119.30447358943562,1.9072775726819895,85499.61482142848,14513.453035714283,13,8,4.311344537815126,6.901243093922652,0.2875536480686695,318,196,0.6163522012578616,2.0688919517801354,277,166,0.5992779783393501,1.72174193169567,595,0.6084033613445378,595,0.6084033613445378,,,53,1.0,233,0.0,309,1.0,595.0,0.6084033613445378,,
M15@H1,wick_touch,with_daily,any,any,both,limit,zone,fixed_rr,H4,2.0,1.5,True,0.5,3.0,H4,none,any,until_broken,any,254225,14011,566,566,339,227,0.598939929328622,0,227,72957.79612500005,128.90069986749126,32.707901785718605,451.8438511794831,260.31481526548686,-67.35209801762112,5610.532625,-245.3757142857139,1097.9168993465928,1.9397825076794926,1.5,5.03326276686924,3.9083094376005687,-1.0,30.55093536919856,-1.0,0.3853926563198417,0.0,9.16878207520602,104.56351422348503,1523.1651785714057,10.5,5.77193721338018,128.90069986749128,1.9397825076794926,88246.72237500004,15288.926249999993,11,8,6.059187279151944,9.914454277286136,0.30176211453744495,368,220,0.5978260869565217,1.866220438267598,198,119,0.601010101010101,2.0765039296167527,566,0.598939929328622,566,0.598939929328622,,,71,1.0,227,0.0,268,1.0,566.0,0.598939929328622,,
M15@H1,wick_touch,any,any,any,both,limit,zone,fixed_rr,H4,2.0,1.5,True,0.5,3.0,H4,none,any,until_broken,4-10,254225,10508,610,610,377,233,0.6180327868852459,0,233,85904.26128571425,140.8266578454332,39.049553571432625,522.9858458054451,263.8004202349373,-58.148056407112065,5821.39060714285,-262.1566071428606,1235.9233926596814,2.0261039223929203,1.5,5.17893622147753,3.896348521643717,-1.0,35.793340858036416,-1.0,0.39122009535287944,0.0,9.662423579766559,164.78978568795753,663.6988392856874,7.5,7.340501118310656,140.82665784543317,2.02610392239292,99452.75842857135,13548.497142857112,11,6,6.399180327868852,10.170424403183024,0.29721030042918456,347,212,0.6109510086455331,1.9911238945465997,263,165,0.6273764258555133,2.0722562785247582,610,0.6180327868852459,610,0.6180327868852459,,,71,1.0,233,0.0,306,1.0,610.0,0.6180327868852459,,
M15@H1,wick_touch,any,any,any,both,limit,zone,fixed_rr,H4,2.0,1.5,True,0.5,3.0,D1,none,any,until_broken,any,254225,47299,1198,1198,753,445,0.6285475792988314,0,445,143337.1517857141,119.64703821845917,37.5427232142838,510.0137817916985,226.40158081957864,-60.99604173354744,6807.6656071428515,-257.9460714285742,2187.9010320243387,1.8262946844944397,1.5,6.589754488416514,3.496548515304567,-1.0,68.23154896584803,-1.0,0.27714153656326723,0.0,9.592460720993401,312.55729028919126,495.9985714285722,7.0,6.280768225520185,119.64703821845919,1.8262946844944397,170480.39035714272,27143.238571428614,15,7,9.381469115191987,14.75531208499336,0.28820224719101123,753,468,0.6215139442231076,1.842120543432525,445,285,0.6404494382022472,1.7995151973475219,1198,0.6285475792988314,1198,0.6285475792988314,,,151,1.0,445,0.0,602,1.0,1198.0,0.6285475792988314,,
M15@H1,wick_touch,any,any,any,both,limit,zone,fixed_rr,H4,2.0,1.5,True,0.7,3.0,D1,none,any,until_broken,any,254225,47299,1198,1198,753,445,0.6285475792988314,0,445,131980.29028571403,110.16718721678967,51.32006249998976,339.20202821747813,211.3194274331244,-60.99604173354744,4279.7660785714215,-257.9460714285742,2038.3406192145796,1.701452937574794,2.0999999999999996,4.271827829750886,3.2979291091827405,-1.0,42.13892937950883,-1.0,0.398296234161201,0.0,13.785883663954921,291.1915170306542,495.9985714285722,7.0,5.862363418366684,110.1671872167897,1.7014529375747944,159123.52885714266,27143.238571428614,15,7,9.381469115191987,14.75531208499336,0.28820224719101123,753,468,0.6215139442231076,1.6996946368164823,445,285,0.6404494382022472,1.7044282195321165,1198,0.6285475792988314,1198,0.6285475792988314,,,151,1.0,445,0.0,602,1.0,1198.0,0.6285475792988314,,
M15@H1,wick_touch,any,any,any,both,limit,zone,fixed_rr,H4,2.0,1.5,True,0.5,2.0,D1,none,any,until_broken,any,254225,47299,1215,1215,800,415,0.6584362139917695,0,415,122566.51321428557,100.87778865373298,27.323571428569267,495.44919459280607,183.8844703124999,-59.13509165232371,6726.346142857139,-251.54785714286845,1844.901032024338,1.5184370633945175,1.0,6.452018275861838,2.8248762900304234,-1.0,67.73154896584803,-1.0,0.235342957578912,0.0,8.203314198152922,204.98900355825978,706.5753571428868,9.0,5.994344093241433,100.87778865373299,1.5184370633945177,147107.57624999993,24541.06303571434,16,7,9.227572016460906,13.880625,0.25783132530120484,762,498,0.6535433070866141,1.5263999595862094,453,302,0.6666666666666666,1.505042522780678,1215,0.6584362139917695,1215,0.6584362139917695,,,160,1.0,415,0.0,640,1.0,1215.0,0.6584362139917695,,
M15@H1,wick_touch,against_daily,any,any,both,limit,zone,fixed_rr,H4,2.0,1.5,True,0.5,3.0,D1,none,any,until_broken,any,254225,15273,557,557,343,214,0.6157989228007181,0,214,69718.46821428559,125.16780648884307,37.76410714285521,525.0601979116159,242.75056851311913,-63.294284045393844,4912.9548928571385,-257.9460714285742,1016.5905104447285,1.8251176130066937,1.5,6.610442917159589,3.5877274356989166,-1.0,55.46467986592808,-1.0,0.27609611577901955,0.0,6.5161023079431315,127.07381380559106,470.69589285715483,8.0,6.147182554629165,125.16780648884304,1.8251176130066937,83263.44499999986,13544.976785714283,12,8,6.88375224416517,10.99927113702624,0.28738317757009346,302,192,0.6357615894039735,1.9803614880199327,255,151,0.592156862745098,1.6412601610302302,557,0.6157989228007181,557,0.6157989228007181,,,41,1.0,214,0.0,302,1.0,557.0,0.6157989228007181,,
M15@H1,wick_touch,with_daily,any,any,both,limit,zone,fixed_rr,H4,2.0,1.5,True,0.5,3.0,D1,none,any,until_broken,any,254225,14011,541,541,324,217,0.5988909426987061,0,217,69411.04223214292,128.3013719632956,30.614999999994325,480.01468678593994,258.72275380291023,-66.42917050691241,4448.123160714291,-245.3757142857139,1299.4349958024686,2.401913116085895,1.5,10.41353319420429,4.680354925316264,-1.0,158.54136202741626,-1.0,0.2306530426601697,0.0,5.364852925646815,123.75571388594939,1523.1651785714057,10.5,5.815152012652189,128.3013719632956,2.401913116085896,83826.17223214291,14415.129999999994,13,8,8.317005545286506,13.691358024691358,0.2926267281105991,357,215,0.6022408963585434,2.439968193903975,184,109,0.592391304347826,2.3280779922758184,541,0.5988909426987061,541,0.5988909426987061,,,90,1.0,217,0.0,234,1.0,541.0,0.5988909426987061,,
M15@H1,wick_touch,any,any,any,both,limit,zone,fixed_rr,H4,2.0,1.5,True,0.5,3.0,D1,none,any,until_broken,4-10,254225,10508,557,557,350,207,0.6283662477558348,0,207,76627.56326785701,137.5719268722747,38.99491071428565,596.6030578110363,252.39031954081605,-56.56545203588689,6807.6656071428515,-262.1566071428606,1293.1600022259959,2.321651709561931,1.5,9.449099463931777,4.286171434931417,-1.0,158.54136202741626,-1.0,0.2457008436014378,0.0,5.798748126309437,172.42133363013278,663.6988392856874,7.5,7.544303134486693,137.57192687227476,2.321651709561931,88336.61183928562,11709.048571428586,11,6,10.583034111310592,16.66857142857143,0.29347826086956524,317,192,0.6056782334384858,2.612601287648577,240,158,0.6583333333333333,1.9373558085058198,557,0.6283662477558348,557,0.6283662477558348,,,80,1.0,207,0.0,270,1.0,557.0,0.6283662477558348,,
H1@H4,wick_touch,any,any,any,both,limit,zone,fixed_rr,H4,2.0,1.5,True,0.5,3.0,D1,none,any,until_broken,any,143219,24230,701,701,463,238,0.6604850213980028,0,238,145473.7579821431,207.52319255655223,49.21607142857283,666.1193202314714,363.2635327445238,-95.45066251500585,6868.1313214285765,-473.7232142857101,1683.7962427706666,2.401991787119353,1.5,6.835536974435748,4.150747824558675,-1.0,74.90907516952286,-1.0,0.35139767308736264,0.0,9.303746964556824,280.63270712844445,1096.906249999989,6.0,7.403667204926975,207.5231925565522,2.4019917871193526,168191.0156607145,22717.25767857139,11,6,41.074179743223965,59.09287257019439,6.0210084033613445,418,273,0.65311004784689,2.382844405676819,283,190,0.6713780918727915,2.4302730784373,701,0.6604850213980028,701,0.6604850213980028,,,99,1.0,238,0.0,364,1.0,,,701.0,0.6604850213980028
H1@H4,wick_touch,any,any,any,both,limit,zone,fixed_rr,H4,2.0,1.5,True,0.7,3.0,D1,none,any,until_broken,any,143219,24230,701,701,463,238,0.6604850213980028,0,238,134164.60793214318,191.3903108875081,64.68374999999651,464.2679621182449,338.8377227013274,-95.45066251500585,4312.856935714296,-473.7232142857101,1470.677745662391,2.0979711065084166,2.0999999999999996,4.429057468994109,3.6904486947352058,-1.0,46.145445101713726,-1.0,0.47368342388767665,0.0,12.541433978306971,245.11295761039852,1075.8473214285768,6.0,6.905845231429374,191.3903108875081,2.097971106508417,156881.86561071457,22717.25767857139,11,6,41.074179743223965,59.09287257019439,6.0210084033613445,418,273,0.65311004784689,2.0746827199611237,283,190,0.6713780918727915,2.132368794058854,701,0.6604850213980028,701,0.6604850213980028,,,99,1.0,238,0.0,364,1.0,,,701.0,0.6604850213980028
H1@H4,wick_touch,any,any,any,both,limit,zone,fixed_rr,H4,2.0,1.5,True,0.5,2.0,D1,none,any,until_broken,any,143219,24230,715,715,502,213,0.7020979020979021,0,213,127617.2770000002,178.4857020979024,39.96482142857349,638.0802033522813,294.0175687250999,-93.80066901408425,6788.140428571431,-473.7232142857101,1499.9236242161521,2.097795278623989,1.0,6.650894286303687,3.412198454613849,-1.0,74.40907516952286,-1.0,0.31541551982626137,0.0,8.434048218696555,214.2748034594503,1389.5101785714214,7.0,7.387397359073691,178.4857020979024,2.0977952786239893,147596.81950000016,19979.542499999945,15,6,39.64055944055944,54.22908366533864,5.258215962441315,428,298,0.6962616822429907,2.069290521071019,287,204,0.710801393728223,2.140304115671624,715,0.7020979020979021,715,0.7020979020979021,,,104,1.0,213,0.0,398,1.0,,,715.0,0.7020979020979021
H1@H4,wick_touch,against_daily,any,any,both,limit,zone,fixed_rr,H4,2.0,1.5,True,0.5,3.0,D1,none,any,until_broken,any,143219,8967,339,339,218,121,0.6430678466076696,0,121,60334.30471428571,177.97730004214074,38.86017857142815,567.530545104561,326.0850117955442,-88.86138724911505,4684.320607142861,-436.2357142857145,682.1791791251577,2.0123279620211143,1.5,5.272473171967092,3.684308161124577,-1.0,29.374273140778868,-1.0,0.38166679969475137,0.0,7.027231040057679,104.95064294233195,955.4024999999892,6.5,6.6113305554815245,177.97730004214074,2.0123279620211143,71086.53257142863,10752.227857142921,9,6,32.76106194690266,49.0045871559633,3.4958677685950414,175,114,0.6514285714285715,1.955360494688718,164,104,0.6341463414634146,2.073116418016051,339,0.6430678466076696,339,0.6430678466076696,,,39,1.0,121,0.0,179,1.0,,,339.0,0.6430678466076696
H1@H4,wick_touch,with_daily,any,any,both,limit,zone,fixed_rr,H4,2.0,1.5,True,0.5,3.0,D1,none,any,until_broken,any,143219,5893,260,260,166,94,0.6384615384615384,0,94,55406.07046428581,213.1002710164839,40.42486607142837,690.2099890908167,381.2957945352844,-83.9258662613979,6868.1313214285765,-404.0091071428469,677.784596009381,2.6068638308053105,1.5,9.772785853519382,4.649304795237234,-1.0,122.98617452942038,-1.0,0.26674725813893946,0.0,4.301170297536116,150.61879911319576,533.8187499999985,4.5,8.02317780908107,213.10027101648384,2.606863830805311,63295.10189285721,7889.031428571403,7,4,31.25,47.536144578313255,2.4893617021276597,156,99,0.6346153846153846,2.309626092480418,104,67,0.6442307692307693,3.05272043829265,260,0.6384615384615384,260,0.6384615384615384,,,30,1.0,94,0.0,136,1.0,,,260.0,0.6384615384615384
H1@H4,wick_touch,any,any,any,both,limit,zone,fixed_rr,H4,2.0,1.5,True,0.5,3.0,D1,none,any,until_broken,4-10,143219,5841,335,335,230,105,0.6865671641791045,0,105,72257.14641071438,215.69297436034145,40.64732142857065,687.4189722179437,359.1300806677023,-98.50259183673496,6868.1313214285765,-473.7232142857101,791.9657620347671,2.3640769015963192,1.5,6.603625648740719,3.8998511392815955,-1.0,50.312408657259674,-1.0,0.3579968077153401,0.0,6.552417439542092,197.99144050869177,936.4419642857101,4.0,7.986245603468691,215.69297436034137,2.3640769015963192,82599.91855357154,10342.772142857171,13,4,47.65373134328358,66.41304347826087,6.561904761904762,191,132,0.6910994764397905,2.269205823617207,144,98,0.6805555555555556,2.489912845304726,335,0.6865671641791045,335,0.6865671641791045,,,52,1.0,105,0.0,178,1.0,,,335.0,0.6865671641791045
