symbol,cascade_phase_filter,tl_break_filter,tl_break_lookback,h1_zone_count_filter,reversal_target_entry,ew_overlap_filter,ew_extension_filter,choch_conviction_filter,min_consumption_count,bias_filter,test_count_filter,direction,zone_role_filter,total_trades,win_rate,avg_r,sqn,total_r,profit_factor,max_drawdown_r,avg_winner_r,avg_loser_r
GBPUSD,any,any,0,any,False,any,any,any,0,any,any,both,any,2968,0.5215633423180593,0.940792547173138,18.191459030734087,2792.272280009835,2.9718235170825165,0,0,0
GBPUSD,any,any,0,any,False,any,any,any,0,with_daily,any,both,any,1306,0.5107197549770292,1.0117639039069297,11.923072050277627,1321.3636585024506,3.03653260617774,0,0,0
GBPUSD,any,any,0,any,False,any,any,any,0,against_daily,any,both,any,1699,0.546203649205415,1.0709863308692316,14.895451249051776,1819.6057761468248,3.372454684080385,0,0,0
GBPUSD,d1_push,any,0,any,False,any,any,any,0,any,any,both,any,2269,0.5266637285147642,0.9775451345797705,16.22306861503687,2218.049910361484,3.0992714037745865,0,0,0
GBPUSD,d1_push,any,0,any,False,any,any,any,0,with_daily,any,both,any,969,0.4953560371517028,0.933691868306207,9.652174360135431,904.7474203887156,2.8551520018071708,0,0,0
GBPUSD,d1_push,any,0,any,False,any,any,any,0,against_daily,any,both,any,1184,0.5523648648648649,1.0849607370534873,12.576021258147474,1284.593512671329,3.4638028019422142,0,0,0
GBPUSD,h4_correction,any,0,any,False,any,any,any,0,any,any,both,any,373,0.5201072386058981,1.3967599989679906,6.993617658643618,520.9914796150606,4.060151130425743,0,0,0
GBPUSD,h4_correction,any,0,any,False,any,any,any,0,with_daily,any,both,any,113,0.5132743362831859,1.7801093850201135,4.333488345273506,201.15236050727285,5.09084324514436,0,0,0
GBPUSD,h4_correction,any,0,any,False,any,any,any,0,against_daily,any,both,any,165,0.6,1.7960916607942337,6.122087381825789,296.3551240310486,5.40070217828927,0,0,0
GBPUSD,h4_correction_tl_break,any,0,any,False,any,any,any,0,any,any,both,any,1747,0.522610188895249,1.008436292257842,14.580516005247048,1761.7382025744512,3.1264488333015006,0,0,0
GBPUSD,h4_correction_tl_break,any,0,any,False,any,any,any,0,with_daily,any,both,any,665,0.530827067669173,1.159006242165909,9.239937443978098,770.7391510403293,3.394676212607387,0,0,0
GBPUSD,h4_correction_tl_break,any,0,any,False,any,any,any,0,against_daily,any,both,any,907,0.5435501653803748,1.0971770714008304,10.880335002371538,995.1396037605541,3.4034515200163633,0,0,0
GBPUSD,h1_extended,any,0,any,False,any,any,any,0,any,any,both,any,6,0.6666666666666666,1.2219760832256676,1.4014360448289542,7.331856499354005,4.727417068329421,0,0,0
GBPUSD,h1_extended,any,0,any,False,any,any,any,0,with_daily,any,both,any,5,0.8,1.6663712998708011,1.813628284256715,8.331856499354005,9.027395776935796,0,0,0
GBPUSD,h1_extended,any,0,any,False,any,any,any,0,against_daily,any,both,any,2,0.5,-0.06250000000011563,-0.06666666666679824,-0.12500000000023126,0.8749999999997687,0,0,0
GBPUSD,h1_terminal,any,0,any,False,any,any,any,0,any,any,both,any,529,0.4839319470699433,0.868764646516464,6.427260213235619,459.57649800720975,2.6444405736294945,0,0,0
GBPUSD,h1_terminal,any,0,any,False,any,any,any,0,with_daily,any,both,any,91,0.4945054945054945,1.1882936719720416,3.17927943812635,108.1347241494558,3.4781558927959257,0,0,0
GBPUSD,h1_terminal,any,0,any,False,any,any,any,0,against_daily,any,both,any,355,0.48450704225352115,0.7862560822429022,4.768721255743331,279.12090919623046,2.4675844016409503,0,0,0
GBPUSD,at_reversal_target,any,0,any,False,any,any,any,0,any,any,both,any,11,0.5454545454545454,1.0472191444436638,1.2698711825733386,11.519410588880302,3.593731481480817,0,0,0
GBPUSD,at_reversal_target,any,0,any,False,any,any,any,0,with_daily,any,both,any,3,0.6666666666666666,0.37180520258665467,0.541995935466702,1.115415607759964,2.098124999998902,0,0,0
GBPUSD,at_reversal_target,any,0,any,False,any,any,any,0,against_daily,any,both,any,7,0.5714285714285714,1.6291421401600483,1.3191947745818386,11.403994981120338,4.539892473117793,0,0,0
GBPUSD,any,after_impulse_break,0,any,False,any,any,any,0,any,any,both,any,2823,0.5200141693234148,0.9263317324510586,17.521174994621745,2615.0344807093024,2.9312348301412925,0,0,0
GBPUSD,any,after_impulse_break,0,any,False,any,any,any,0,with_daily,any,both,any,1182,0.5143824027072758,1.029372552499995,11.411664022380668,1216.7183570549955,3.107865499775466,0,0,0
GBPUSD,any,after_impulse_break,0,any,False,any,any,any,0,against_daily,any,both,any,1636,0.5464547677261614,1.0609284065233382,14.664014501374046,1735.6788730721812,3.358870117665598,0,0,0
GBPUSD,any,after_impulse_break,10,any,False,any,any,any,0,any,any,both,any,2812,0.519203413940256,0.9237927182202073,17.42901388893287,2597.7051236351867,2.92225949933007,0,0,0
GBPUSD,any,after_impulse_break,10,any,False,any,any,any,0,against_daily,any,both,any,1625,0.5458461538461539,1.0630502817968215,14.609158381662022,1727.4567079198343,3.3603196040708583,0,0,0
GBPUSD,any,after_impulse_break,20,any,False,any,any,any,0,any,any,both,any,2823,0.5200141693234148,0.9263317324510586,17.521174994621745,2615.0344807093024,2.9312348301412925,0,0,0
GBPUSD,any,after_impulse_break,20,any,False,any,any,any,0,against_daily,any,both,any,1636,0.5464547677261614,1.0609284065233382,14.664014501374046,1735.6788730721812,3.358870117665598,0,0,0
GBPUSD,any,after_impulse_break,50,any,False,any,any,any,0,any,any,both,any,2823,0.5200141693234148,0.9263317324510586,17.521174994621745,2615.0344807093024,2.9312348301412925,0,0,0
GBPUSD,any,after_impulse_break,50,any,False,any,any,any,0,against_daily,any,both,any,1636,0.5464547677261614,1.0609284065233382,14.664014501374046,1735.6788730721812,3.358870117665598,0,0,0
GBPUSD,any,after_correction_break,0,any,False,any,any,any,0,any,any,both,any,2851,0.5198176078568923,0.9503627262313324,17.921612402659694,2709.484132485494,2.9827273772475347,0,0,0
GBPUSD,any,after_correction_break,0,any,False,any,any,any,0,with_daily,any,both,any,1188,0.515993265993266,1.0610074865400247,11.718020301031608,1260.4768940095494,3.1390893010964143,0,0,0
GBPUSD,any,after_correction_break,0,any,False,any,any,any,0,against_daily,any,both,any,1666,0.5468187274909964,1.0772672029275738,14.961859115865924,1794.7271600773379,3.4045873224503556,0,0,0
GBPUSD,any,after_correction_break,10,any,False,any,any,any,0,any,any,both,any,2851,0.5198176078568923,0.9503627262313324,17.921612402659694,2709.484132485494,2.9827273772475347,0,0,0
GBPUSD,any,after_correction_break,10,any,False,any,any,any,0,against_daily,any,both,any,1666,0.5468187274909964,1.0772672029275738,14.961859115865924,1794.7271600773379,3.4045873224503556,0,0,0
GBPUSD,any,after_correction_break,20,any,False,any,any,any,0,any,any,both,any,2851,0.5198176078568923,0.9503627262313324,17.921612402659694,2709.484132485494,2.9827273772475347,0,0,0
GBPUSD,any,after_correction_break,20,any,False,any,any,any,0,against_daily,any,both,any,1666,0.5468187274909964,1.0772672029275738,14.961859115865924,1794.7271600773379,3.4045873224503556,0,0,0
GBPUSD,any,after_correction_break,50,any,False,any,any,any,0,any,any,both,any,2851,0.5198176078568923,0.9503627262313324,17.921612402659694,2709.484132485494,2.9827273772475347,0,0,0
GBPUSD,any,after_correction_break,50,any,False,any,any,any,0,against_daily,any,both,any,1666,0.5468187274909964,1.0772672029275738,14.961859115865924,1794.7271600773379,3.4045873224503556,0,0,0
GBPUSD,any,any,0,1-3,False,any,any,any,0,any,any,both,any,2577,0.5269693441986807,0.954161279597174,17.199636946203885,2458.8736175218887,3.0374167373517786,0,0,0
GBPUSD,any,any,0,1-3,False,any,any,any,0,with_daily,any,both,any,1053,0.5175688509021842,1.0714391219775234,11.044954410408508,1128.225395442334,3.174882211797073,0,0,0
GBPUSD,any,any,0,1-3,False,any,any,any,0,against_daily,any,both,any,1474,0.5447761194029851,1.0421545703052557,13.81524609959123,1536.1358366299469,3.3283858143881595,0,0,0
GBPUSD,any,any,0,4-7,False,any,any,any,0,any,any,both,any,216,0.5046296296296297,1.0863627881336395,4.287154867662874,234.6543622368662,3.0674975730208334,0,0,0
GBPUSD,any,any,0,4-7,False,any,any,any,0,with_daily,any,both,any,30,0.5,0.9060764064184248,1.7010110116594814,27.182292192552744,3.35046228366287,0,0,0
GBPUSD,any,any,0,4-7,False,any,any,any,0,against_daily,any,both,any,170,0.5176470588235295,1.1669590251657571,3.872174721629858,198.38303427817877,3.207620661744875,0,0,0
GBPUSD,any,any,0,8+,False,any,any,any,0,any,any,both,any,6,0.3333333333333333,1.146213333813724,0.7555279370418372,6.877280002882344,2.6701158141453725,0,0,0
GBPUSD,any,any,0,8+,False,any,any,any,0,against_daily,any,both,any,6,0.3333333333333333,1.146213333813724,0.7555279370418372,6.877280002882344,2.6701158141453725,0,0,0
GBPUSD,any,any,0,any,True,any,any,any,0,any,any,both,any,322,0.5248447204968945,1.0458163214008283,6.6315006568523245,336.75285549106667,3.3779177144974932,0,0,0
GBPUSD,any,any,0,any,True,any,any,any,0,with_daily,any,both,any,155,0.4774193548387097,1.077477426017774,4.387987512335818,167.00900103275498,2.860825278362481,0,0,0
GBPUSD,any,any,0,any,True,any,any,any,0,against_daily,any,both,any,193,0.5440414507772021,1.1087609571489305,5.196644956810821,213.9908647297436,3.575965066859479,0,0,0
GBPUSD,any,any,0,any,False,no_overlap,any,any,0,any,any,both,any,2943,0.5208970438328236,0.9311132082531147,17.979888869860886,2740.266171888881,2.95219547603103,0,0,0
GBPUSD,any,any,0,4-7,False,no_overlap,any,any,0,any,any,both,any,204,0.5196078431372549,1.111046543752502,4.407110640350108,226.65349492551047,3.22658880758656,0,0,0
GBPUSD,any,any,0,8+,False,no_overlap,any,any,0,any,any,both,any,6,0.3333333333333333,1.146213333813724,0.7555279370418372,6.877280002882344,2.6701158141453725,0,0,0
GBPUSD,any,any,0,any,False,overlap_only,any,any,0,any,any,both,any,53,0.5283018867924528,1.990774636437283,2.9164016612743557,105.51105573117599,4.968701495259991,0,0,0
GBPUSD,any,any,0,4-7,False,overlap_only,any,any,0,any,any,both,any,13,0.3076923076923077,2.3918934149909084,1.0483755610511345,31.09461439488181,4.192365779536857,0,0,0
GBPUSD,any,any,0,any,False,any,extended,any,0,any,any,both,any,370,0.5054054054054054,1.1310719010057966,6.48411442276515,418.49660337214505,3.274657941866529,0,0,0
GBPUSD,any,any,0,any,False,any,extended,any,0,with_daily,any,both,any,94,0.5957446808510638,1.9796134480216663,4.1102394158451725,186.08366411403665,6.312386980107035,0,0,0
GBPUSD,any,any,0,any,False,any,extended,any,0,against_daily,any,both,any,249,0.46987951807228917,0.7620450092947773,4.524746803380215,189.7492073143995,2.368196184477288,0,0,0
GBPUSD,any,any,0,any,False,any,not_extended,any,0,any,any,both,any,2773,0.5243418680129823,0.9482227220152257,17.580306885652288,2629.4216081481873,3.020985370819192,0,0,0
GBPUSD,any,any,0,any,False,any,not_extended,any,0,with_daily,any,both,any,1241,0.5052377115229654,0.9845276047756849,11.361712318652806,1221.798757526626,2.978012002074643,0,0,0
GBPUSD,any,any,0,any,False,any,not_extended,any,0,against_daily,any,both,any,1545,0.5566343042071198,1.1257283117453316,14.649042089256437,1739.2502416465363,3.563132640358853,0,0,0
GBPUSD,any,any,0,any,False,any,any,any,0,any,retested_1,both,any,1157,0.5004321521175453,0.8537339148865911,10.431665155772547,987.770139523787,2.7582214262301146,0,0,0
GBPUSD,h1_terminal,any,0,any,False,any,any,any,0,any,retested_1,both,any,61,0.3442622950819672,1.0228488513475291,2.123662277813111,62.39377993219927,2.6088466219747857,0,0,0
GBPUSD,any,any,0,any,False,any,any,any,0,any,retested_2plus,both,any,2827,0.5249380969225327,0.9626830896474499,18.004517333915786,2721.505094433307,3.0091530387541816,0,0,0
GBPUSD,h1_extended,any,0,any,False,any,any,any,0,any,retested_2plus,both,any,6,0.6666666666666666,1.2219760832256676,1.4014360448289542,7.331856499354005,4.727417068329421,0,0,0
GBPUSD,h1_terminal,any,0,any,False,any,any,any,0,any,retested_2plus,both,any,507,0.4970414201183432,0.8952458436249878,6.518412421230054,453.88964271786887,2.722840147828179,0,0,0
GBPUSD,h1_terminal,any,0,any,True,any,any,any,0,against_daily,any,both,any,26,0.4230769230769231,0.3445002400042896,0.8192783774823765,8.95700624011153,1.5235896057061642,0,0,0
GBPUSD,h4_correction_tl_break,after_correction_break,0,any,False,any,any,any,0,with_daily,any,both,any,665,0.530827067669173,1.159006242165909,9.239937443978098,770.7391510403293,3.394676212607387,0,0,0
GBPUSD,h1_terminal,any,0,any,False,any,not_extended,any,0,against_daily,any,both,any,272,0.5110294117647058,0.9135035036193014,4.5611251894904346,248.4729529844501,2.800234699820131,0,0,0
GBPUSD,d1_push,any,0,1-3,False,any,any,any,0,with_daily,any,both,any,752,0.5039893617021277,1.0128433038425846,9.029332393933618,761.6581644896244,3.0057140148583916,0,0,0
GBPUSD,any,any,0,any,False,any,any,any,0,any,any,long,any,1581,0.5186590765338394,0.9226100414272187,12.90071189431482,1458.6464754964336,2.946951375789717,0,0,0
GBPUSD,h1_terminal,any,0,any,False,any,any,any,0,any,any,long,any,248,0.47580645161290325,0.9982982372350236,4.393960464484489,247.57796283428596,2.944750796386511,0,0,0
GBPUSD,h1_extended,any,0,any,False,any,any,any,0,any,any,long,any,4,0.5,0.7872321428567797,0.6331178852159833,3.1489285714271187,2.4525659200450844,0,0,0
GBPUSD,any,any,0,any,False,any,any,any,0,any,any,short,any,1642,0.5267965895249695,0.9722862353083671,14.399352546761785,1596.4939983763388,3.0198816644389446,0,0,0
GBPUSD,h1_terminal,any,0,any,False,any,any,any,0,any,any,short,any,287,0.49825783972125437,0.7982454630045138,5.103517054001237,229.09644788229573,2.4839596431212203,0,0,0
GBPUSD,h1_extended,any,0,any,False,any,any,any,0,any,any,short,any,3,1.0,1.685975975975552,2.394721731142806,5.057927927926656,inf,0,0,0
GBPUSD,any,any,0,any,False,any,any,any,0,any,any,both,push,55,0.43636363636363634,0.7640438015440312,1.953088077783431,42.02240908492171,2.384168918181742,0,0,0
GBPUSD,any,any,0,any,False,any,any,any,0,any,any,both,reversal,73,0.4794520547945205,0.831117709032063,2.641371491155825,60.671592759340584,2.8524146144260483,0,0,0
GBPUSD,any,any,0,any,False,any,any,any,0,any,any,both,continuation,2618,0.5278838808250573,1.0021966162063916,17.8199155147361,2623.750741228302,3.143009600332219,0,0,0
GBPUSD,h1_extended,any,0,any,False,any,any,any,0,any,any,both,continuation,5,0.6,0.6115855855853312,0.8019672032015506,3.057927927926656,2.6916359512329775,0,0,0
GBPUSD,any,any,0,any,False,any,any,strong_only,0,any,any,both,any,2684,0.5182563338301043,0.9256648272157527,16.94380768423699,2484.4843962470513,2.9530659166471787,0,0,0
GBPUSD,any,any,0,any,False,any,any,strong_only,0,with_daily,any,both,any,1187,0.5096882898062342,0.9525828602454456,10.849180189989085,1130.715855111346,2.92338301270486,0,0,0
GBPUSD,any,any,0,any,False,any,any,strong_only,0,against_daily,any,both,any,1526,0.5458715596330275,1.0726261395235197,13.95092204072877,1636.8274889128902,3.4344274304945013,0,0,0
GBPUSD,any,any,0,any,False,any,any,weak_only,0,any,any,both,any,2471,0.5176042088223392,0.9374403762491565,16.334336148925455,2316.415169711645,2.986131469220984,0,0,0
GBPUSD,any,any,0,any,False,any,any,weak_only,0,with_daily,any,both,any,967,0.5118924508790073,1.0288292317370331,10.240676865000577,994.8778670897118,3.116131052399585,0,0,0
GBPUSD,any,any,0,any,False,any,any,weak_only,0,against_daily,any,both,any,1380,0.55,1.1146374299147175,13.648590120755031,1538.1996532823102,3.481610175665126,0,0,0
GBPUSD,h1_terminal,any,0,any,False,any,any,strong_only,0,any,any,both,any,455,0.5054945054945055,0.9880259841172041,6.451844295369086,449.55182277332796,2.984844010900716,0,0,0
GBPUSD,h1_terminal,any,0,any,False,any,any,strong_only,0,against_daily,any,both,any,313,0.5015974440894568,0.8264190880435177,4.591393220273663,258.6691745576212,2.6247533231372047,0,0,0
GBPUSD,h1_extended,any,0,any,False,any,any,strong_only,0,any,any,both,any,6,0.6666666666666666,1.2219760832256676,1.4014360448289542,7.331856499354005,4.727417068329421,0,0,0
GBPUSD,any,any,0,any,False,any,any,any,1,any,any,both,any,2628,0.5171232876712328,0.9288255486002278,16.674805067675184,2440.95354172137,2.96984287564439,0,0,0
GBPUSD,any,any,0,any,False,any,any,any,1,with_daily,any,both,any,1123,0.5031166518254675,0.9972216200876772,10.709669660168224,1119.8798793584633,2.9745047795758612,0,0,0
GBPUSD,any,any,0,any,False,any,any,any,1,against_daily,any,both,any,1480,0.5358108108108108,1.0533021239611877,13.514980556031063,1558.887143462557,3.30759254933606,0,0,0
GBPUSD,any,any,0,any,False,any,any,any,2,any,any,both,any,2628,0.5171232876712328,0.9288255486002278,16.674805067675184,2440.95354172137,2.96984287564439,0,0,0
GBPUSD,any,any,0,any,False,any,any,any,2,with_daily,any,both,any,1123,0.5031166518254675,0.9972216200876772,10.709669660168224,1119.8798793584633,2.9745047795758612,0,0,0
GBPUSD,any,any,0,any,False,any,any,any,2,against_daily,any,both,any,1480,0.5358108108108108,1.0533021239611877,13.514980556031063,1558.887143462557,3.30759254933606,0,0,0
GBPUSD,any,any,0,any,False,any,any,any,3,any,any,both,any,2628,0.5171232876712328,0.9288255486002278,16.674805067675184,2440.95354172137,2.96984287564439,0,0,0
GBPUSD,any,any,0,any,False,any,any,any,3,with_daily,any,both,any,1123,0.5031166518254675,0.9972216200876772,10.709669660168224,1119.8798793584633,2.9745047795758612,0,0,0
GBPUSD,any,any,0,any,False,any,any,any,3,against_daily,any,both,any,1480,0.5358108108108108,1.0533021239611877,13.514980556031063,1558.887143462557,3.30759254933606,0,0,0
GBPUSD,any,any,0,any,False,any,any,strong_only,2,any,any,both,any,2374,0.516849199663016,0.9284189692219424,15.646529279925492,2204.0666329328837,2.996037024538896,0,0,0
GBPUSD,any,any,0,any,False,any,any,strong_only,3,any,any,both,any,2374,0.516849199663016,0.9284189692219424,15.646529279925492,2204.0666329328837,2.996037024538896,0,0,0
GBPUSD,any,any,0,any,False,any,any,strong_only,2,against_daily,any,both,any,1303,0.5356868764389869,1.0763136220076601,12.638193107193135,1402.4366494759806,3.3744937355453555,0,0,0
