tf_pair,touch_type,bias_filter,zone_role_filter,age_filter,direction,entry_mode,sl_mode,tp_mode,tp_htf,fixed_rr,sl_atr_mult,partial_tp,partial_unit1_pct,partial_unit1_rr,partial_unit2_tp,cascade_filter,session_filter,touch_policy,retest_number_filter,limit_ttl,breakeven_buffer_atr,unit2_trail,total_candidates,passed_filters,num_trades,total_trades,wins,losses,win_rate,tp_hits,sl_hits,total_pnl_pips,avg_pnl_pips,median_pnl_pips,std_pnl_pips,avg_win_pips,avg_loss_pips,largest_win_pips,largest_loss_pips,total_r,avg_r,median_r,std_r,avg_win_r,avg_loss_r,largest_win_r,largest_loss_r,sharpe,sortino,sqn,calmar,max_dd_pips,max_dd_r,profit_factor,expectancy_pips,expectancy_r,gross_profit_pips,gross_loss_pips,max_win_streak,max_loss_streak,avg_hold_hours,avg_win_hold_hours,avg_loss_hold_hours,long_trades,long_wins,long_win_rate,long_avg_r,short_trades,short_wins,short_win_rate,short_avg_r,signal_type_wick_touch_n,signal_type_wick_touch_wr,struct_cls_none_n,struct_cls_none_wr,zone_tf_m15_n,zone_tf_m15_wr,exit_reason_tp_hit_n,exit_reason_tp_hit_wr,exit_reason_sl_hit_n,exit_reason_sl_hit_wr,sweep_version,zone_tf_h1_n,zone_tf_h1_wr,zone_tf_h4_n,zone_tf_h4_wr,exit_reason_partial_be_n,exit_reason_partial_be_wr,exit_reason_partial_full_n,exit_reason_partial_full_wr
M5@M15,wick_touch,any,any,any,both,limit,zone,fixed_rr,H4,3.0,1.5,False,0.5,3.0,H1,none,any,until_broken,any,1,0.0,none,234753,47858,2402,2402,1530,872,0.6369691923397169,1530,872,4752.142857142856,1.978410848102771,2.223214285714814,3.073856225863001,3.864236694677873,-1.3304349606815253,20.083928571423826,-6.046428571426787,3718.0,1.5478767693588675,3.0,1.923895007478744,3.0,-1.0,3.0,-1.0,0.8045536598108611,0.0,39.43133820730856,371.8,16.86428571428678,10.0,5.096183032209786,1.978410848102771,1.5478767693588678,5912.282142857146,1160.13928571429,17,7,0.14456702747710243,0.10876906318082788,0.2073776758409786,1311,826,0.6300533943554538,1.5202135774218155,1091,704,0.6452795600366636,1.5811182401466544,2402,0.6369691923397169,2402,0.6369691923397169,2402.0,0.6369691923397169,1530.0,1.0,872,0.0,v3_realistic,,,,,,,,
M5@M15,wick_touch,any,any,any,both,limit,zone,fixed_rr,H4,3.0,1.5,False,0.5,3.0,H1,none,any,until_broken,any,3,0.0,none,234753,47858,3419,3419,1948,1471,0.5697572389587598,1948,1471,5477.969642857155,1.602213993231107,1.794642857142481,2.9813643701886456,3.7588249853329394,-1.2537195299601709,20.083928571423826,-6.046428571426787,4373.0,1.2790289558350394,3.0,1.9807297489179336,3.0,-1.0,3.0,-1.0,0.6457362275362244,0.0,37.75762793283936,437.3,16.86428571428678,10.0,3.9703426920380993,1.602213993231107,1.2790289558350394,7322.191071428566,1844.2214285714113,17,10,0.32914107438822265,0.2554757015742642,0.4266938590527985,1822,1040,0.570801317233809,1.283205268935236,1597,908,0.5685660613650595,1.274264245460238,3419,0.5697572389587598,3419,0.5697572389587598,3419.0,0.5697572389587598,1948.0,1.0,1471,0.0,v3_realistic,,,,,,,,
M5@M15,wick_touch,any,any,any,both,limit,zone,fixed_rr,H4,3.0,1.5,False,0.5,3.0,H1,none,any,until_broken,any,6,0.0,none,234753,47858,3951,3951,2201,1750,0.557074158440901,2201,1750,5965.457142857049,1.5098600715912551,1.6982142857147053,2.9061566304447988,3.683097780229729,-1.223452040816334,20.083928571423826,-6.046428571426787,4853.0,1.228296633763604,3.0,1.9871789326749485,3.0,-1.0,3.0,-1.0,0.6181107365657252,0.0,38.85257452706397,346.64285714285717,16.86428571428678,14.0,3.7862413395351955,1.509860071591255,1.228296633763604,8106.498214285633,2141.0410714285845,20,10,0.4337720408335442,0.3805467211873391,0.5007142857142857,2070,1166,0.5632850241545894,1.2531400966183575,1881,1035,0.5502392344497608,1.200956937799043,3951,0.557074158440901,3951,0.557074158440901,3951.0,0.557074158440901,2201.0,1.0,1750,0.0,v3_realistic,,,,,,,,
M5@M15,wick_touch,any,any,any,both,limit,zone,fixed_rr,H4,3.0,1.5,False,0.5,3.0,H1,none,any,until_broken,any,12,0.0,none,234753,47858,4501,4501,2441,2060,0.5423239280159965,2441,2060,6378.712499999968,1.4171767385025478,1.585714285712303,2.861289712297714,3.6322108913208697,-1.2075312066574158,17.930357142856845,-6.046428571426787,5263.0,1.1692957120639857,3.0,1.9930432713932866,3.0,-1.0,3.0,-1.0,0.5866885726201821,0.0,39.36063857555189,526.3,18.03035714285761,10.0,3.5642918059336304,1.417176738502548,1.169295712063986,8866.226785714243,2487.5142857142764,20,10,0.5979226838480338,0.5213027447767309,0.6887135922330098,2355,1294,0.5494692144373673,1.1978768577494692,2146,1147,0.5344827586206896,1.1379310344827587,4501,0.5423239280159965,4501,0.5423239280159965,4501.0,0.5423239280159965,2441.0,1.0,2060,0.0,v3_realistic,,,,,,,,
M5@M15,wick_touch,any,any,any,both,limit,zone,fixed_rr,H4,3.0,1.5,False,0.5,3.0,H1,none,any,until_broken,any,0,0.0,none,234753,47858,6493,6493,3418,3075,0.526413060218697,3418,3075,8341.467857142714,1.284686255527909,1.451785714285947,2.741368382315516,3.5092921925937883,-1.1880627177700338,17.930357142856845,-6.046428571426787,7179.0,1.1056522408747882,3.0,1.9973612661547764,3.0,-1.0,3.0,-1.0,0.5535564645264883,0.0,44.605111398896774,652.6363636363636,17.060714285709764,11.0,3.2832737980021567,1.2846862555279093,1.1056522408747882,11994.760714285569,3653.292857142854,13,10,56.646260074952515,50.07733567388337,63.94791327913279,3352,1779,0.530727923627685,1.1229116945107398,3141,1639,0.521808341292582,1.0872333651703279,6493,0.526413060218697,6493,0.526413060218697,6493.0,0.526413060218697,3418.0,1.0,3075,0.0,v3_realistic,,,,,,,,
M15@H1,wick_touch,any,any,any,both,limit,zone,fixed_rr,H4,3.0,1.5,False,0.5,3.0,H1,none,any,until_broken,any,1,0.0,none,178449,35115,1522,1522,941,581,0.6182654402102497,941,581,6126.119642857093,4.025045757461953,4.623214285717214,6.236947338455938,8.131880977683242,-2.6264722153921474,35.51785714285715,-8.87678571428463,2242.0,1.4730617608409986,3.0,1.9438866446989247,3.0,-1.0,3.0,-1.0,0.7577920064722452,0.0,29.563601938218863,320.2857142857143,29.301785714281777,7.0,5.014546854539664,4.025045757461953,1.4730617608409986,7652.09999999993,1525.9803571428376,12,7,0.2823587385019711,0.2763018065887354,0.2921686746987952,781,487,0.6235595390524968,1.4942381562099871,741,454,0.6126855600539811,1.4507422402159245,1522,0.6182654402102497,1522,0.6182654402102497,,,941.0,1.0,581,0.0,v3_realistic,1522.0,0.6182654402102497,,,,,,
M15@H1,wick_touch,any,any,any,both,limit,zone,fixed_rr,H4,3.0,1.5,False,0.5,3.0,H1,none,any,until_broken,any,3,0.0,none,178449,35115,2175,2175,1215,960,0.5586206896551724,1215,960,7116.671428571419,3.2720328407224915,3.675000000000761,5.97953342868681,7.7908465608465605,-2.447090773809534,39.34821428571489,-8.87678571428463,2685.0,1.2344827586206897,3.0,1.9866636533466666,3.0,-1.0,3.0,-1.0,0.6213848814021043,0.0,28.979461633480327,335.625,22.078571428572104,8.0,4.029392895475357,3.2720328407224915,1.2344827586206897,9465.878571428571,2349.2071428571526,16,8,0.6597701149425287,0.7115226337448559,0.5942708333333333,1084,614,0.566420664206642,1.2656826568265682,1091,601,0.5508707607699358,1.2034830430797434,2175,0.5586206896551724,2175,0.5586206896551724,,,1215.0,1.0,960,0.0,v3_realistic,2175.0,0.5586206896551724,,,,,,
M15@H1,wick_touch,any,any,any,both,limit,zone,fixed_rr,H4,3.0,1.5,False,0.5,3.0,H1,none,any,until_broken,any,6,0.0,none,178449,35115,2534,2534,1370,1164,0.5406471981057617,1370,1164,7549.514285714321,2.9792874055699765,3.174107142855931,5.829846275965906,7.551819603753931,-2.402472999509078,39.34821428571489,-11.296428571427874,2946.0,1.1625887924230465,3.0,1.9937737091864844,3.0,-1.0,3.0,-1.0,0.5831097015003851,0.0,29.35307284382884,294.6,30.887499999998,10.0,3.69965032553698,2.979287405569976,1.1625887924230467,10345.992857142886,2796.4785714285667,17,10,1.0397592738752959,1.1525547445255475,0.9070017182130584,1254,697,0.5558213716108453,1.223285486443381,1280,673,0.52578125,1.103125,2534,0.5406471981057617,2534,0.5406471981057617,,,1370.0,1.0,1164,0.0,v3_realistic,2534.0,0.5406471981057617,,,,,,
M15@H1,wick_touch,any,any,any,both,limit,zone,fixed_rr,H4,3.0,1.5,False,0.5,3.0,H1,none,any,until_broken,any,12,0.0,none,178449,35115,2878,2878,1511,1367,0.5250173731758165,1511,1367,7992.075000000096,2.776954482279394,2.8258928571434083,5.719156267980041,7.413934716838482,-2.3484859964468527,39.34821428571489,-16.14464285714101,3166.0,1.1000694927032661,3.0,1.9978420741168172,3.0,-1.0,3.0,-1.0,0.5506288544801881,0.0,29.539583030932924,316.6,30.983928571426077,10.0,3.4894480126687637,2.776954482279395,1.1000694927032661,11202.455357142946,3210.380357142848,18,10,1.5734016678248783,1.6105228325612178,1.532370153621068,1412,760,0.5382436260623229,1.1529745042492918,1466,751,0.5122783083219645,1.049113233287858,2878,0.5250173731758165,2878,0.5250173731758165,,,1511.0,1.0,1367,0.0,v3_realistic,2878.0,0.5250173731758165,,,,,,
M15@H1,wick_touch,any,any,any,both,limit,zone,fixed_rr,H4,3.0,1.5,False,0.5,3.0,H1,none,any,until_broken,any,0,0.0,none,178449,35115,4233,4233,2136,2097,0.5046066619418852,2136,2097,10194.505357143014,2.4083405048766866,2.0839285714258082,5.452503542894742,7.036968298555438,-2.306370495265332,35.51785714285715,-16.14464285714101,4311.0,1.0184266477675408,3.0,2.0001513837718097,3.0,-1.0,3.0,-1.0,0.5091747834841532,0.0,33.127679940742254,359.25,34.139285714288235,12.0,3.1078449145756064,2.4083405048766866,1.0184266477675408,15030.964285714415,4836.458928571401,15,12,194.62910465390976,207.00994850187266,182.01800190748688,2079,1058,0.5088985088985089,1.0355940355940356,2154,1078,0.500464252553389,1.0018570102135562,4233,0.5046066619418852,4233,0.5046066619418852,,,2136.0,1.0,2097,0.0,v3_realistic,4233.0,0.5046066619418852,,,,,,
H1@H4,wick_touch,any,any,any,both,limit,zone,fixed_rr,H4,3.0,1.5,False,0.5,3.0,H1,none,any,until_broken,any,1,0.0,none,153766,30581,1315,1315,803,512,0.6106463878326996,803,512,10248.432142857051,7.793484519282929,10.483928571427548,11.847903815338727,16.130750756093104,-5.282345145089275,51.33214285713894,-41.205357142857224,1897.0,1.4425855513307986,3.0,1.9511568611331425,3.0,-1.0,3.0,-1.0,0.7393488345642344,0.0,26.810954093625824,271.0,58.17500000000018,7.0,4.789314874213769,7.793484519282931,1.4425855513307986,12952.99285714276,2704.560714285709,14,7,1.355893536121673,1.307596513075965,1.431640625,604,365,0.6043046357615894,1.4172185430463575,711,438,0.6160337552742616,1.4641350210970465,1315,0.6106463878326996,1315,0.6106463878326996,,,803.0,1.0,512,0.0,v3_realistic,,,1315.0,0.6106463878326996,,,,
H1@H4,wick_touch,any,any,any,both,limit,zone,fixed_rr,H4,3.0,1.5,False,0.5,3.0,H1,none,any,until_broken,any,3,0.0,none,153766,30581,1850,1850,1033,817,0.5583783783783783,1033,817,11723.148214285633,6.3368368725868285,8.874107142856635,11.390476784603933,15.367319527036267,-5.081141808008363,49.65535714285485,-41.205357142857224,2282.0,1.2335135135135136,3.0,1.9868581428220546,3.0,-1.0,3.0,-1.0,0.6208362272716057,0.0,26.703175822769765,285.25,58.255357142857974,8.0,3.8239752331889685,6.336836872586828,1.2335135135135133,15874.441071428464,4151.292857142833,15,8,2.52,2.3814133591481124,2.6952264381884943,884,479,0.5418552036199095,1.167420814479638,966,554,0.5734989648033126,1.2939958592132506,1850,0.5583783783783783,1850,0.5583783783783783,,,1033.0,1.0,817,0.0,v3_realistic,,,1850.0,0.5583783783783783,,,,
H1@H4,wick_touch,any,any,any,both,limit,zone,fixed_rr,H4,3.0,1.5,False,0.5,3.0,H1,none,any,until_broken,any,6,0.0,none,153766,30581,2118,2118,1143,975,0.5396600566572238,1143,975,12478.783928571302,5.891777114528471,8.346428571428532,11.22046482491227,15.139970003749392,-4.949950549450516,49.65535714285485,-41.205357142857224,2454.0,1.158640226628895,3.0,1.9941692146864944,3.0,-1.0,3.0,-1.0,0.5810139972555168,0.0,26.739271629655022,306.75,58.255357142857974,8.0,3.585632446100574,5.891777114528471,1.1586402266288953,17304.985714285554,4826.201785714253,10,8,3.630783758262512,3.543307086614173,3.7333333333333334,1008,534,0.5297619047619048,1.119047619047619,1110,609,0.5486486486486486,1.1945945945945946,2118,0.5396600566572238,2118,0.5396600566572238,,,1143.0,1.0,975,0.0,v3_realistic,,,2118.0,0.5396600566572238,,,,
H1@H4,wick_touch,any,any,any,both,limit,zone,fixed_rr,H4,3.0,1.5,False,0.5,3.0,H1,none,any,until_broken,any,12,0.0,none,153766,30581,2421,2421,1293,1128,0.5340768277571252,1293,1128,13854.149999999847,5.72249070631964,8.137500000005016,11.155233594764722,15.040590818693925,-4.958629369300884,51.33214285713894,-41.205357142857224,2751.0,1.1363073110285007,3.0,1.9957618926032203,3.0,-1.0,3.0,-1.0,0.5693601602675812,0.0,28.014602832699953,343.875,58.255357142857974,8.0,3.4769037888532357,5.72249070631964,1.1363073110285007,19447.483928571244,5593.333928571397,10,8,5.670384138785626,5.221964423820572,6.184397163120567,1171,615,0.5251921434671221,1.1007685738684885,1250,678,0.5424,1.1696,2421,0.5340768277571252,2421,0.5340768277571252,,,1293.0,1.0,1128,0.0,v3_realistic,,,2421.0,0.5340768277571252,,,,
H1@H4,wick_touch,any,any,any,both,limit,zone,fixed_rr,H4,3.0,1.5,False,0.5,3.0,H1,none,any,until_broken,any,0,0.0,none,153766,30581,3614,3614,1863,1751,0.5154952960708357,1863,1751,19937.912499999773,5.516854593248415,7.2642857142823924,11.52012412713452,15.548484587071426,-5.1564330586603635,76.4250000000044,-19.07321428571418,3838.0,1.0619811842833426,3.0,1.999315978705477,3.0,-1.0,3.0,-1.0,0.53117225870968,0.0,31.932245487591285,319.8333333333333,71.58571428571577,12.0,3.2082292365479512,5.516854593248414,1.0619811842833426,28966.826785714067,9028.914285714296,10,12,520.4438295517432,493.84111647879763,548.7481439177612,1770,900,0.5084745762711864,1.0338983050847457,1844,963,0.5222342733188721,1.088937093275488,3614,0.5154952960708357,3614,0.5154952960708357,,,1863.0,1.0,1751,0.0,v3_realistic,,,3614.0,0.5154952960708357,,,,
M5@M15,wick_touch,any,any,any,both,limit,zone,fixed_rr,H4,2.0,1.5,True,0.5,3.0,H1,none,any,until_broken,any,1,0.0,none,234753,47858,1824,1824,1162,662,0.6370614035087719,0,662,4461.481071428601,2.4459874295112947,1.2026785714291943,6.9077950755079955,4.624717850995854,-1.3783097755718734,64.84196428571454,-5.064285714284633,3498.1298835882226,1.9178343660023145,1.5,5.076817499450653,3.5801461993013954,-1.0,59.005128205143436,-1.0,0.37776310970599936,0.0,16.133625132246575,333.15522700840216,20.403571428568284,10.5,5.889610092236862,2.4459874295112947,1.9178343660023143,5373.922142857182,912.4410714285802,15,6,1.8931834795321636,2.8750717154331613,0.16968781470292044,995,626,0.629145728643216,1.715276270184448,829,536,0.646562123039807,2.160952949040645,1824,0.6370614035087719,1824,0.6370614035087719,1824.0,0.6370614035087719,,,662,0.0,v3_realistic,,,,,976.0,1.0,186.0,1.0
M5@M15,wick_touch,any,any,any,both,limit,zone,fixed_rr,H4,2.0,1.5,True,0.5,3.0,H1,none,any,until_broken,any,3,0.0,none,234753,47858,2387,2387,1362,1025,0.5705906996229577,0,1025,4822.486785714337,2.020312855347439,0.9669642857157434,6.661570382646502,4.520227082022279,-1.3015243902439084,79.61553571428581,-5.064285714284633,3905.660268948232,1.6362213108287529,1.5,5.306276915333007,3.6201617246315956,-1.0,98.54137931045172,-1.0,0.3083558089666845,0.0,15.065319407579475,339.62263208245497,17.8678571428552,11.5,4.614888197302837,2.0203128553474397,1.636221310828753,6156.549285714344,1334.0625000000061,12,10,1.8648233486943162,3.012175721977484,0.3402439024390244,1266,728,0.5750394944707741,1.4550192287361492,1121,634,0.5655664585191793,1.840861664021648,2387,0.5705906996229577,2387,0.5705906996229577,2387.0,0.5705906996229577,,,1025,0.0,v3_realistic,,,,,1154.0,1.0,208.0,1.0
M5@M15,wick_touch,any,any,any,both,limit,zone,fixed_rr,H4,2.0,1.5,True,0.5,3.0,H1,none,any,until_broken,any,6,0.0,none,234753,47858,2641,2641,1474,1167,0.5581219235138205,0,1167,4876.728392857132,1.8465461540541963,0.9026785714305596,6.3628200900445195,4.307269940880022,-1.261514567266512,79.877857142856,-5.064285714284633,3925.4492615191753,1.4863495878527735,1.5,4.810867594595537,3.4548502452640264,-1.0,59.005128205143436,-1.0,0.3089566608572887,0.0,15.877486907531505,237.906015849647,20.260714285712993,16.5,4.312572884131313,1.8465461540541963,1.4863495878527733,6348.915892857152,1472.1875000000196,17,10,1.9458853969456014,3.1535504296698322,0.42052270779777207,1389,788,0.5673146148308136,1.3942969462994295,1252,686,0.547923322683706,1.5884750823556442,2641,0.5581219235138205,2641,0.5581219235138205,2641.0,0.5581219235138205,,,1167,0.0,v3_realistic,,,,,1258.0,1.0,216.0,1.0
M5@M15,wick_touch,any,any,any,both,limit,zone,fixed_rr,H4,2.0,1.5,True,0.5,3.0,H1,none,any,until_broken,any,12,0.0,none,234753,47858,2872,2872,1554,1318,0.5410863509749304,0,1318,5164.855178571444,1.7983479034023135,0.8276785714300683,6.342294873744725,4.389918758043764,-1.2572675048775153,79.62250000000171,-5.064285714284633,4206.490520866644,1.4646554738393607,1.5,4.957803899359336,3.5550132051908903,-1.0,71.5491103201913,-1.0,0.29542424500263686,0.0,15.832093720844556,336.5192416693315,20.127678571420347,12.5,4.116843864632701,1.798347903402314,1.4646554738393607,6821.933750000009,1657.078571428565,19,10,2.1391887186629526,3.4098562848562852,0.6409964592817401,1498,829,0.5534045393858478,1.357673736893409,1374,725,0.5276564774381368,1.5812920400293422,2872,0.5410863509749304,2872,0.5410863509749304,2872.0,0.5410863509749304,,,1318,0.0,v3_realistic,,,,,1320.0,1.0,234.0,1.0
M5@M15,wick_touch,any,any,any,both,limit,zone,fixed_rr,H4,2.0,1.5,True,0.5,3.0,H1,none,any,until_broken,any,0,0.0,none,234753,47858,3615,3615,1867,1748,0.5164591977869987,0,1748,6173.511428571376,1.7077486662714734,0.7232142857149793,6.343400763275365,4.464737546866612,-1.236929960771504,79.62250000000171,-6.046428571426787,5322.270407180502,1.472273971557538,1.5,5.343303981127261,3.786968616593733,-1.0,83.89360730591474,-1.0,0.2755362556121946,0.0,16.566581566116497,354.8180271453668,16.544642857143117,15.0,3.85526038027557,1.7077486662714736,1.472273971557538,8335.664999999964,2162.153571428589,16,9,66.37452743199631,58.22312979825031,75.08085430968727,1856,976,0.5258620689655172,1.4359833487436113,1759,891,0.5065378055713473,1.5105658396318116,3615,0.5164591977869987,3615,0.5164591977869987,3615.0,0.5164591977869987,,,1748,0.0,v3_realistic,,,,,1566.0,1.0,301.0,1.0
M15@H1,wick_touch,any,any,any,both,limit,zone,fixed_rr,H4,2.0,1.5,True,0.5,3.0,H1,none,any,until_broken,any,1,0.0,none,178449,35115,1522,1522,941,581,0.6182654402102497,0,581,6126.119642857093,4.025045757461953,4.623214285717214,6.236947338455938,8.131880977683242,-2.6264722153921474,35.51785714285715,-8.87678571428463,2242.0,1.4730617608409986,3.0,1.9438866446989247,3.0,-1.0,3.0,-1.0,0.7577920064722452,0.0,29.563601938218863,320.2857142857143,29.301785714281777,7.0,5.014546854539664,4.025045757461953,1.4730617608409986,7652.09999999993,1525.9803571428376,12,7,0.2823587385019711,0.2763018065887354,0.2921686746987952,781,487,0.6235595390524968,1.4942381562099871,741,454,0.6126855600539811,1.4507422402159245,1522,0.6182654402102497,1522,0.6182654402102497,,,,,581,0.0,v3_realistic,1522.0,0.6182654402102497,,,,,941.0,1.0
M15@H1,wick_touch,any,any,any,both,limit,zone,fixed_rr,H4,2.0,1.5,True,0.5,3.0,H1,none,any,until_broken,any,3,0.0,none,178449,35115,2175,2175,1215,960,0.5586206896551724,0,960,7116.671428571419,3.2720328407224915,3.675000000000761,5.97953342868681,7.7908465608465605,-2.447090773809534,39.34821428571489,-8.87678571428463,2685.0,1.2344827586206897,3.0,1.9866636533466666,3.0,-1.0,3.0,-1.0,0.6213848814021043,0.0,28.979461633480327,335.625,22.078571428572104,8.0,4.029392895475357,3.2720328407224915,1.2344827586206897,9465.878571428571,2349.2071428571526,16,8,0.6597701149425287,0.7115226337448559,0.5942708333333333,1084,614,0.566420664206642,1.2656826568265682,1091,601,0.5508707607699358,1.2034830430797434,2175,0.5586206896551724,2175,0.5586206896551724,,,,,960,0.0,v3_realistic,2175.0,0.5586206896551724,,,,,1215.0,1.0
M15@H1,wick_touch,any,any,any,both,limit,zone,fixed_rr,H4,2.0,1.5,True,0.5,3.0,H1,none,any,until_broken,any,6,0.0,none,178449,35115,2534,2534,1370,1164,0.5406471981057617,0,1164,7549.514285714321,2.9792874055699765,3.174107142855931,5.829846275965906,7.551819603753931,-2.402472999509078,39.34821428571489,-11.296428571427874,2946.0,1.1625887924230465,3.0,1.9937737091864844,3.0,-1.0,3.0,-1.0,0.5831097015003851,0.0,29.35307284382884,294.6,30.887499999998,10.0,3.69965032553698,2.979287405569976,1.1625887924230467,10345.992857142886,2796.4785714285667,17,10,1.0397592738752959,1.1525547445255475,0.9070017182130584,1254,697,0.5558213716108453,1.223285486443381,1280,673,0.52578125,1.103125,2534,0.5406471981057617,2534,0.5406471981057617,,,,,1164,0.0,v3_realistic,2534.0,0.5406471981057617,,,,,1370.0,1.0
M15@H1,wick_touch,any,any,any,both,limit,zone,fixed_rr,H4,2.0,1.5,True,0.5,3.0,H1,none,any,until_broken,any,12,0.0,none,178449,35115,2878,2878,1511,1367,0.5250173731758165,0,1367,7992.075000000096,2.776954482279394,2.8258928571434083,5.719156267980041,7.413934716838482,-2.3484859964468527,39.34821428571489,-16.14464285714101,3166.0,1.1000694927032661,3.0,1.9978420741168172,3.0,-1.0,3.0,-1.0,0.5506288544801881,0.0,29.539583030932924,316.6,30.983928571426077,10.0,3.4894480126687637,2.776954482279395,1.1000694927032661,11202.455357142946,3210.380357142848,18,10,1.5734016678248783,1.6105228325612178,1.532370153621068,1412,760,0.5382436260623229,1.1529745042492918,1466,751,0.5122783083219645,1.049113233287858,2878,0.5250173731758165,2878,0.5250173731758165,,,,,1367,0.0,v3_realistic,2878.0,0.5250173731758165,,,,,1511.0,1.0
M15@H1,wick_touch,any,any,any,both,limit,zone,fixed_rr,H4,2.0,1.5,True,0.5,3.0,H1,none,any,until_broken,any,0,0.0,none,178449,35115,4233,4233,2136,2097,0.5046066619418852,0,2097,10194.505357143014,2.4083405048766866,2.0839285714258082,5.452503542894742,7.036968298555438,-2.306370495265332,35.51785714285715,-16.14464285714101,4311.0,1.0184266477675408,3.0,2.0001513837718097,3.0,-1.0,3.0,-1.0,0.5091747834841532,0.0,33.127679940742254,359.25,34.139285714288235,12.0,3.1078449145756064,2.4083405048766866,1.0184266477675408,15030.964285714415,4836.458928571401,15,12,194.62910465390976,207.00994850187266,182.01800190748688,2079,1058,0.5088985088985089,1.0355940355940356,2154,1078,0.500464252553389,1.0018570102135562,4233,0.5046066619418852,4233,0.5046066619418852,,,,,2097,0.0,v3_realistic,4233.0,0.5046066619418852,,,,,2136.0,1.0
H1@H4,wick_touch,any,any,any,both,limit,zone,fixed_rr,H4,2.0,1.5,True,0.5,3.0,H1,none,any,until_broken,any,1,0.0,none,153766,30581,1237,1237,752,485,0.6079223928860146,0,485,13430.109285714256,10.85700023097353,6.238392857144115,21.228294857371505,21.26358567629175,-5.278571428571422,217.16732142857074,-41.205357142857224,2541.0040192701417,2.054166547510219,1.5,3.5681206862565533,4.023941514986889,-1.0,21.889413447775343,-1.0,0.5756998510230663,0.0,20.247945672213074,363.0005741814488,58.17500000000018,7.0,6.245916884058976,10.857000230973531,2.0541665475102193,15990.216428571395,2560.10714285714,12,7,7.631366208569119,11.621010638297872,1.445360824742268,565,342,0.6053097345132743,1.9718725495094367,672,410,0.6101190476190477,2.123357185710282,1237,0.6079223928860146,1237,0.6079223928860146,,,,,485,0.0,v3_realistic,,,1237.0,0.6079223928860146,421.0,1.0,331.0,1.0
H1@H4,wick_touch,any,any,any,both,limit,zone,fixed_rr,H4,2.0,1.5,True,0.5,3.0,H1,none,any,until_broken,any,3,0.0,none,153766,30581,1669,1669,927,742,0.5554224086279209,0,742,14803.522142857139,8.869695711717878,5.0464285714268975,19.848447489751116,20.042798196948663,-5.0891533500192345,217.16732142857074,-41.205357142857224,2999.569570015885,1.7972256261329451,1.5,3.650202053351852,4.036213128388225,-1.0,21.889413447775343,-1.0,0.49236332670478233,0.0,20.114714174267117,374.9461962519856,58.17500000000018,8.0,4.920266711433847,8.869695711717878,1.7972256261329447,18579.67392857141,3776.151785714272,14,8,7.655482324745356,11.749730312837109,2.5404312668463613,785,425,0.5414012738853503,1.687668655152547,884,502,0.5678733031674208,1.8945132078293407,1669,0.5554224086279209,1669,0.5554224086279209,,,,,742,0.0,v3_realistic,,,1669.0,0.5554224086279209,550.0,1.0,377.0,1.0
H1@H4,wick_touch,any,any,any,both,limit,zone,fixed_rr,H4,2.0,1.5,True,0.5,3.0,H1,none,any,until_broken,any,6,0.0,none,153766,30581,1890,1890,1019,871,0.5391534391534392,0,871,15566.623214285679,8.236308578987131,4.597767857142943,19.30336209516525,19.481876489555543,-4.920102099393128,217.16732142857074,-41.205357142857224,3213.141621888357,1.7000749322160618,1.5,3.677971520365052,4.007989815395836,-1.0,21.889413447775343,-1.0,0.4622316738459474,0.0,20.095119989170147,401.6427027360446,58.17500000000018,8.0,4.632470896884741,8.236308578987135,1.700074932216062,19852.032142857097,4285.408928571414,12,8,8.752380952380953,13.18449460255152,3.5671641791044775,888,474,0.5337837837837838,1.6589339351845425,1002,545,0.5439121756487026,1.736535217010464,1890,0.5391534391534392,1890,0.5391534391534392,,,,,871,0.0,v3_realistic,,,1890.0,0.5391534391534392,624.0,1.0,395.0,1.0
H1@H4,wick_touch,any,any,any,both,limit,zone,fixed_rr,H4,2.0,1.5,True,0.5,3.0,H1,none,any,until_broken,any,12,0.0,none,153766,30581,2119,2119,1133,986,0.5346861727229826,0,986,16575.435535714252,7.82229142789724,4.304464285715959,19.034045956338687,18.897085644937544,-4.903613083164284,217.16732142857074,-41.205357142857224,3421.315192401501,1.614589519774187,1.5,3.6317120032552004,3.8899516261266567,-1.0,21.889413447775343,-1.0,0.4445808253316858,0.0,20.465210031301062,427.6643990501876,58.17500000000018,8.0,4.4282449007028095,7.822291427897241,1.614589519774187,21410.398035714235,4834.962499999984,11,8,10.590372817366683,14.703442188879082,5.8640973630831645,1012,534,0.5276679841897233,1.5317622142354081,1107,599,0.5411020776874436,1.6903087909623034,2119,0.5346861727229826,2119,0.5346861727229826,,,,,986,0.0,v3_realistic,,,2119.0,0.5346861727229826,722.0,1.0,411.0,1.0
H1@H4,wick_touch,any,any,any,both,limit,zone,fixed_rr,H4,2.0,1.5,True,0.5,3.0,H1,none,any,until_broken,any,0,0.0,none,153766,30581,2985,2985,1554,1431,0.5206030150753769,0,1431,23931.98696428564,8.0174160684374,4.130357142856367,20.541890459511805,20.151067176870708,-5.159169411999612,202.54982142857259,-19.07321428571418,4856.6276121089595,1.6270109253296328,1.5,3.959245054926932,4.046092414484527,-1.0,49.68370565045075,-1.0,0.4109396874297944,0.0,22.451752909608594,373.5867393929969,82.17767857143231,13.0,4.241599336486087,8.017416068437399,1.6270109253296332,31314.758392857082,7382.771428571445,13,13,561.4606365159129,520.3764478764479,606.0761705101328,1453,749,0.5154852030282174,1.573237987426832,1532,805,0.5254569190600522,1.6780109767478897,2985,0.5206030150753769,2985,0.5206030150753769,,,,,1431,0.0,v3_realistic,,,2985.0,0.5206030150753769,1020.0,1.0,534.0,1.0
M5@M15,wick_touch,any,any,any,both,limit,zone,fixed_rr,H4,2.0,1.5,True,0.5,3.0,H1,none,any,until_broken,any,1,0.0,none,234753,47858,1824,1824,1162,662,0.6370614035087719,0,662,4461.481071428601,2.4459874295112947,1.2026785714291943,6.9077950755079955,4.624717850995854,-1.3783097755718734,64.84196428571454,-5.064285714284633,3498.1298835882226,1.9178343660023145,1.5,5.076817499450653,3.5801461993013954,-1.0,59.005128205143436,-1.0,0.37776310970599936,0.0,16.133625132246575,333.15522700840216,20.403571428568284,10.5,5.889610092236862,2.4459874295112947,1.9178343660023143,5373.922142857182,912.4410714285802,15,6,1.8931834795321636,2.8750717154331613,0.16968781470292044,995,626,0.629145728643216,1.715276270184448,829,536,0.646562123039807,2.160952949040645,1824,0.6370614035087719,1824,0.6370614035087719,1824.0,0.6370614035087719,,,662,0.0,v3_realistic,,,,,976.0,1.0,186.0,1.0
M5@M15,wick_touch,any,any,any,both,limit,zone,fixed_rr,H4,2.0,1.5,True,0.5,3.0,H1,none,any,until_broken,any,1,0.1,none,234753,47858,1753,1753,1110,643,0.6332002281802624,0,643,4179.576785714317,2.3842423192893993,1.0353571428589614,7.122015247956336,4.561830759330795,-1.3748916907354052,64.84196428571454,-5.064285714284633,3254.364985993167,1.8564546411826335,1.2999999999998506,5.191388077742972,3.511139627020862,-1.0,59.005128205143436,-1.0,0.3576027477394356,0.0,14.972413241006361,335.5015449477397,22.16142857142904,9.700000000000273,5.727731981877338,2.3842423192894,1.8564546411826337,5063.632142857183,884.0553571428655,15,6,2.025099828864803,3.0987987987987986,0.1715914981855884,953,596,0.6253934942287513,1.6888594684116263,800,514,0.6425,2.0561023907460827,1753,0.6332002281802624,1753,0.6332002281802624,1753.0,0.6332002281802624,,,643,0.0,v3_realistic,,,,,925.0,1.0,185.0,1.0
M5@M15,wick_touch,any,any,any,both,limit,zone,fixed_rr,H4,2.0,1.5,True,0.5,3.0,H1,none,any,until_broken,any,1,0.25,none,234753,47858,1617,1617,1019,598,0.6301793444650587,0,598,3840.893571428615,2.3753206997084817,0.8071428571454486,7.473767964984525,4.589810388335956,-1.3981993549928504,64.84196428571454,-5.064285714284633,3022.8304539095475,1.869406588688651,1.0,5.528456606332547,3.553317422874925,-1.0,59.005128205143436,-1.0,0.3381425815203736,0.0,13.597368701041148,302.28304539092727,23.46428571428578,10.00000000000091,5.593693256931967,2.3753206997084817,1.8694065886886508,4677.01678571434,836.1232142857245,14,6,2.393939393939394,3.6945534838076544,0.17767558528428093,887,554,0.6245772266065389,1.6775344982419194,730,465,0.636986301369863,2.1025443205054324,1617,0.6301793444650587,1617,0.6301793444650587,1617.0,0.6301793444650587,,,598,0.0,v3_realistic,,,,,831.0,1.0,188.0,1.0
M5@M15,wick_touch,any,any,any,both,limit,zone,fixed_rr,H4,2.0,1.5,True,0.5,3.0,H1,none,any,until_broken,any,1,0.5,none,234753,47858,1488,1488,933,555,0.6270161290322581,0,555,3440.071071428642,2.3118757200461304,0.4111607142864848,8.130009279908496,4.525411116215053,-1.4092567567567602,64.84196428571454,-5.064285714284633,2716.0164801836063,1.8252798925965108,0.5,6.026756987611434,3.505912626134628,-1.0,57.29999999994608,-1.0,0.3028626998481182,0.0,11.682808423466744,169.75103001146573,29.85803571428096,16.00000000000091,5.398294508866579,2.311875720046131,1.825279892596511,4222.208571428644,782.1375000000019,13,6,2.8570788530465947,4.446856020007146,0.18453453453453456,810,504,0.6222222222222222,1.6334917753230842,678,429,0.6327433628318584,2.0544072893390988,1488,0.6270161290322581,1488,0.6270161290322581,1488.0,0.6270161290322581,,,555,0.0,v3_realistic,,,,,744.0,1.0,189.0,1.0
M15@H1,wick_touch,any,any,any,both,limit,zone,fixed_rr,H4,2.0,1.5,True,0.5,3.0,H1,none,any,until_broken,any,1,0.0,none,178449,35115,1522,1522,941,581,0.6182654402102497,0,581,6126.119642857093,4.025045757461953,4.623214285717214,6.236947338455938,8.131880977683242,-2.6264722153921474,35.51785714285715,-8.87678571428463,2242.0,1.4730617608409986,3.0,1.9438866446989247,3.0,-1.0,3.0,-1.0,0.7577920064722452,0.0,29.563601938218863,320.2857142857143,29.301785714281777,7.0,5.014546854539664,4.025045757461953,1.4730617608409986,7652.09999999993,1525.9803571428376,12,7,0.2823587385019711,0.2763018065887354,0.2921686746987952,781,487,0.6235595390524968,1.4942381562099871,741,454,0.6126855600539811,1.4507422402159245,1522,0.6182654402102497,1522,0.6182654402102497,,,,,581,0.0,v3_realistic,1522.0,0.6182654402102497,,,,,941.0,1.0
M15@H1,wick_touch,any,any,any,both,limit,zone,fixed_rr,H4,2.0,1.5,True,0.5,3.0,H1,none,any,until_broken,any,1,0.1,none,178449,35115,1522,1522,941,581,0.6182654402102497,0,581,6126.119642857093,4.025045757461953,4.623214285717214,6.236947338455938,8.131880977683242,-2.6264722153921474,35.51785714285715,-8.87678571428463,2242.0,1.4730617608409986,3.0,1.9438866446989247,3.0,-1.0,3.0,-1.0,0.7577920064722452,0.0,29.563601938218863,320.2857142857143,29.301785714281777,7.0,5.014546854539664,4.025045757461953,1.4730617608409986,7652.09999999993,1525.9803571428376,12,7,0.2823587385019711,0.2763018065887354,0.2921686746987952,781,487,0.6235595390524968,1.4942381562099871,741,454,0.6126855600539811,1.4507422402159245,1522,0.6182654402102497,1522,0.6182654402102497,,,,,581,0.0,v3_realistic,1522.0,0.6182654402102497,,,,,941.0,1.0
M15@H1,wick_touch,any,any,any,both,limit,zone,fixed_rr,H4,2.0,1.5,True,0.5,3.0,H1,none,any,until_broken,any,1,0.25,none,178449,35115,1522,1522,941,581,0.6182654402102497,0,581,6126.119642857093,4.025045757461953,4.623214285717214,6.236947338455938,8.131880977683242,-2.6264722153921474,35.51785714285715,-8.87678571428463,2242.0,1.4730617608409986,3.0,1.9438866446989247,3.0,-1.0,3.0,-1.0,0.7577920064722452,0.0,29.563601938218863,320.2857142857143,29.301785714281777,7.0,5.014546854539664,4.025045757461953,1.4730617608409986,7652.09999999993,1525.9803571428376,12,7,0.2823587385019711,0.2763018065887354,0.2921686746987952,781,487,0.6235595390524968,1.4942381562099871,741,454,0.6126855600539811,1.4507422402159245,1522,0.6182654402102497,1522,0.6182654402102497,,,,,581,0.0,v3_realistic,1522.0,0.6182654402102497,,,,,941.0,1.0
M15@H1,wick_touch,any,any,any,both,limit,zone,fixed_rr,H4,2.0,1.5,True,0.5,3.0,H1,none,any,until_broken,any,1,0.5,none,178449,35115,1522,1522,941,581,0.6182654402102497,0,581,6126.119642857093,4.025045757461953,4.623214285717214,6.236947338455938,8.131880977683242,-2.6264722153921474,35.51785714285715,-8.87678571428463,2242.0,1.4730617608409986,3.0,1.9438866446989247,3.0,-1.0,3.0,-1.0,0.7577920064722452,0.0,29.563601938218863,320.2857142857143,29.301785714281777,7.0,5.014546854539664,4.025045757461953,1.4730617608409986,7652.09999999993,1525.9803571428376,12,7,0.2823587385019711,0.2763018065887354,0.2921686746987952,781,487,0.6235595390524968,1.4942381562099871,741,454,0.6126855600539811,1.4507422402159245,1522,0.6182654402102497,1522,0.6182654402102497,,,,,581,0.0,v3_realistic,1522.0,0.6182654402102497,,,,,941.0,1.0
H1@H4,wick_touch,any,any,any,both,limit,zone,fixed_rr,H4,2.0,1.5,True,0.5,3.0,H1,none,any,until_broken,any,1,0.0,none,153766,30581,1237,1237,752,485,0.6079223928860146,0,485,13430.109285714256,10.85700023097353,6.238392857144115,21.228294857371505,21.26358567629175,-5.278571428571422,217.16732142857074,-41.205357142857224,2541.0040192701417,2.054166547510219,1.5,3.5681206862565533,4.023941514986889,-1.0,21.889413447775343,-1.0,0.5756998510230663,0.0,20.247945672213074,363.0005741814488,58.17500000000018,7.0,6.245916884058976,10.857000230973531,2.0541665475102193,15990.216428571395,2560.10714285714,12,7,7.631366208569119,11.621010638297872,1.445360824742268,565,342,0.6053097345132743,1.9718725495094367,672,410,0.6101190476190477,2.123357185710282,1237,0.6079223928860146,1237,0.6079223928860146,,,,,485,0.0,v3_realistic,,,1237.0,0.6079223928860146,421.0,1.0,331.0,1.0
H1@H4,wick_touch,any,any,any,both,limit,zone,fixed_rr,H4,2.0,1.5,True,0.5,3.0,H1,none,any,until_broken,any,1,0.1,none,153766,30581,1212,1212,733,479,0.6047854785478548,0,479,12955.121428571394,10.689044082979699,5.313749999999451,21.634025734801437,21.109513252777184,-5.257101849090359,217.16732142857074,-41.205357142857224,2446.0808323775996,2.0182185085623767,1.2999999999999645,3.6181526165347004,3.9905604807334254,-1.0,21.889413447775343,-1.0,0.5578035872061509,0.0,19.41925715321934,349.4401189110857,58.17500000000018,7.0,6.144694415192542,10.689044082979699,2.018218508562377,15473.273214285677,2518.151785714282,11,7,8.157590759075907,12.542974079126877,1.4467640918580376,550,332,0.6036363636363636,1.9577663180541318,662,401,0.6057401812688822,2.068443138138713,1212,0.6047854785478548,1212,0.6047854785478548,,,,,479,0.0,v3_realistic,,,1212.0,0.6047854785478548,402.0,1.0,331.0,1.0
H1@H4,wick_touch,any,any,any,both,limit,zone,fixed_rr,H4,2.0,1.5,True,0.5,3.0,H1,none,any,until_broken,any,1,0.25,none,153766,30581,1172,1172,709,463,0.6049488054607508,0,463,12432.583214285667,10.608006155533845,4.185714285713238,22.141147851649574,20.9583734636308,-5.241692378895398,217.16732142857074,-41.205357142857224,2355.9042510920794,2.0101572108294197,1.0,3.737706017588974,3.9758875191707754,-1.0,23.869785676955004,-1.0,0.5378050604755913,0.0,18.41147956471008,336.55775015601137,59.710714285716676,7.0,6.12281714059507,10.608006155533843,2.0101572108294192,14859.486785714236,2426.903571428569,11,7,8.866894197952218,13.796897038081806,1.3174946004319654,536,324,0.6044776119402985,1.9612976065231673,636,385,0.6053459119496856,2.051334487414563,1172,0.6049488054607508,1172,0.6049488054607508,,,,,463,0.0,v3_realistic,,,1172.0,0.6049488054607508,377.0,1.0,332.0,1.0
H1@H4,wick_touch,any,any,any,both,limit,zone,fixed_rr,H4,2.0,1.5,True,0.5,3.0,H1,none,any,until_broken,any,1,0.5,none,153766,30581,1130,1130,687,443,0.6079646017699115,0,443,12300.452142857108,10.88535587863461,2.1558035714286383,23.515343879436138,21.28036026200868,-5.235113673008701,217.16732142857074,-41.205357142857224,2326.2161376627137,2.058598351913905,0.5,3.9810372342663767,4.030882296452274,-1.0,23.869785676955004,-1.0,0.5171010042796704,0.0,17.38259465524521,258.4684597403146,61.86339285714712,8.999999999999545,6.303850000808475,10.88535587863461,2.058598351913905,14619.607499999964,2319.155357142855,13,7,9.883185840707965,15.417758369723435,1.3002257336343115,522,318,0.6091954022988506,2.0469968177470967,608,369,0.6069078947368421,2.068558879603171,1130,0.6079646017699115,1130,0.6079646017699115,,,,,443,0.0,v3_realistic,,,1130.0,0.6079646017699115,342.0,1.0,345.0,1.0
M5@M15,wick_touch,any,any,any,both,limit,zone,fixed_rr,H4,2.0,1.5,True,0.5,3.0,H1,none,any,until_broken,any,1,0.0,none,234753,47858,1824,1824,1162,662,0.6370614035087719,0,662,4461.481071428601,2.4459874295112947,1.2026785714291943,6.9077950755079955,4.624717850995854,-1.3783097755718734,64.84196428571454,-5.064285714284633,3498.1298835882226,1.9178343660023145,1.5,5.076817499450653,3.5801461993013954,-1.0,59.005128205143436,-1.0,0.37776310970599936,0.0,16.133625132246575,333.15522700840216,20.403571428568284,10.5,5.889610092236862,2.4459874295112947,1.9178343660023143,5373.922142857182,912.4410714285802,15,6,1.8931834795321636,2.8750717154331613,0.16968781470292044,995,626,0.629145728643216,1.715276270184448,829,536,0.646562123039807,2.160952949040645,1824,0.6370614035087719,1824,0.6370614035087719,1824.0,0.6370614035087719,,,662,0.0,v3_realistic,,,,,976.0,1.0,186.0,1.0
M5@M15,wick_touch,any,any,any,both,limit,zone,fixed_rr,H4,2.0,1.5,True,0.5,3.0,H1,none,any,until_broken,any,1,0.0,ha_m5,234753,47858,2235,2235,1407,828,0.6295302013422819,0,828,2341.0144642857304,1.0474337647810874,1.111607142857407,3.1380115061140508,2.4477194385216987,-1.3320371808143718,63.12071428571486,-6.046428571426787,1869.1935713824812,0.8363282198579334,1.5,2.1778023140350338,1.9169819270664403,-1.0,25.871428571444355,-1.0,0.3840239375576674,0.0,18.155033726756194,178.0184353697601,21.966071428572377,10.5,3.122547475143234,1.0474337647810874,0.8363282198579336,3443.94125000003,1102.9267857143,16,6,0.2844146159582401,0.3259891021085051,0.213768115942029,1215,755,0.6213991769547325,0.8018527569939253,1020,652,0.6392156862745098,0.8773945800341784,2235,0.6295302013422819,2235,0.6295302013422819,2235.0,0.6295302013422819,,,828,0.0,v3_realistic,,,,,1338.0,1.0,69.0,1.0
M5@M15,wick_touch,any,any,any,both,limit,zone,fixed_rr,H4,2.0,1.5,True,0.5,3.0,H1,none,any,until_broken,any,1,0.0,ha_m15,234753,47858,2202,2202,1390,812,0.631244323342416,0,812,2707.025892857161,1.2293487251849051,1.1303571428566972,3.730883143740484,2.7245689876670327,-1.3302032019704604,63.12071428571486,-5.064285714284633,2173.015851112573,0.9868373529121585,1.5,2.6124447900768826,2.147493418066599,-1.0,25.871428571444355,-1.0,0.3777447686781991,0.0,17.725851877999236,206.9538905821498,20.403571428571468,10.5,3.506215385124061,1.2293487251849053,0.9868373529121582,3787.150892857175,1080.1250000000139,16,6,0.38782924613987285,0.4882494004796163,0.21592775041050905,1197,748,0.6248955722639933,0.9431147485968078,1005,642,0.6388059701492538,1.0389129323802928,2202,0.631244323342416,2202,0.631244323342416,2202.0,0.631244323342416,,,812,0.0,v3_realistic,,,,,1295.0,1.0,95.0,1.0
M5@M15,wick_touch,any,any,any,both,limit,zone,fixed_rr,H4,2.0,1.5,True,0.5,3.0,H1,none,any,until_broken,any,1,0.0,ha_h1,234753,47858,2149,2149,1349,800,0.6277338296882271,0,800,3285.1330357143115,1.5286798677125693,1.1383928571406798,4.502042533381398,3.225481176532912,-1.332551339285734,63.12071428571486,-5.064285714284633,2696.6993421952116,1.2548624207516113,1.5,3.509232584529904,2.5920677110416697,-1.0,59.005128205143436,-1.0,0.35758884329398544,0.0,16.57685612663216,256.82850878049635,20.403571428571468,10.5,4.081619577106864,1.5286798677125693,1.2548624207516113,4351.174107142899,1066.0410714285872,15,6,0.6385140375368389,0.8884358784284655,0.21708333333333332,1181,735,0.6223539373412362,1.1239352483400753,968,614,0.6342975206611571,1.414598981307421,2149,0.6277338296882271,2149,0.6277338296882271,2149.0,0.6277338296882271,,,800,0.0,v3_realistic,,,,,1210.0,1.0,139.0,1.0
M15@H1,wick_touch,any,any,any,both,limit,zone,fixed_rr,H4,2.0,1.5,True,0.5,3.0,H1,none,any,until_broken,any,1,0.0,none,178449,35115,1522,1522,941,581,0.6182654402102497,0,581,6126.119642857093,4.025045757461953,4.623214285717214,6.236947338455938,8.131880977683242,-2.6264722153921474,35.51785714285715,-8.87678571428463,2242.0,1.4730617608409986,3.0,1.9438866446989247,3.0,-1.0,3.0,-1.0,0.7577920064722452,0.0,29.563601938218863,320.2857142857143,29.301785714281777,7.0,5.014546854539664,4.025045757461953,1.4730617608409986,7652.09999999993,1525.9803571428376,12,7,0.2823587385019711,0.2763018065887354,0.2921686746987952,781,487,0.6235595390524968,1.4942381562099871,741,454,0.6126855600539811,1.4507422402159245,1522,0.6182654402102497,1522,0.6182654402102497,,,,,581,0.0,v3_realistic,1522.0,0.6182654402102497,,,,,941.0,1.0
M15@H1,wick_touch,any,any,any,both,limit,zone,fixed_rr,H4,2.0,1.5,True,0.5,3.0,H1,none,any,until_broken,any,1,0.0,ha_m5,178449,35115,1522,1522,941,581,0.6182654402102497,0,581,6126.119642857093,4.025045757461953,4.623214285717214,6.236947338455938,8.131880977683242,-2.6264722153921474,35.51785714285715,-8.87678571428463,2242.0,1.4730617608409986,3.0,1.9438866446989247,3.0,-1.0,3.0,-1.0,0.7577920064722452,0.0,29.563601938218863,320.2857142857143,29.301785714281777,7.0,5.014546854539664,4.025045757461953,1.4730617608409986,7652.09999999993,1525.9803571428376,12,7,0.2823587385019711,0.2763018065887354,0.2921686746987952,781,487,0.6235595390524968,1.4942381562099871,741,454,0.6126855600539811,1.4507422402159245,1522,0.6182654402102497,1522,0.6182654402102497,,,,,581,0.0,v3_realistic,1522.0,0.6182654402102497,,,,,941.0,1.0
M15@H1,wick_touch,any,any,any,both,limit,zone,fixed_rr,H4,2.0,1.5,True,0.5,3.0,H1,none,any,until_broken,any,1,0.0,ha_m15,178449,35115,1522,1522,941,581,0.6182654402102497,0,581,6126.119642857093,4.025045757461953,4.623214285717214,6.236947338455938,8.131880977683242,-2.6264722153921474,35.51785714285715,-8.87678571428463,2242.0,1.4730617608409986,3.0,1.9438866446989247,3.0,-1.0,3.0,-1.0,0.7577920064722452,0.0,29.563601938218863,320.2857142857143,29.301785714281777,7.0,5.014546854539664,4.025045757461953,1.4730617608409986,7652.09999999993,1525.9803571428376,12,7,0.2823587385019711,0.2763018065887354,0.2921686746987952,781,487,0.6235595390524968,1.4942381562099871,741,454,0.6126855600539811,1.4507422402159245,1522,0.6182654402102497,1522,0.6182654402102497,,,,,581,0.0,v3_realistic,1522.0,0.6182654402102497,,,,,941.0,1.0
M15@H1,wick_touch,any,any,any,both,limit,zone,fixed_rr,H4,2.0,1.5,True,0.5,3.0,H1,none,any,until_broken,any,1,0.0,ha_h1,178449,35115,1522,1522,941,581,0.6182654402102497,0,581,6126.119642857093,4.025045757461953,4.623214285717214,6.236947338455938,8.131880977683242,-2.6264722153921474,35.51785714285715,-8.87678571428463,2242.0,1.4730617608409986,3.0,1.9438866446989247,3.0,-1.0,3.0,-1.0,0.7577920064722452,0.0,29.563601938218863,320.2857142857143,29.301785714281777,7.0,5.014546854539664,4.025045757461953,1.4730617608409986,7652.09999999993,1525.9803571428376,12,7,0.2823587385019711,0.2763018065887354,0.2921686746987952,781,487,0.6235595390524968,1.4942381562099871,741,454,0.6126855600539811,1.4507422402159245,1522,0.6182654402102497,1522,0.6182654402102497,,,,,581,0.0,v3_realistic,1522.0,0.6182654402102497,,,,,941.0,1.0
H1@H4,wick_touch,any,any,any,both,limit,zone,fixed_rr,H4,2.0,1.5,True,0.5,3.0,H1,none,any,until_broken,any,1,0.0,none,153766,30581,1237,1237,752,485,0.6079223928860146,0,485,13430.109285714256,10.85700023097353,6.238392857144115,21.228294857371505,21.26358567629175,-5.278571428571422,217.16732142857074,-41.205357142857224,2541.0040192701417,2.054166547510219,1.5,3.5681206862565533,4.023941514986889,-1.0,21.889413447775343,-1.0,0.5756998510230663,0.0,20.247945672213074,363.0005741814488,58.17500000000018,7.0,6.245916884058976,10.857000230973531,2.0541665475102193,15990.216428571395,2560.10714285714,12,7,7.631366208569119,11.621010638297872,1.445360824742268,565,342,0.6053097345132743,1.9718725495094367,672,410,0.6101190476190477,2.123357185710282,1237,0.6079223928860146,1237,0.6079223928860146,,,,,485,0.0,v3_realistic,,,1237.0,0.6079223928860146,421.0,1.0,331.0,1.0
H1@H4,wick_touch,any,any,any,both,limit,zone,fixed_rr,H4,2.0,1.5,True,0.5,3.0,H1,none,any,until_broken,any,1,0.0,ha_m5,153766,30581,1239,1239,753,486,0.6077481840193705,0,486,12977.156785714258,10.473895710826682,6.088392857143132,20.774840517698074,20.63819673686203,-5.274496619635502,217.16732142857074,-41.205357142857224,2459.8657499447804,1.9853638014082162,1.5,3.5084611572735818,3.912172310683639,-1.0,21.889413447775343,-1.0,0.5658788033871347,0.0,19.918612354584795,351.40939284925435,58.17500000000018,7.0,6.062467685633015,10.47389571082668,1.9853638014082162,15540.56214285711,2563.405357142854,12,7,6.874899112187248,10.379814077025232,1.4444444444444444,567,343,0.6049382716049383,1.9378863501663448,672,410,0.6101190476190477,2.0254229008935463,1239,0.6077481840193705,1239,0.6077481840193705,,,,,486,0.0,v3_realistic,,,1239.0,0.6077481840193705,435.0,1.0,318.0,1.0
H1@H4,wick_touch,any,any,any,both,limit,zone,fixed_rr,H4,2.0,1.5,True,0.5,3.0,H1,none,any,until_broken,any,1,0.0,ha_m15,153766,30581,1240,1240,753,487,0.6072580645161291,0,487,12010.965714285689,9.68626267281104,6.0241071428579485,19.746789775521524,19.358610320622233,-5.26913317688471,217.16732142857074,-41.205357142857224,2284.4585162485823,1.8423052550391792,1.5,3.335534095842302,3.680555798470893,-1.0,19.296194100859452,-1.0,0.5523269144019807,0.0,19.44943765928177,326.35121660694034,58.17500000000018,7.0,5.680689047583918,9.68626267281104,1.8423052550391796,14577.033571428543,2566.0678571428534,12,7,6.103225806451613,9.116865869853918,1.4435318275154003,568,343,0.6038732394366197,1.8038735861143738,672,410,0.6101190476190477,1.8747891656780038,1240,0.6072580645161291,1240,0.6072580645161291,,,,,487,0.0,v3_realistic,,,1240.0,0.6072580645161291,460.0,1.0,293.0,1.0
H1@H4,wick_touch,any,any,any,both,limit,zone,fixed_rr,H4,2.0,1.5,True,0.5,3.0,H1,none,any,until_broken,any,1,0.0,ha_h1,153766,30581,1266,1266,770,496,0.608214849921011,0,496,9223.871964285667,7.285838834348868,5.894196428571918,15.307615004202006,15.37381563079771,-5.2700928859446945,108.27035714285893,-41.205357142857224,1826.7204482926484,1.4429071471505903,1.5,2.8299693425934738,3.016520062717724,-1.0,19.296194100859452,-1.0,0.5098667061277294,0.0,18.141513097043646,260.9600640418069,58.17500000000064,7.0,4.5286884803538,7.285838834348869,1.4429071471505903,11837.838035714236,2613.9660714285683,12,7,2.740126382306477,3.5779220779220777,1.439516129032258,579,350,0.6044905008635578,1.4469757611825882,687,420,0.611353711790393,1.4394781405646713,1266,0.608214849921011,1266,0.608214849921011,,,,,496,0.0,v3_realistic,,,1266.0,0.608214849921011,544.0,1.0,226.0,1.0
M5@M15,wick_touch,any,any,any,both,limit,zone,fixed_rr,H4,2.0,1.5,True,0.5,3.0,H1,none,any,until_broken,any,3,0.25,ha_m15,234753,47858,2966,2966,1667,1299,0.5620364126770061,0,1299,1728.6203571429337,0.5828119882477861,0.60178571428815,3.296960160565693,2.016170408775429,-1.2566094798196354,63.12071428571486,-5.064285714284633,1463.064829899354,0.4932787693524457,1.0,2.4652302442799856,1.656907516436325,-1.0,25.871428571444355,-1.0,0.20009440112013413,0.0,10.897340222304164,104.50463070709756,23.174999999984948,13.999999999999886,2.058985809116699,0.5828119882477862,0.49327876935244575,3360.95607142864,1632.3357142857064,14,10,0.5861429534726905,0.7142071585682863,0.4217988196048242,1557,879,0.5645472061657033,0.49833191408676847,1409,788,0.5592618878637331,0.48769484717264455,2966,0.5620364126770061,2966,0.5620364126770061,2966.0,0.5620364126770061,,,1299,0.0,v3_realistic,,,,,1560.0,1.0,107.0,1.0
M15@H1,wick_touch,any,any,any,both,limit,zone,fixed_rr,H4,2.0,1.5,True,0.5,3.0,H1,none,any,until_broken,any,3,0.25,ha_m15,178449,35115,2175,2175,1215,960,0.5586206896551724,0,960,7116.671428571419,3.2720328407224915,3.675000000000761,5.97953342868681,7.7908465608465605,-2.447090773809534,39.34821428571489,-8.87678571428463,2685.0,1.2344827586206897,3.0,1.9866636533466666,3.0,-1.0,3.0,-1.0,0.6213848814021043,0.0,28.979461633480327,335.625,22.078571428572104,8.0,4.029392895475357,3.2720328407224915,1.2344827586206897,9465.878571428571,2349.2071428571526,16,8,0.6597701149425287,0.7115226337448559,0.5942708333333333,1084,614,0.566420664206642,1.2656826568265682,1091,601,0.5508707607699358,1.2034830430797434,2175,0.5586206896551724,2175,0.5586206896551724,,,,,960,0.0,v3_realistic,2175.0,0.5586206896551724,,,,,1215.0,1.0
H1@H4,wick_touch,any,any,any,both,limit,zone,fixed_rr,H4,2.0,1.5,True,0.5,3.0,H1,none,any,until_broken,any,3,0.25,ha_m15,153766,30581,1614,1614,892,722,0.5526641883519207,0,722,11925.845535714267,7.388999712338455,3.310714285713612,19.27170667924183,17.47456658392052,-5.071285120696451,217.16732142857074,-41.205357142857224,2453.7585266857195,1.5202964849353928,1.0,3.578170577219856,3.5602674065983453,-1.0,19.296194100859452,-1.0,0.42488094184616065,0.0,17.069429896658704,306.71981583571494,68.97321428571195,8.0,4.25712146085051,7.388999712338455,1.5202964849353928,15587.313392857104,3661.467857142837,14,8,7.618339529120198,11.718609865470851,2.5526315789473686,767,412,0.5371577574967406,1.4819484787822363,847,480,0.5667060212514758,1.5550224834235533,1614,0.5526641883519207,1614,0.5526641883519207,,,,,722,0.0,v3_realistic,,,1614.0,0.5526641883519207,554.0,1.0,338.0,1.0
M5@M15,wick_touch,any,any,any,both,limit,zone,fixed_rr,H4,2.0,1.5,True,0.5,3.0,H1,none,any,until_broken,any,3,0.25,ha_h1,234753,47858,2747,2747,1533,1214,0.5580633418274481,0,1214,2429.7708928572247,0.88451798065425,0.5964285714288309,4.184026544131811,2.5846201425776365,-1.2623161332078194,63.12071428571486,-5.064285714284633,2129.4438878859582,0.7751888925686055,1.0,3.420516134852561,2.180981009710345,-1.0,59.005128205143436,-1.0,0.22662921676351616,0.0,11.878052146465372,141.96292585899286,20.2714285714178,15.000000000007503,2.585544756127307,0.8845179806542497,0.7751888925686052,3962.222678571517,1532.4517857142928,13,10,0.8909112971726733,1.2521200260926288,0.434788577704558,1454,825,0.5674002751031637,0.7382341637996391,1293,708,0.5475638051044084,0.816745099552424,2747,0.5580633418274481,2747,0.5580633418274481,2747.0,0.5580633418274481,,,1214,0.0,v3_realistic,,,,,1376.0,1.0,157.0,1.0
M15@H1,wick_touch,any,any,any,both,limit,zone,fixed_rr,H4,2.0,1.5,True,0.5,3.0,H1,none,any,until_broken,any,3,0.25,ha_h1,178449,35115,2175,2175,1215,960,0.5586206896551724,0,960,7116.671428571419,3.2720328407224915,3.675000000000761,5.97953342868681,7.7908465608465605,-2.447090773809534,39.34821428571489,-8.87678571428463,2685.0,1.2344827586206897,3.0,1.9866636533466666,3.0,-1.0,3.0,-1.0,0.6213848814021043,0.0,28.979461633480327,335.625,22.078571428572104,8.0,4.029392895475357,3.2720328407224915,1.2344827586206897,9465.878571428571,2349.2071428571526,16,8,0.6597701149425287,0.7115226337448559,0.5942708333333333,1084,614,0.566420664206642,1.2656826568265682,1091,601,0.5508707607699358,1.2034830430797434,2175,0.5586206896551724,2175,0.5586206896551724,,,,,960,0.0,v3_realistic,2175.0,0.5586206896551724,,,,,1215.0,1.0
H1@H4,wick_touch,any,any,any,both,limit,zone,fixed_rr,H4,2.0,1.5,True,0.5,3.0,H1,none,any,until_broken,any,3,0.25,ha_h1,153766,30581,1741,1741,959,782,0.5508328546812177,0,782,7992.576607142825,4.590796442930974,3.2410714285724396,13.999667306591334,12.461956092655988,-5.061942820606482,108.27035714285893,-41.205357142857224,1759.732610740702,1.0107596845150497,1.0,2.865071655186754,2.6503989684470297,-1.0,19.296194100859452,-1.0,0.35278687801236347,0.0,14.72013553060275,175.9732610740547,77.56607142857865,10.000000000000881,3.0191232024165373,4.590796442930973,1.0107596845150497,11951.015892857093,3958.4392857142684,14,8,3.780585870189546,4.667361835245047,2.6930946291560103,822,440,0.5352798053527981,0.959499051146246,919,519,0.5647442872687704,1.0566097831321952,1741,0.5508328546812177,1741,0.5508328546812177,,,,,782,0.0,v3_realistic,,,1741.0,0.5508328546812177,698.0,1.0,261.0,1.0
M5@M15,wick_touch,any,any,any,both,limit,zone,fixed_rr,H4,2.0,1.5,True,0.5,3.0,H1,none,any,until_broken,any,6,0.25,ha_m15,234753,47858,3398,3398,1878,1520,0.5526780459093584,0,1520,1727.9626785713929,0.5085234486672727,0.5678571428568979,3.098769543088723,1.9119609577057561,-1.2254605263158007,63.12071428571486,-5.064285714284633,1498.9396189265683,0.4411240785540225,0.9999999999994067,2.3714993833944398,1.6075290835604732,-1.0,25.871428571444355,-1.0,0.1860106233393241,0.0,10.842999441081565,74.94698094632905,24.103571428565374,19.99999999999983,1.9276655814523955,0.5085234486672727,0.44112407855402247,3590.66267857141,1862.700000000017,21,10,0.7171130076515597,0.8906638267660633,0.5026864035087719,1772,988,0.5575620767494357,0.4552867716922081,1626,890,0.5473554735547356,0.42568970448215016,3398,0.5526780459093584,3398,0.5526780459093584,3398.0,0.5526780459093584,,,1520,0.0,v3_realistic,,,,,1764.0,1.0,114.0,1.0
M15@H1,wick_touch,any,any,any,both,limit,zone,fixed_rr,H4,2.0,1.5,True,0.5,3.0,H1,none,any,until_broken,any,6,0.25,ha_m15,178449,35115,2534,2534,1370,1164,0.5406471981057617,0,1164,7549.514285714321,2.9792874055699765,3.174107142855931,5.829846275965906,7.551819603753931,-2.402472999509078,39.34821428571489,-11.296428571427874,2946.0,1.1625887924230465,3.0,1.9937737091864844,3.0,-1.0,3.0,-1.0,0.5831097015003851,0.0,29.35307284382884,294.6,30.887499999998,10.0,3.69965032553698,2.979287405569976,1.1625887924230467,10345.992857142886,2796.4785714285667,17,10,1.0397592738752959,1.1525547445255475,0.9070017182130584,1254,697,0.5558213716108453,1.223285486443381,1280,673,0.52578125,1.103125,2534,0.5406471981057617,2534,0.5406471981057617,,,,,1164,0.0,v3_realistic,2534.0,0.5406471981057617,,,,,1370.0,1.0
H1@H4,wick_touch,any,any,any,both,limit,zone,fixed_rr,H4,2.0,1.5,True,0.5,3.0,H1,none,any,until_broken,any,6,0.25,ha_m15,153766,30581,1843,1843,986,857,0.534997287032013,0,857,12544.041607142808,6.806316661499082,2.9196428571420796,18.81542404305778,16.981261409736234,-4.900212535422544,217.16732142857074,-41.205357142857224,2621.4027936547113,1.4223563720318582,0.9999999999998256,3.609492751602754,3.5277918799743553,-1.0,19.296194100859452,-1.0,0.3940599053427319,0.0,16.91706103862743,262.14027936544727,73.58410714286401,10.00000000000091,3.9870448737301833,6.80631666149908,1.422356372031858,16743.523749999928,4199.48214285712,12,8,8.60119370591427,12.937119675456389,3.6126021003500584,874,460,0.5263157894736842,1.4410351799054741,969,526,0.542827657378741,1.4055088198321266,1843,0.534997287032013,1843,0.534997287032013,,,,,857,0.0,v3_realistic,,,1843.0,0.534997287032013,632.0,1.0,354.0,1.0
M5@M15,wick_touch,any,any,any,both,limit,zone,fixed_rr,H4,2.0,1.5,True,0.5,3.0,H1,none,any,until_broken,any,6,0.25,ha_h1,234753,47858,3122,3122,1717,1405,0.5499679692504804,0,1405,2448.4026785714177,0.7842417292028885,0.5705357142860024,3.9027075372788596,2.4270181587486537,-1.2233362989323993,63.12071428571486,-5.064285714284633,2228.977575660226,0.713958224106415,0.9999999999994562,3.3734284799450376,2.116469176272701,-1.0,59.005128205143436,-1.0,0.21164172542885726,0.0,11.825451816336527,111.44887878301195,23.858928571422894,19.999999999999886,2.4244941149335726,0.7842417292028881,0.7139582241064149,4167.190178571438,1718.7875000000208,18,10,1.0390775144138373,1.4685497961560863,0.5142348754448398,1640,918,0.5597560975609757,0.6752021698938461,1482,799,0.5391363022941971,0.7568461653402969,3122,0.5499679692504804,3122,0.5499679692504804,3122.0,0.5499679692504804,,,1405,0.0,v3_realistic,,,,,1549.0,1.0,168.0,1.0
M15@H1,wick_touch,any,any,any,both,limit,zone,fixed_rr,H4,2.0,1.5,True,0.5,3.0,H1,none,any,until_broken,any,6,0.25,ha_h1,178449,35115,2534,2534,1370,1164,0.5406471981057617,0,1164,7549.514285714321,2.9792874055699765,3.174107142855931,5.829846275965906,7.551819603753931,-2.402472999509078,39.34821428571489,-11.296428571427874,2946.0,1.1625887924230465,3.0,1.9937737091864844,3.0,-1.0,3.0,-1.0,0.5831097015003851,0.0,29.35307284382884,294.6,30.887499999998,10.0,3.69965032553698,2.979287405569976,1.1625887924230467,10345.992857142886,2796.4785714285667,17,10,1.0397592738752959,1.1525547445255475,0.9070017182130584,1254,697,0.5558213716108453,1.223285486443381,1280,673,0.52578125,1.103125,2534,0.5406471981057617,2534,0.5406471981057617,,,,,1164,0.0,v3_realistic,2534.0,0.5406471981057617,,,,,1370.0,1.0
H1@H4,wick_touch,any,any,any,both,limit,zone,fixed_rr,H4,2.0,1.5,True,0.5,3.0,H1,none,any,until_broken,any,6,0.25,ha_h1,153766,30581,1993,1993,1062,931,0.532865027596588,0,931,8075.285357142805,4.051824062791171,2.8767857142852904,13.432006337805996,11.923503161151395,-4.927470461868933,108.27035714285893,-41.205357142857224,1816.806340643173,0.9115937484411298,0.9999999999998118,2.847481946039862,2.5873882680255855,-1.0,19.296194100859452,-1.0,0.32014030842545976,0.0,14.292032935798384,151.40052838692102,83.19285714286707,12.000000000000796,2.760289779702962,4.051824062791171,0.9115937484411298,12662.76035714278,4587.474999999977,11,8,4.84194681384847,5.769303201506592,3.7841031149301827,940,493,0.524468085106383,0.8935924768013309,1053,569,0.540360873694207,0.9276632596865345,1993,0.532865027596588,1993,0.532865027596588,,,,,931,0.0,v3_realistic,,,1993.0,0.532865027596588,793.0,1.0,269.0,1.0
M5@M15,wick_touch,any,any,any,both,limit,zone,fixed_rr,H4,2.0,1.5,True,0.5,3.0,H1,none,any,until_broken,any,0,0.25,ha_m15,234753,47858,5463,5463,2811,2652,0.5145524437122461,0,2652,2074.196428571322,0.37968083993617463,0.44285714285718925,2.896747009342467,1.8446352340295458,-1.1731045302736542,63.12071428571486,-5.064285714284633,2056.7672274827028,0.3764904315362807,0.9999999999985162,2.5860603199357413,1.6751217458138392,-1.0,53.50100502512197,-1.0,0.14558455138650275,0.0,10.760461371798229,89.42466206445916,28.371428571417255,23.00000000000159,1.6667141162242096,0.37968083993617485,0.3764904315362809,5185.269642857053,3111.073214285731,11,9,58.832265543962414,52.65133997391201,65.38376696832579,2802,1458,0.5203426124197003,0.4061317123427141,2661,1353,0.5084554678692221,0.34527853043908957,5463,0.5145524437122461,5463,0.5145524437122461,5463.0,0.5145524437122461,,,2652,0.0,v3_realistic,,,,,2623.0,1.0,188.0,1.0
M15@H1,wick_touch,any,any,any,both,limit,zone,fixed_rr,H4,2.0,1.5,True,0.5,3.0,H1,none,any,until_broken,any,0,0.25,ha_m15,178449,35115,4233,4233,2136,2097,0.5046066619418852,0,2097,10194.505357143014,2.4083405048766866,2.0839285714258082,5.452503542894742,7.036968298555438,-2.306370495265332,35.51785714285715,-16.14464285714101,4311.0,1.0184266477675408,3.0,2.0001513837718097,3.0,-1.0,3.0,-1.0,0.5091747834841532,0.0,33.127679940742254,359.25,34.139285714288235,12.0,3.1078449145756064,2.4083405048766866,1.0184266477675408,15030.964285714415,4836.458928571401,15,12,194.62910465390976,207.00994850187266,182.01800190748688,2079,1058,0.5088985088985089,1.0355940355940356,2154,1078,0.500464252553389,1.0018570102135562,4233,0.5046066619418852,4233,0.5046066619418852,,,,,2097,0.0,v3_realistic,4233.0,0.5046066619418852,,,,,2136.0,1.0
H1@H4,wick_touch,any,any,any,both,limit,zone,fixed_rr,H4,2.0,1.5,True,0.5,3.0,H1,none,any,until_broken,any,0,0.25,ha_m15,153766,30581,2995,2995,1545,1450,0.5158597662771286,0,1450,19292.04428571419,6.4414171237776925,2.587499999999743,20.266478372404684,17.307674294960645,-5.13676724137932,202.54982142857259,-19.07321428571418,3875.82038508712,1.2940969566234115,0.999999999999719,3.844773421871743,3.4471329353314677,-1.0,49.68370565045075,-1.0,0.3365860129134499,0.0,18.420205795443067,298.14002962208616,87.19642857143215,13.0,3.5901228346305483,6.441417123777692,1.2940969566234117,26740.356785714197,7448.312500000015,11,13,574.7729549248747,549.1747572815534,602.048275862069,1468,746,0.5081743869209809,1.2839887440508904,1527,799,0.5232481990831697,1.3038146095745982,2995,0.5158597662771286,2995,0.5158597662771286,,,,,1450,0.0,v3_realistic,,,2995.0,0.5158597662771286,1071.0,1.0,474.0,1.0
M5@M15,wick_touch,any,any,any,both,limit,zone,fixed_rr,H4,2.0,1.5,True,0.5,3.0,H1,none,any,until_broken,any,0,0.25,ha_h1,234753,47858,4857,4857,2499,2358,0.5145151327980235,0,2358,3347.8614285713547,0.689285861348848,0.4482142857131777,3.8826418704167667,2.451475876064699,-1.1782768387253295,63.525178571427475,-5.064285714284633,3293.416855867434,0.678076354924323,0.9999999999986455,3.5364184975932806,2.261471330879326,-1.0,59.005128205143436,-1.0,0.19174098183961819,0.0,13.362847084188255,156.82937408892033,28.203571428560963,21.000000000000682,2.204970271053648,0.6892858613488484,0.6780763549243229,6126.238214285682,2778.376785714327,10,9,63.051677990529136,54.23649459783913,72.39397794741306,2503,1313,0.5245705153815422,0.698505254338361,2354,1186,0.5038232795242141,0.6563543773400671,4857,0.5145151327980235,4857,0.5145151327980235,4857.0,0.5145151327980235,,,2358,0.0,v3_realistic,,,,,2230.0,1.0,269.0,1.0
M15@H1,wick_touch,any,any,any,both,limit,zone,fixed_rr,H4,2.0,1.5,True,0.5,3.0,H1,none,any,until_broken,any,0,0.25,ha_h1,178449,35115,4233,4233,2136,2097,0.5046066619418852,0,2097,10194.505357143014,2.4083405048766866,2.0839285714258082,5.452503542894742,7.036968298555438,-2.306370495265332,35.51785714285715,-16.14464285714101,4311.0,1.0184266477675408,3.0,2.0001513837718097,3.0,-1.0,3.0,-1.0,0.5091747834841532,0.0,33.127679940742254,359.25,34.139285714288235,12.0,3.1078449145756064,2.4083405048766866,1.0184266477675408,15030.964285714415,4836.458928571401,15,12,194.62910465390976,207.00994850187266,182.01800190748688,2079,1058,0.5088985088985089,1.0355940355940356,2154,1078,0.500464252553389,1.0018570102135562,4233,0.5046066619418852,4233,0.5046066619418852,,,,,2097,0.0,v3_realistic,4233.0,0.5046066619418852,,,,,2136.0,1.0
H1@H4,wick_touch,any,any,any,both,limit,zone,fixed_rr,H4,2.0,1.5,True,0.5,3.0,H1,none,any,until_broken,any,0,0.25,ha_h1,153766,30581,3352,3352,1715,1637,0.5116348448687351,0,1637,10629.898392857001,3.171210737725836,2.5053571428568233,13.08192714394718,11.099768950437243,-5.1351285016144566,108.27035714285893,-19.07321428571418,2336.0420370847987,0.6969099155980911,0.9999999999996814,2.675958458925689,2.3166425872214584,-1.0,20.76875000001109,-1.0,0.2604337572108193,0.0,15.078192425879575,146.39386891664407,105.7251785714318,15.957239564553959,2.2645299443969256,3.171210737725838,0.6969099155980911,19036.10374999987,8406.205357142866,11,12,557.0963603818616,549.5725947521865,564.9786194257789,1632,830,0.508578431372549,0.6705290643765516,1720,885,0.5145348837209303,0.7219410488501572,3352,0.5116348448687351,3352,0.5116348448687351,,,,,1637,0.0,v3_realistic,,,3352.0,0.5116348448687351,1376.0,1.0,339.0,1.0
M5@M15,wick_touch,any,any,any,both,limit,zone,fixed_rr,H4,2.0,1.5,True,0.5,3.0,H1,none,any,until_broken,any,3,0.25,none,234753,47858,2123,2123,1188,935,0.5595854922279793,0,935,4203.225000000073,1.9798516250589133,0.6267857142860933,7.272085170292082,4.569659391534459,-1.3107276546982496,79.61553571428581,-5.064285714284633,3490.9323466457336,1.6443393060036433,1.0,5.979176979601276,3.7255322783213263,-1.0,98.54137931045172,-1.0,0.2750109775331147,0.0,12.671412437939825,268.5332574342919,19.905357142855337,12.999999999999773,4.429719203202155,1.9798516250589135,1.6443393060036435,5428.755357142937,1225.5303571428633,15,10,2.32768095462396,3.8969556677890007,0.3337789661319073,1127,640,0.5678793256433008,1.4819878741525325,996,548,0.5502008032128514,1.8280441892327604,2123,0.5595854922279793,2123,0.5595854922279793,2123.0,0.5595854922279793,,,935,0.0,v3_realistic,,,,,976.0,1.0,212.0,1.0
M5@M15,wick_touch,any,any,any,both,limit,zone,fixed_rr,H4,2.0,1.5,True,0.5,3.0,H1,none,any,until_broken,any,6,0.25,none,234753,47858,2349,2349,1290,1059,0.5491698595146871,0,1059,4346.146785714276,1.8502114881712541,0.5857142857146336,7.056924390102684,4.413033222591369,-1.2716393497909257,79.877857142856,-5.064285714284633,3550.0887075467713,1.511319160300882,0.9999999999995784,5.517524200532199,3.572936982594396,-1.0,59.005128205143436,-1.0,0.27391255667806697,0.0,13.275578344094653,186.84677408141013,23.124999999999773,18.999999999999886,4.227338148575861,1.850211488171254,1.5113191603008818,5692.812857142866,1346.6660714285904,14,10,2.3855896126011067,3.981782945736434,0.4412181303116147,1229,685,0.5573637103336045,1.4299316595446483,1120,605,0.5401785714285714,1.6006274088985688,2349,0.5491698595146871,2349,0.5491698595146871,2349.0,0.5491698595146871,,,1059,0.0,v3_realistic,,,,,1066.0,1.0,224.0,1.0
M5@M15,wick_touch,any,any,any,both,limit,zone,fixed_rr,H4,2.0,1.5,True,0.5,3.0,H1,none,any,until_broken,any,0,0.25,none,234753,47858,3225,3225,1648,1577,0.5110077519379845,0,1577,5692.621964285618,1.7651540974529047,0.45178571428605707,7.289818795209023,4.655294621185806,-1.2551068937403869,96.21250000000136,-4.712499999999231,4907.416843796702,1.5216796414873488,0.9999999999985372,6.113935198149897,3.9347189586145017,-1.0,83.89360730591474,-1.0,0.2488871066130723,0.0,14.134070669070589,272.6342690997479,21.951785714271182,18.000000000004547,3.876073203958748,1.7651540974529052,1.5216796414873488,7671.925535714208,1979.3035714285902,13,9,71.16248062015504,62.02730582524272,80.70894102726696,1638,848,0.5177045177045178,1.4490048890898621,1587,800,0.5040957781978576,1.5966898774212377,3225,0.5110077519379845,3225,0.5110077519379845,3225.0,0.5110077519379845,,,1577,0.0,v3_realistic,,,,,1340.0,1.0,308.0,1.0
M15@H1,wick_touch,any,any,any,both,limit,zone,fixed_rr,H4,2.0,1.5,True,0.5,3.0,H1,none,any,until_broken,any,3,0.25,none,178449,35115,2175,2175,1215,960,0.5586206896551724,0,960,7116.671428571419,3.2720328407224915,3.675000000000761,5.97953342868681,7.7908465608465605,-2.447090773809534,39.34821428571489,-8.87678571428463,2685.0,1.2344827586206897,3.0,1.9866636533466666,3.0,-1.0,3.0,-1.0,0.6213848814021043,0.0,28.979461633480327,335.625,22.078571428572104,8.0,4.029392895475357,3.2720328407224915,1.2344827586206897,9465.878571428571,2349.2071428571526,16,8,0.6597701149425287,0.7115226337448559,0.5942708333333333,1084,614,0.566420664206642,1.2656826568265682,1091,601,0.5508707607699358,1.2034830430797434,2175,0.5586206896551724,2175,0.5586206896551724,,,,,960,0.0,v3_realistic,2175.0,0.5586206896551724,,,,,1215.0,1.0
M15@H1,wick_touch,any,any,any,both,limit,zone,fixed_rr,H4,2.0,1.5,True,0.5,3.0,H1,none,any,until_broken,any,6,0.25,none,178449,35115,2534,2534,1370,1164,0.5406471981057617,0,1164,7549.514285714321,2.9792874055699765,3.174107142855931,5.829846275965906,7.551819603753931,-2.402472999509078,39.34821428571489,-11.296428571427874,2946.0,1.1625887924230465,3.0,1.9937737091864844,3.0,-1.0,3.0,-1.0,0.5831097015003851,0.0,29.35307284382884,294.6,30.887499999998,10.0,3.69965032553698,2.979287405569976,1.1625887924230467,10345.992857142886,2796.4785714285667,17,10,1.0397592738752959,1.1525547445255475,0.9070017182130584,1254,697,0.5558213716108453,1.223285486443381,1280,673,0.52578125,1.103125,2534,0.5406471981057617,2534,0.5406471981057617,,,,,1164,0.0,v3_realistic,2534.0,0.5406471981057617,,,,,1370.0,1.0
M15@H1,wick_touch,any,any,any,both,limit,zone,fixed_rr,H4,2.0,1.5,True,0.5,3.0,H1,none,any,until_broken,any,0,0.25,none,178449,35115,4233,4233,2136,2097,0.5046066619418852,0,2097,10194.505357143014,2.4083405048766866,2.0839285714258082,5.452503542894742,7.036968298555438,-2.306370495265332,35.51785714285715,-16.14464285714101,4311.0,1.0184266477675408,3.0,2.0001513837718097,3.0,-1.0,3.0,-1.0,0.5091747834841532,0.0,33.127679940742254,359.25,34.139285714288235,12.0,3.1078449145756064,2.4083405048766866,1.0184266477675408,15030.964285714415,4836.458928571401,15,12,194.62910465390976,207.00994850187266,182.01800190748688,2079,1058,0.5088985088985089,1.0355940355940356,2154,1078,0.500464252553389,1.0018570102135562,4233,0.5046066619418852,4233,0.5046066619418852,,,,,2097,0.0,v3_realistic,4233.0,0.5046066619418852,,,,,2136.0,1.0
H1@H4,wick_touch,any,any,any,both,limit,zone,fixed_rr,H4,2.0,1.5,True,0.5,3.0,H1,none,any,until_broken,any,3,0.25,none,153766,30581,1585,1585,874,711,0.5514195583596214,0,711,13758.268392857133,8.680295515998191,3.3375000000002153,20.796363957365934,19.87012974011111,-5.074859353023882,217.16732142857074,-41.205357142857224,2796.9384531336846,1.7646299388856075,1.0,3.8324955185428538,4.013659557361199,-1.0,19.296194100859452,-1.0,0.4604388786230164,0.0,18.331019559805696,349.61730664171057,63.34464285714694,8.0,4.813029506989505,8.68029551599819,1.7646299388856073,17366.49339285711,3608.2249999999804,14,8,9.01955835962145,14.346681922196796,2.471167369901547,751,403,0.5366178428761651,1.693270161735792,834,471,0.564748201438849,1.8288879636332251,1585,0.5514195583596214,1585,0.5514195583596214,,,,,711,0.0,v3_realistic,,,1585.0,0.5514195583596214,492.0,1.0,382.0,1.0
H1@H4,wick_touch,any,any,any,both,limit,zone,fixed_rr,H4,2.0,1.5,True,0.5,3.0,H1,none,any,until_broken,any,6,0.25,none,153766,30581,1800,1800,963,837,0.535,0,837,14499.100892857103,8.055056051587279,2.9482142857140126,20.297385069528687,19.314607439548965,-4.899481566820252,217.16732142857074,-41.205357142857224,3005.6365808818928,1.6697981004899414,0.9999999999998648,3.8865053380863697,3.990276823345685,-1.0,23.869785676955004,-1.0,0.42963998637195067,0.0,18.22808086995013,333.9596200979881,59.710714285716676,9.0,4.535619218065879,8.05505605158728,1.6697981004899418,18599.966964285653,4100.866071428551,12,8,10.091666666666667,15.806853582554517,3.5161290322580645,851,450,0.5287896592244419,1.6788520883806923,949,513,0.5405690200210748,1.6616790871126734,1800,0.535,1800,0.535,,,,,837,0.0,v3_realistic,,,1800.0,0.535,563.0,1.0,400.0,1.0
H1@H4,wick_touch,any,any,any,both,limit,zone,fixed_rr,H4,2.0,1.5,True,0.5,3.0,H1,none,any,until_broken,any,0,0.25,none,153766,30581,2845,2845,1464,1381,0.5145869947275923,0,1381,22400.56803571422,7.873661875470727,2.6285714285712025,21.930099197189033,20.1764052741998,-5.168493327816288,202.54982142857259,-19.07321428571418,4523.834954187511,1.5901001596441142,0.9999999999997363,4.192830625815919,4.03335720914447,-1.0,49.68370565045075,-1.0,0.3792426409627942,0.0,20.22824931033373,347.9873041682701,87.19642857143215,13.0,4.138350121312756,7.873661875470727,1.590100159644114,29538.257321428508,7137.689285714293,13,13,579.3985940246046,553.2691256830601,607.0984793627806,1390,709,0.5100719424460431,1.5474797956796638,1455,755,0.5189003436426117,1.6308165210946886,2845,0.5145869947275923,2845,0.5145869947275923,,,,,1381,0.0,v3_realistic,,,2845.0,0.5145869947275923,917.0,1.0,547.0,1.0
M5@M15,wick_touch,any,any,any,both,limit,zone,fixed_rr,H4,2.0,1.5,True,0.7,3.0,H1,none,any,until_broken,any,3,0.25,ha_m15,234753,47858,2966,2966,1667,1299,0.5620364126770061,0,1299,2882.710785714382,0.9719186735382273,1.0832142857173375,2.8183120294105035,2.7084862027595014,-1.2566094798196354,41.58385714285706,-5.064285714284633,2358.6388979396097,0.795225521894677,1.7999999999999996,2.0184936959003563,2.194144509861795,-1.0,16.722857142866612,-1.0,0.3939697822736889,0.0,21.455986427955512,206.89814894207143,16.864285714286325,11.399999999999977,2.7660036232043277,0.9719186735382275,0.7952255218946773,4515.046500000089,1632.3357142857064,14,10,0.5861429534726905,0.7142071585682863,0.4217988196048242,1557,879,0.5645472061657033,0.8022746783171764,1409,788,0.5592618878637331,0.7874359288855508,2966,0.5620364126770061,2966,0.5620364126770061,2966.0,0.5620364126770061,,,1299,0.0,v3_realistic,,,,,1560.0,1.0,107.0,1.0
M5@M15,wick_touch,any,any,any,both,limit,zone,fixed_rr,H4,2.0,1.5,True,0.7,3.0,H1,none,any,until_broken,any,3,0.25,ha_h1,234753,47858,2747,2747,1533,1214,0.5580633418274481,0,1214,3144.1268214286692,1.1445674632066507,1.0735714285718956,3.284351695003324,3.050605745037809,-1.2623161332078194,41.58385714285706,-5.064285714284633,2631.6663327315964,0.9580146824650803,1.7999999999999996,2.5200006419559458,2.508588605826207,-1.0,36.603076923086064,-1.0,0.3801644596889861,0.0,19.92511530907587,230.8479239238224,16.864285714286325,11.400000000000091,3.051697058751611,1.1445674632066503,0.9580146824650801,4676.578607142961,1532.4517857142928,13,10,0.8909112971726733,1.2521200260926288,0.434788577704558,1454,825,0.5674002751031637,0.9507809384448348,1293,708,0.5475638051044084,0.966149147898497,2747,0.5580633418274481,2747,0.5580633418274481,2747.0,0.5580633418274481,,,1214,0.0,v3_realistic,,,,,1376.0,1.0,157.0,1.0
M5@M15,wick_touch,any,any,any,both,limit,zone,fixed_rr,H4,2.0,1.5,True,0.7,3.0,H1,none,any,until_broken,any,6,0.25,ha_m15,234753,47858,3398,3398,1878,1520,0.5526780459093584,0,1520,3043.878321428536,0.8957852623391807,1.022142857142416,2.687475006581255,2.612661513007749,-1.2254605263158007,41.58385714285706,-5.064285714284633,2544.963771355957,0.748959320587387,1.7999999999996439,1.973780952229386,2.164517450136284,-1.0,16.722857142866612,-1.0,0.379454123184965,0.0,22.11927884411777,144.60021428158922,18.753928571430265,17.59999999999991,2.634121609184789,0.8957852623391804,0.7489593205873869,4906.578321428552,1862.700000000017,21,10,0.7171130076515597,0.8906638267660633,0.5026864035087719,1772,988,0.5575620767494357,0.7652713858144109,1626,890,0.5473554735547356,0.7311825803768573,3398,0.5526780459093584,3398,0.5526780459093584,3398.0,0.5526780459093584,,,1520,0.0,v3_realistic,,,,,1764.0,1.0,114.0,1.0
M5@M15,wick_touch,any,any,any,both,limit,zone,fixed_rr,H4,2.0,1.5,True,0.7,3.0,H1,none,any,until_broken,any,6,0.25,ha_h1,234753,47858,3122,3122,1717,1405,0.5499679692504804,0,1405,3301.325178571411,1.0574391987736742,1.026964285714804,3.1012251839828067,2.923769760379401,-1.2233362989323993,41.58385714285706,-5.064285714284633,2835.7865453961676,0.9083236852646178,1.7999999999996734,2.4924000753829936,2.4698815057636208,-1.0,36.603076923086064,-1.0,0.36443735266900945,0.0,20.36288612431146,161.12423553387296,18.75392857143015,17.600000000000023,2.9207291061701173,1.057439198773674,0.9083236852646177,5020.112678571431,1718.7875000000208,18,10,1.0390775144138373,1.4685497961560863,0.5142348754448398,1640,918,0.5597560975609757,0.9007310580338581,1482,799,0.5391363022941971,0.9167257828748824,3122,0.5499679692504804,3122,0.5499679692504804,3122.0,0.5499679692504804,,,1405,0.0,v3_realistic,,,,,1549.0,1.0,168.0,1.0
M5@M15,wick_touch,any,any,any,both,limit,zone,fixed_rr,H4,2.0,1.5,True,0.7,3.0,H1,none,any,until_broken,any,0,0.25,ha_m15,234753,47858,5463,5463,2811,2652,0.5145524437122461,0,2652,3933.5235714284327,0.7200299416856,0.7971428571429406,2.523237963047645,2.5060821009299765,-1.1731045302736542,41.58385714285706,-5.064285714284633,3546.4603364897393,0.6491781688613619,1.7999999999991092,2.0809506037266496,2.2050730474883036,-1.0,33.300603015073186,-1.0,0.31196231553924814,0.0,23.057792972174013,256.989879455796,16.322857142852172,13.799999999999045,2.2643622635963996,0.7200299416856002,0.6491781688613624,7044.596785714164,3111.073214285731,11,9,58.832265543962414,52.65133997391201,65.38376696832579,2802,1458,0.5203426124197003,0.6762272072771373,2661,1353,0.5084554678692221,0.6206958668541984,5463,0.5145524437122461,5463,0.5145524437122461,5463.0,0.5145524437122461,,,2652,0.0,v3_realistic,,,,,2623.0,1.0,188.0,1.0
M5@M15,wick_touch,any,any,any,both,limit,zone,fixed_rr,H4,2.0,1.5,True,0.7,3.0,H1,none,any,until_broken,any,0,0.25,ha_h1,234753,47858,4857,4857,2499,2358,0.5145151327980235,0,2358,4399.883285714184,0.9058849672048969,0.8067857142837197,3.024273047787265,2.872453009775315,-1.1782768387253295,41.58385714285706,-5.064285714284633,4031.6501135206045,0.8300700254314313,1.799999999999187,2.5896628000297794,2.556882798527596,-1.0,36.603076923086064,-1.0,0.3205320883560153,0.0,22.338580105215346,261.7954619169324,17.526071428567775,15.399999999999409,2.5836164872731486,0.9058849672048972,0.8300700254314315,7178.260071428512,2778.376785714327,10,9,63.051677990529136,54.23649459783913,72.39397794741306,2503,1313,0.5245705153815422,0.8584159772134767,2354,1186,0.5038232795242141,0.799929873642771,4857,0.5145151327980235,4857,0.5145151327980235,4857.0,0.5145151327980235,,,2358,0.0,v3_realistic,,,,,2230.0,1.0,269.0,1.0
M15@H1,wick_touch,any,any,any,both,limit,zone,fixed_rr,H4,2.0,1.5,True,0.7,3.0,H1,none,any,until_broken,any,3,0.25,ha_m15,178449,35115,2175,2175,1215,960,0.5586206896551724,0,960,7116.671428571419,3.2720328407224915,3.675000000000761,5.97953342868681,7.7908465608465605,-2.447090773809534,39.34821428571489,-8.87678571428463,2685.0,1.2344827586206897,3.0,1.9866636533466666,3.0,-1.0,3.0,-1.0,0.6213848814021043,0.0,28.979461633480327,335.625,22.078571428572104,8.0,4.029392895475357,3.2720328407224915,1.2344827586206897,9465.878571428571,2349.2071428571526,16,8,0.6597701149425287,0.7115226337448559,0.5942708333333333,1084,614,0.566420664206642,1.2656826568265682,1091,601,0.5508707607699358,1.2034830430797434,2175,0.5586206896551724,2175,0.5586206896551724,,,,,960,0.0,v3_realistic,2175.0,0.5586206896551724,,,,,1215.0,1.0
M15@H1,wick_touch,any,any,any,both,limit,zone,fixed_rr,H4,2.0,1.5,True,0.7,3.0,H1,none,any,until_broken,any,3,0.25,ha_h1,178449,35115,2175,2175,1215,960,0.5586206896551724,0,960,7116.671428571419,3.2720328407224915,3.675000000000761,5.97953342868681,7.7908465608465605,-2.447090773809534,39.34821428571489,-8.87678571428463,2685.0,1.2344827586206897,3.0,1.9866636533466666,3.0,-1.0,3.0,-1.0,0.6213848814021043,0.0,28.979461633480327,335.625,22.078571428572104,8.0,4.029392895475357,3.2720328407224915,1.2344827586206897,9465.878571428571,2349.2071428571526,16,8,0.6597701149425287,0.7115226337448559,0.5942708333333333,1084,614,0.566420664206642,1.2656826568265682,1091,601,0.5508707607699358,1.2034830430797434,2175,0.5586206896551724,2175,0.5586206896551724,,,,,960,0.0,v3_realistic,2175.0,0.5586206896551724,,,,,1215.0,1.0
M15@H1,wick_touch,any,any,any,both,limit,zone,fixed_rr,H4,2.0,1.5,True,0.7,3.0,H1,none,any,until_broken,any,6,0.25,ha_m15,178449,35115,2534,2534,1370,1164,0.5406471981057617,0,1164,7549.514285714321,2.9792874055699765,3.174107142855931,5.829846275965906,7.551819603753931,-2.402472999509078,39.34821428571489,-11.296428571427874,2946.0,1.1625887924230465,3.0,1.9937737091864844,3.0,-1.0,3.0,-1.0,0.5831097015003851,0.0,29.35307284382884,294.6,30.887499999998,10.0,3.69965032553698,2.979287405569976,1.1625887924230467,10345.992857142886,2796.4785714285667,17,10,1.0397592738752959,1.1525547445255475,0.9070017182130584,1254,697,0.5558213716108453,1.223285486443381,1280,673,0.52578125,1.103125,2534,0.5406471981057617,2534,0.5406471981057617,,,,,1164,0.0,v3_realistic,2534.0,0.5406471981057617,,,,,1370.0,1.0
M15@H1,wick_touch,any,any,any,both,limit,zone,fixed_rr,H4,2.0,1.5,True,0.7,3.0,H1,none,any,until_broken,any,6,0.25,ha_h1,178449,35115,2534,2534,1370,1164,0.5406471981057617,0,1164,7549.514285714321,2.9792874055699765,3.174107142855931,5.829846275965906,7.551819603753931,-2.402472999509078,39.34821428571489,-11.296428571427874,2946.0,1.1625887924230465,3.0,1.9937737091864844,3.0,-1.0,3.0,-1.0,0.5831097015003851,0.0,29.35307284382884,294.6,30.887499999998,10.0,3.69965032553698,2.979287405569976,1.1625887924230467,10345.992857142886,2796.4785714285667,17,10,1.0397592738752959,1.1525547445255475,0.9070017182130584,1254,697,0.5558213716108453,1.223285486443381,1280,673,0.52578125,1.103125,2534,0.5406471981057617,2534,0.5406471981057617,,,,,1164,0.0,v3_realistic,2534.0,0.5406471981057617,,,,,1370.0,1.0
M15@H1,wick_touch,any,any,any,both,limit,zone,fixed_rr,H4,2.0,1.5,True,0.7,3.0,H1,none,any,until_broken,any,0,0.25,ha_m15,178449,35115,4233,4233,2136,2097,0.5046066619418852,0,2097,10194.505357143014,2.4083405048766866,2.0839285714258082,5.452503542894742,7.036968298555438,-2.306370495265332,35.51785714285715,-16.14464285714101,4311.0,1.0184266477675408,3.0,2.0001513837718097,3.0,-1.0,3.0,-1.0,0.5091747834841532,0.0,33.127679940742254,359.25,34.139285714288235,12.0,3.1078449145756064,2.4083405048766866,1.0184266477675408,15030.964285714415,4836.458928571401,15,12,194.62910465390976,207.00994850187266,182.01800190748688,2079,1058,0.5088985088985089,1.0355940355940356,2154,1078,0.500464252553389,1.0018570102135562,4233,0.5046066619418852,4233,0.5046066619418852,,,,,2097,0.0,v3_realistic,4233.0,0.5046066619418852,,,,,2136.0,1.0
M15@H1,wick_touch,any,any,any,both,limit,zone,fixed_rr,H4,2.0,1.5,True,0.7,3.0,H1,none,any,until_broken,any,0,0.25,ha_h1,178449,35115,4233,4233,2136,2097,0.5046066619418852,0,2097,10194.505357143014,2.4083405048766866,2.0839285714258082,5.452503542894742,7.036968298555438,-2.306370495265332,35.51785714285715,-16.14464285714101,4311.0,1.0184266477675408,3.0,2.0001513837718097,3.0,-1.0,3.0,-1.0,0.5091747834841532,0.0,33.127679940742254,359.25,34.139285714288235,12.0,3.1078449145756064,2.4083405048766866,1.0184266477675408,15030.964285714415,4836.458928571401,15,12,194.62910465390976,207.00994850187266,182.01800190748688,2079,1058,0.5088985088985089,1.0355940355940356,2154,1078,0.500464252553389,1.0018570102135562,4233,0.5046066619418852,4233,0.5046066619418852,,,,,2097,0.0,v3_realistic,4233.0,0.5046066619418852,,,,,2136.0,1.0
H1@H4,wick_touch,any,any,any,both,limit,zone,fixed_rr,H4,2.0,1.5,True,0.7,3.0,H1,none,any,until_broken,any,3,0.25,ha_m15,153766,30581,1614,1614,892,722,0.5526641883519207,0,722,11096.999464285678,6.875464352097694,5.9592857142845,14.83366540923149,16.545366952274122,-5.071285120696451,150.1625357142844,-41.205357142857224,2253.8551160114353,1.3964405923243088,1.7999999999999996,2.721850123087917,3.3361604439590065,-1.0,12.777716460515673,-1.0,0.5130483050771577,0.0,20.61152010975577,281.7318895014294,58.17500000000018,8.0,4.030751572115406,6.875464352097694,1.3964405923243084,14758.467321428518,3661.467857142837,14,8,7.618339529120198,11.718609865470851,2.5526315789473686,767,412,0.5371577574967406,1.3486214992641208,847,480,0.5667060212514758,1.4397431240564844,1614,0.5526641883519207,1614,0.5526641883519207,,,,,722,0.0,v3_realistic,,,1614.0,0.5526641883519207,554.0,1.0,338.0,1.0
H1@H4,wick_touch,any,any,any,both,limit,zone,fixed_rr,H4,2.0,1.5,True,0.7,3.0,H1,none,any,until_broken,any,3,0.25,ha_h1,153766,30581,1741,1741,959,782,0.5508328546812177,0,782,9069.99810714282,5.209648539427237,5.833928571430391,11.827762038364,13.585440451362967,-5.061942820606482,80.85792857143082,-41.205357142857224,1893.839566444404,1.0877883781989781,1.7999999999999996,2.307365475628567,2.7902393810682176,-1.0,12.777716460515673,-1.0,0.4714417328718353,0.0,19.671044007516716,236.7299458055505,58.255357142857974,8.0,3.2913066116425758,5.209648539427235,1.0877883781989781,13028.437392857086,3958.4392857142684,14,8,3.780585870189546,4.667361835245047,2.6930946291560103,822,440,0.5352798053527981,1.0321471192522211,919,519,0.5647442872687704,1.1375567295093438,1741,0.5508328546812177,1741,0.5508328546812177,,,,,782,0.0,v3_realistic,,,1741.0,0.5508328546812177,698.0,1.0,261.0,1.0
H1@H4,wick_touch,any,any,any,both,limit,zone,fixed_rr,H4,2.0,1.5,True,0.7,3.0,H1,none,any,until_broken,any,6,0.25,ha_m15,153766,30581,1843,1843,986,857,0.534997287032013,0,857,11740.142821428495,6.370126327416438,5.255357142855742,14.491482450276143,16.16594823964058,-4.900212535422544,150.1625357142844,-41.205357142857224,2413.2416761928393,1.3094094824703357,1.799999999999895,2.737026556647101,3.316675127984613,-1.0,12.777716460515673,-1.0,0.47840583763804695,0.0,20.53804674575933,301.6552095241049,58.17500000000018,8.0,3.7956167979895445,6.370126327416436,1.3094094824703355,15939.624964285615,4199.48214285712,12,8,8.60119370591427,12.937119675456389,3.6126021003500584,874,460,0.5263157894736842,1.3067263711011732,969,526,0.542827657378741,1.3118295437052527,1843,0.534997287032013,1843,0.534997287032013,,,,,857,0.0,v3_realistic,,,1843.0,0.534997287032013,632.0,1.0,354.0,1.0
H1@H4,wick_touch,any,any,any,both,limit,zone,fixed_rr,H4,2.0,1.5,True,0.7,3.0,H1,none,any,until_broken,any,6,0.25,ha_h1,153766,30581,1993,1993,1062,931,0.532865027596588,0,931,9404.361928571361,4.718696401691601,5.178214285713522,11.431667612050783,13.174987691686757,-4.927470461868933,80.85792857143082,-41.205357142857224,1992.0838043858842,0.9995402932192188,1.7999999999998868,2.2960526017138867,2.752432960815351,-1.0,12.777716460515673,-1.0,0.43532987548852875,0.0,19.434444069287547,231.63765167277433,62.0321428571458,8.600000000000108,3.0500083223497474,4.7186964016916,0.9995402932192186,13991.836928571336,4587.474999999977,11,8,4.84194681384847,5.769303201506592,3.7841031149301827,940,493,0.524468085106383,0.9753044222510073,1053,569,0.540360873694207,1.0211753537226458,1993,0.532865027596588,1993,0.532865027596588,,,,,931,0.0,v3_realistic,,,1993.0,0.532865027596588,793.0,1.0,269.0,1.0
H1@H4,wick_touch,any,any,any,both,limit,zone,fixed_rr,H4,2.0,1.5,True,0.7,3.0,H1,none,any,until_broken,any,0,0.25,ha_m15,153766,30581,2995,2995,1545,1450,0.5158597662771286,0,1450,18082.454428571313,6.037547388504612,4.657499999999536,15.332471431011824,16.524768238557492,-5.13676724137932,126.42203571428735,-19.07321428571418,3599.49223105234,1.2018338000174527,1.7999999999998315,2.8450623429776942,3.2682797611988805,-1.0,31.01022339027045,-1.0,0.42242793131892903,0.0,23.118041540956224,276.8840177732569,79.1664285714324,13.0,3.4277249952349984,6.037547388504612,1.2018338000174529,25530.766928571327,7448.312500000015,11,13,574.7729549248747,549.1747572815534,602.048275862069,1468,746,0.5081743869209809,1.183472265504095,1527,799,0.5232481990831697,1.2194858842778213,2995,0.5158597662771286,2995,0.5158597662771286,,,,,1450,0.0,v3_realistic,,,2995.0,0.5158597662771286,1071.0,1.0,474.0,1.0
H1@H4,wick_touch,any,any,any,both,limit,zone,fixed_rr,H4,2.0,1.5,True,0.7,3.0,H1,none,any,until_broken,any,0,0.25,ha_h1,153766,30581,3352,3352,1715,1637,0.5116348448687351,0,1637,13585.153321428399,4.052850036225656,4.509642857142282,11.30523055469962,12.8229496668054,-5.1351285016144566,80.85792857143082,-19.07321428571418,2804.825222250907,0.8367617011488309,1.7999999999998086,2.1930154802289197,2.589985552332876,-1.0,13.661250000006653,-1.0,0.3815575898540784,0.0,22.090833473317577,233.73543518757558,79.1664285714324,12.0,2.6160863010424684,4.052850036225656,0.8367617011488313,21991.35867857126,8406.205357142866,11,12,557.0963603818616,549.5725947521865,564.9786194257789,1632,830,0.508578431372549,0.8160429288220019,1720,885,0.5145348837209303,0.8564204432635742,3352,0.5116348448687351,3352,0.5116348448687351,,,,,1637,0.0,v3_realistic,,,3352.0,0.5116348448687351,1376.0,1.0,339.0,1.0
M5@M15,wick_touch,against_daily,any,any,both,limit,zone,fixed_rr,H4,2.0,1.5,True,0.5,3.0,H1,none,any,until_broken,any,6,0.25,ha_m15,234753,16942,1289,1289,726,563,0.5632273079906904,0,563,922.469821428542,0.71564765044883,0.5696428571455581,3.723938564769864,2.1946922963400066,-1.1916106318193653,63.12071428571486,-3.569642857141897,740.899021765236,0.574785897412906,1.0,2.6577203914973606,1.7960041622110687,-1.0,25.871428571444355,-1.0,0.21627026652306017,0.0,7.764674850020483,61.74158514709831,16.955357142854837,12.00000000000091,2.3750212275512865,0.7156476504488302,0.5747858974129059,1593.3466071428447,670.8767857143027,13,10,0.6844453064391001,0.7759412304866851,0.5664594434576673,687,390,0.5676855895196506,0.6148055685704676,602,336,0.5581395348837209,0.5291156082347583,1289,0.5632273079906904,1289,0.5632273079906904,1289.0,0.5632273079906904,,,563,0.0,v3_realistic,,,,,671.0,1.0,55.0,1.0
M5@M15,wick_touch,against_daily,any,any,both,limit,zone,fixed_rr,H4,2.0,1.5,True,0.5,3.0,H1,none,any,until_broken,any,0,0.25,ha_m15,234753,16942,2183,2183,1132,1051,0.5185524507558406,0,1051,1098.2967857143321,0.5031135069694604,0.45357142857138655,3.3319423936455586,2.054098624432124,-1.1674051923338078,63.12071428571486,-4.712499999999231,1025.0647615769444,0.4695670002642898,0.9999999999988225,2.8489366502868116,1.8339794713577247,-1.0,53.50100502512197,-1.0,0.16482184685188314,0.0,7.7009028392046375,53.950776925100726,23.05357142856417,19.00000000000057,1.8951490929837786,0.5031135069694604,0.46956700026428955,2325.239642857164,1226.942857142832,13,10,50.43537181249046,46.82913722025913,54.319536948937525,1121,581,0.5182872435325602,0.5267734726346511,1062,551,0.5188323917137476,0.4091823905400189,2183,0.5185524507558406,2183,0.5185524507558406,2183.0,0.5185524507558406,,,1051,0.0,v3_realistic,,,,,1048.0,1.0,84.0,1.0
M15@H1,wick_touch,against_daily,any,any,both,limit,zone,fixed_rr,H4,2.0,1.5,True,0.5,3.0,H1,none,any,until_broken,any,6,0.25,ha_m15,178449,13409,955,955,530,425,0.5549738219895288,0,425,2883.316071428506,3.01917913238587,3.3910714285734223,5.632758407560356,7.312469676549784,-2.33480672268913,33.241071428569136,-6.760714285714009,1165.0,1.219895287958115,3.0,1.9889163504235083,3.0,-1.0,3.0,-1.0,0.6133467039467787,0.0,18.95429875190508,145.625,34.899999999999864,8.0,3.905710799662984,3.0191791323858697,1.2198952879581153,3875.6089285713856,992.2928571428802,14,7,0.9293193717277487,1.0,0.8411764705882353,470,269,0.5723404255319149,1.2893617021276595,485,261,0.5381443298969072,1.1525773195876288,955,0.5549738219895288,955,0.5549738219895288,,,,,425,0.0,v3_realistic,955.0,0.5549738219895288,,,,,530.0,1.0
M15@H1,wick_touch,against_daily,any,any,both,limit,zone,fixed_rr,H4,2.0,1.5,True,0.5,3.0,H1,none,any,until_broken,any,0,0.25,ha_m15,178449,13409,1799,1799,914,885,0.5080600333518621,0,885,4321.049999999988,2.401917732073368,2.378571428571785,5.355017809620739,6.888371366051864,-2.2315496368038583,33.241071428569136,-8.071428571427841,1857.0,1.0322401334074487,3.0,2.0002961505239902,3.0,-1.0,3.0,-1.0,0.5160436534045455,0.0,21.887795524953628,206.33333333333334,22.969642857146937,9.0,3.1879604613565196,2.401917732073368,1.0322401334074485,6295.9714285714035,1974.9214285714145,9,9,203.349082823791,202.4909737417943,204.23531073446327,889,453,0.5095613048368954,1.0382452193475815,910,461,0.5065934065934066,1.0263736263736263,1799,0.5080600333518621,1799,0.5080600333518621,,,,,885,0.0,v3_realistic,1799.0,0.5080600333518621,,,,,914.0,1.0
H1@H4,wick_touch,against_daily,any,any,both,limit,zone,fixed_rr,H4,2.0,1.5,True,0.5,3.0,H1,none,any,until_broken,any,6,0.25,ha_m15,153766,13321,831,831,474,357,0.5703971119133574,0,357,6451.019999999964,7.762960288808621,3.410714285714267,19.421163106172475,17.149929174201212,-4.7004101640655715,157.33535714285705,-13.091071428572576,1311.5321210954298,1.5782576667815034,1.0,3.7249634090339643,3.5201099601169394,-1.0,19.296194100859452,-1.0,0.42369749537776275,0.0,12.213957616873511,163.94151513692523,43.18750000000455,8.00000000000017,4.844363237012451,7.762960288808622,1.5782576667815036,8129.066428571374,1678.046428571409,11,6,9.53309265944645,13.995780590717299,3.607843137254902,367,204,0.555858310626703,1.5575513352101817,464,270,0.5818965517241379,1.5946353040372683,831,0.5703971119133574,831,0.5703971119133574,,,,,357,0.0,v3_realistic,,,831.0,0.5703971119133574,308.0,1.0,166.0,1.0
H1@H4,wick_touch,against_daily,any,any,both,limit,zone,fixed_rr,H4,2.0,1.5,True,0.5,3.0,H1,none,any,until_broken,any,0,0.25,ha_m15,153766,13321,1700,1700,921,779,0.5417647058823529,0,779,12700.652499999967,7.47097205882351,2.962499999999979,21.535169381256363,18.06878470606477,-5.05866266275441,204.6460714285714,-16.332142857142795,2567.294849985282,1.5101734411678132,0.9999999999998452,4.200116805911134,3.6333277415692526,-1.0,38.54381625442435,-1.0,0.35955510547764646,0.0,14.824836781144356,269.9983565067225,68.66428571428332,9.508557323093783,4.222944719277917,7.470972058823509,1.5101734411678127,16641.35071428565,3940.698214285685,11,8,605.5082352941176,576.3246471226927,640.0115532734275,834,448,0.5371702637889688,1.5619395863091985,866,473,0.546189376443418,1.4603201327983966,1700,0.5417647058823529,1700,0.5417647058823529,,,,,779,0.0,v3_realistic,,,1700.0,0.5417647058823529,635.0,1.0,286.0,1.0
