tf_pair,touch_type,bias_filter,zone_role_filter,age_filter,direction,entry_mode,sl_mode,tp_mode,tp_htf,fixed_rr,sl_atr_mult,partial_tp,partial_unit1_pct,partial_unit1_rr,partial_unit2_tp,cascade_filter,session_filter,touch_policy,retest_number_filter,limit_ttl,breakeven_buffer_atr,unit2_trail,total_candidates,passed_filters,num_trades,total_trades,wins,losses,win_rate,tp_hits,sl_hits,total_pnl_pips,avg_pnl_pips,median_pnl_pips,std_pnl_pips,avg_win_pips,avg_loss_pips,largest_win_pips,largest_loss_pips,total_r,avg_r,median_r,std_r,avg_win_r,avg_loss_r,largest_win_r,largest_loss_r,sharpe,sortino,sqn,calmar,max_dd_pips,max_dd_r,profit_factor,expectancy_pips,expectancy_r,gross_profit_pips,gross_loss_pips,max_win_streak,max_loss_streak,avg_hold_hours,avg_win_hold_hours,avg_loss_hold_hours,long_trades,long_wins,long_win_rate,long_avg_r,short_trades,short_wins,short_win_rate,short_avg_r,signal_type_wick_touch_n,signal_type_wick_touch_wr,struct_cls_none_n,struct_cls_none_wr,zone_tf_m5_n,zone_tf_m5_wr,exit_reason_tp_hit_n,exit_reason_tp_hit_wr,exit_reason_sl_hit_n,exit_reason_sl_hit_wr,sweep_version,exit_reason_partial_full_n,exit_reason_partial_full_wr,exit_reason_partial_be_n,exit_reason_partial_be_wr,zone_tf_m15_n,zone_tf_m15_wr
M1@M5,wick_touch,any,any,any,both,limit,zone,fixed_rr,H4,3.0,1.5,False,0.5,3.0,H1,none,any,until_broken,any,1,0.0,none,394796,61932,2128,2128,1372,756,0.6447368421052632,1372,756,1892.6803571428686,0.8894174610633782,0.9321428571418267,1.40971628290454,1.6972927946688894,-0.576726662887365,8.389285714283101,-2.6571428571431355,3360.0,1.5789473684210527,3.0,1.9148219092391192,3.0,-1.0,3.0,-1.0,0.8245922823436197,0.0,38.038648444840995,336.0,11.77678571428146,10.0,5.340956656004508,0.889417461063378,1.5789473684210527,2328.685714285716,436.0053571428479,14,10,0.04341322055137845,0.020335276967930027,0.08529541446208112,1084,727,0.6706642066420664,1.6826568265682658,1044,645,0.617816091954023,1.471264367816092,2128,0.6447368421052632,2128,0.6447368421052632,2128.0,0.6447368421052632,1372.0,1.0,756,0.0,v3_m1_precision,,,,,,
M1@M5,wick_touch,any,any,any,both,limit,zone,fixed_rr,H4,3.0,1.5,False,0.5,3.0,H1,none,any,until_broken,any,3,0.0,none,394796,61932,3024,3024,1770,1254,0.5853174603174603,1770,1254,2194.028571428462,0.7255385487527982,0.7660714285728787,1.3355004748473422,1.6160653753026082,-0.5314251537935845,8.389285714283101,-2.6571428571431355,4056.0,1.3412698412698412,3.0,1.970994560619563,3.0,-1.0,3.0,-1.0,0.6805040805633812,0.0,37.42153751889626,405.6,11.953571428566647,10.0,4.292324512041963,0.7255385487527982,1.3412698412698414,2860.4357142856165,666.4071428571549,13,10,0.11420855379188713,0.05951035781544256,0.19141414141414143,1563,937,0.599488163787588,1.3979526551503518,1461,833,0.5701574264202601,1.2806297056810403,3024,0.5853174603174603,3024,0.5853174603174603,3024.0,0.5853174603174603,1770.0,1.0,1254,0.0,v3_m1_precision,,,,,,
M1@M5,wick_touch,any,any,any,both,limit,zone,fixed_rr,H4,3.0,1.5,False,0.5,3.0,H1,none,any,until_broken,any,6,0.0,none,394796,61932,3665,3665,2066,1599,0.5637107776261937,2066,1599,2426.7624999998125,0.6621452933150921,0.7017857142876949,1.2884597978013261,1.5706463490526128,-0.5116903421781648,8.389285714283101,-2.6571428571431355,4599.0,1.2548431105047748,3.0,1.9839679853561827,3.0,-1.0,3.0,-1.0,0.6324916126504392,0.0,38.2905637313961,418.09090909090907,12.14642857142212,11.0,3.9660030380539166,0.662145293315092,1.2548431105047748,3244.955357142698,818.1928571428855,11,11,0.11135970895861755,0.07135366247176508,0.16304982280592034,1902,1082,0.5688748685594112,1.2754994742376446,1763,984,0.5581395348837209,1.2325581395348837,3665,0.5637107776261937,3665,0.5637107776261937,3665.0,0.5637107776261937,2066.0,1.0,1599,0.0,v3_m1_precision,,,,,,
M1@M5,wick_touch,any,any,any,both,limit,zone,fixed_rr,H4,3.0,1.5,False,0.5,3.0,H1,none,any,until_broken,any,12,0.0,none,394796,61932,4309,4309,2386,1923,0.5537247621257833,2386,1923,2688.6964285712443,0.6239722507707691,0.6535714285704763,1.248797758193819,1.5287009040832722,-0.4985875863606047,8.389285714283101,-3.0714285714283918,5235.0,1.214899048503133,3.0,1.9886518509020432,3.0,-1.0,3.0,-1.0,0.6109159066490499,0.0,40.102336810856094,475.90909090909093,12.14642857142212,11.0,3.8042777402175645,0.6239722507707693,1.214899048503133,3647.4803571426874,958.7839285714429,11,11,0.15666434594260076,0.09789047219893825,0.2295891835673427,2210,1256,0.5683257918552036,1.2733031674208144,2099,1130,0.5383515959980943,1.1534063839923774,4309,0.5537247621257833,4309,0.5537247621257833,4309.0,0.5537247621257833,2386.0,1.0,1923,0.0,v3_m1_precision,,,,,,
M1@M5,wick_touch,any,any,any,both,limit,zone,fixed_rr,H4,3.0,1.5,False,0.5,3.0,H1,none,any,until_broken,any,0,0.0,none,394796,61932,6929,6929,3649,3280,0.5266272189349113,3649,3280,3631.974999999681,0.5241701544233917,0.5196428571441203,1.1576190130602229,1.4280830364482606,-0.4814329268292751,13.698214285713384,-3.1196428571411694,7667.0,1.106508875739645,3.0,1.9973060829929221,3.0,-1.0,3.0,-1.0,0.5540006537613725,0.0,46.115355177490144,697.0,11.353571428569694,11.0,3.300028497245032,0.5241701544233917,1.106508875739645,5211.074999999703,1579.1000000000222,13,11,19.24188435079617,17.117744587558235,21.604989837398374,3521,1895,0.5381993751775064,1.1527975007100255,3408,1754,0.5146713615023474,1.0586854460093897,6929,0.5266272189349113,6929,0.5266272189349113,6929.0,0.5266272189349113,3649.0,1.0,3280,0.0,v3_m1_precision,,,,,,
M1@M5,wick_touch,any,any,any,both,limit,zone,fixed_rr,H4,2.0,1.5,True,0.5,3.0,M15,none,any,until_broken,any,1,0.0,none,394796,61932,2128,2128,1372,756,0.6447368421052632,0,756,1892.6803571428686,0.8894174610633782,0.9321428571418267,1.40971628290454,1.6972927946688894,-0.576726662887365,8.389285714283101,-2.6571428571431355,3360.0,1.5789473684210527,3.0,1.9148219092391192,3.0,-1.0,3.0,-1.0,0.8245922823436197,0.0,38.038648444840995,336.0,11.77678571428146,10.0,5.340956656004508,0.889417461063378,1.5789473684210527,2328.685714285716,436.0053571428479,14,10,0.04341322055137845,0.020335276967930027,0.08529541446208112,1084,727,0.6706642066420664,1.6826568265682658,1044,645,0.617816091954023,1.471264367816092,2128,0.6447368421052632,2128,0.6447368421052632,2128.0,0.6447368421052632,,,756,0.0,v3_m1_precision,1372.0,1.0,,,,
M1@M5,wick_touch,any,any,any,both,limit,zone,fixed_rr,H4,2.0,1.5,True,0.5,3.0,H1,none,any,until_broken,any,1,0.0,none,394796,61932,1567,1567,1016,551,0.6483726866624122,0,551,1833.5048214285744,1.1700732746831999,0.5357142857154162,4.451287988746618,2.1322636037682763,-0.6041288566243098,57.66214285714332,-2.5785714285730954,3315.8856318773333,2.11607251555669,1.5,8.986665024426422,3.805989795154856,-1.0,183.3000000006415,-1.0,0.2354680529211947,0.0,9.32108548314858,331.5885631877333,11.751785714284779,10.0,6.508088085403239,1.1700732746831997,2.1160725155566897,2166.379821428569,332.8749999999947,20,10,0.9461284833014252,1.3999343832020996,0.10934664246823957,789,534,0.6768060836501901,2.0847844253392913,778,482,0.6195372750642674,2.1478029823709934,1567,0.6483726866624122,1567,0.6483726866624122,1567.0,0.6483726866624122,,,551,0.0,v3_m1_precision,110.0,1.0,906.0,1.0,,
M1@M5,wick_touch,any,any,any,both,limit,zone,fixed_rr,H4,2.0,1.5,True,0.5,3.0,M15,none,any,until_broken,any,3,0.0,none,394796,61932,3024,3024,1770,1254,0.5853174603174603,0,1254,2194.028571428462,0.7255385487527982,0.7660714285728787,1.3355004748473422,1.6160653753026082,-0.5314251537935845,8.389285714283101,-2.6571428571431355,4056.0,1.3412698412698412,3.0,1.970994560619563,3.0,-1.0,3.0,-1.0,0.6805040805633812,0.0,37.42153751889626,405.6,11.953571428566647,10.0,4.292324512041963,0.7255385487527982,1.3412698412698414,2860.4357142856165,666.4071428571549,13,10,0.11420855379188713,0.05951035781544256,0.19141414141414143,1563,937,0.599488163787588,1.3979526551503518,1461,833,0.5701574264202601,1.2806297056810403,3024,0.5853174603174603,3024,0.5853174603174603,3024.0,0.5853174603174603,,,1254,0.0,v3_m1_precision,1770.0,1.0,,,,
M1@M5,wick_touch,any,any,any,both,limit,zone,fixed_rr,H4,2.0,1.5,True,0.5,3.0,H1,none,any,until_broken,any,3,0.0,none,394796,61932,2029,2029,1198,831,0.590438639724002,0,831,1969.6716071428068,0.9707597866647644,0.4205357142850197,4.169414251634983,2.034420611733813,-0.562652570053311,57.66214285714332,-2.5785714285730954,3624.0927749548746,1.7861472523188149,1.5,8.277584472417992,3.718775271247809,-1.0,181.2550561783239,-1.0,0.21578121712565956,0.0,9.71974031570416,362.40927749548746,11.623214285714312,10.0,5.2126220229454105,0.9707597866647641,1.7861472523188149,2437.235892857108,467.56428571430143,13,10,0.9269180220141285,1.3835420144685586,0.26863217007621343,1039,634,0.6102021174205967,1.7587460817664242,990,564,0.5696969696969697,1.8149046424237991,2029,0.590438639724002,2029,0.590438639724002,2029.0,0.590438639724002,,,831,0.0,v3_m1_precision,123.0,1.0,1075.0,1.0,,
M1@M5,wick_touch,any,any,any,both,limit,zone,fixed_rr,H4,2.0,1.5,True,0.5,3.0,M15,none,any,until_broken,any,6,0.0,none,394796,61932,3665,3665,2066,1599,0.5637107776261937,0,1599,2426.7624999998125,0.6621452933150921,0.7017857142876949,1.2884597978013261,1.5706463490526128,-0.5116903421781648,8.389285714283101,-2.6571428571431355,4599.0,1.2548431105047748,3.0,1.9839679853561827,3.0,-1.0,3.0,-1.0,0.6324916126504392,0.0,38.2905637313961,418.09090909090907,12.14642857142212,11.0,3.9660030380539166,0.662145293315092,1.2548431105047748,3244.955357142698,818.1928571428855,11,11,0.11135970895861755,0.07135366247176508,0.16304982280592034,1902,1082,0.5688748685594112,1.2754994742376446,1763,984,0.5581395348837209,1.2325581395348837,3665,0.5637107776261937,3665,0.5637107776261937,3665.0,0.5637107776261937,,,1599,0.0,v3_m1_precision,2066.0,1.0,,,,
M1@M5,wick_touch,any,any,any,both,limit,zone,fixed_rr,H4,2.0,1.5,True,0.5,3.0,H1,none,any,until_broken,any,6,0.0,none,394796,61932,2341,2341,1339,1002,0.5719777872703973,0,1002,2200.646249999948,0.9400453865869064,0.38839285714242777,4.2278827114538595,2.0464764483089444,-0.5385086968919446,63.52232142857073,-2.5785714285730954,4192.322804528082,1.79082563200687,1.5,8.602870343463655,3.879255268504916,-1.0,158.09999999999226,-1.0,0.20816606092029682,0.0,10.071882047539539,419.2322804528082,11.658035714279322,10.0,5.078399764369286,0.9400453865869065,1.7908256320068703,2740.2319642856764,539.5857142857285,15,10,0.835889221130571,1.3121483694299227,0.19945109780439121,1201,696,0.5795170691090757,1.7026887022798955,1140,643,0.5640350877192982,1.8836786606052,2341,0.5719777872703973,2341,0.5719777872703973,2341.0,0.5719777872703973,,,1002,0.0,v3_m1_precision,138.0,1.0,1201.0,1.0,,
M1@M5,wick_touch,any,any,any,both,limit,zone,fixed_rr,H4,2.0,1.5,True,0.5,3.0,M15,none,any,until_broken,any,0,0.0,none,394796,61932,6929,6929,3649,3280,0.5266272189349113,0,3280,3631.974999999681,0.5241701544233917,0.5196428571441203,1.1576190130602229,1.4280830364482606,-0.4814329268292751,13.698214285713384,-3.1196428571411694,7667.0,1.106508875739645,3.0,1.9973060829929221,3.0,-1.0,3.0,-1.0,0.5540006537613725,0.0,46.115355177490144,697.0,11.353571428569694,11.0,3.300028497245032,0.5241701544233917,1.106508875739645,5211.074999999703,1579.1000000000222,13,11,19.24188435079617,17.117744587558235,21.604989837398374,3521,1895,0.5381993751775064,1.1527975007100255,3408,1754,0.5146713615023474,1.0586854460093897,6929,0.5266272189349113,6929,0.5266272189349113,6929.0,0.5266272189349113,,,3280,0.0,v3_m1_precision,3649.0,1.0,,,,
M1@M5,wick_touch,any,any,any,both,limit,zone,fixed_rr,H4,2.0,1.5,True,0.5,3.0,H1,none,any,until_broken,any,0,0.0,none,394796,61932,3517,3517,1835,1682,0.5217514927495024,0,1682,2770.5585714284653,0.7877618912221965,0.2732142857120312,4.1501196912743605,1.9749929933825814,-0.5074634788517071,64.95517857142751,-3.1196428571411694,6150.449070918193,1.7487771029053718,1.5,10.180705003315147,4.268364616304193,-1.0,237.74444444543627,-1.0,0.17177367405655275,0.0,10.186917500538863,439.3177907798709,12.348214285714448,14.0,4.245910583903306,0.7877618912221966,1.748777102905372,3624.112142857037,853.5535714285713,12,10,25.6262013079329,23.088937329700272,28.394262782401903,1765,939,0.5320113314447592,1.7148077033541689,1752,896,0.5114155251141552,1.7829985585034729,3517,0.5217514927495024,3517,0.5217514927495024,3517.0,0.5217514927495024,,,1682,0.0,v3_m1_precision,195.0,1.0,1640.0,1.0,,
M1@M5,wick_touch,any,any,any,both,limit,zone,fixed_rr,H4,4.0,1.5,False,0.5,3.0,H1,none,any,until_broken,any,0,0.0,none,394796,61932,6801,6801,3262,3539,0.479635347742979,3262,3539,4455.682142856696,0.6551510282100715,-0.15714285714230058,1.4448702416444275,1.8905557501969439,-0.48355770395188874,18.26428571428451,-3.1196428571411694,9509.0,1.398176738714895,-1.0,2.498109208262499,4.0,-1.0,4.0,-1.0,0.5596940014033108,0.0,46.156943234813355,731.4615384615385,11.353571428569467,13.0,3.6036663626665866,0.6551510282100717,1.398176738714895,6166.992857142431,1711.3107142857343,13,13,19.610829289810322,18.012303290414877,21.084237543562214,3463,1703,0.4917701414958129,1.4588507074790644,3338,1559,0.4670461354104254,1.335230677052127,6801,0.479635347742979,6801,0.479635347742979,6801.0,0.479635347742979,3262.0,1.0,3539,0.0,v3_m1_precision,,,,,,
M1@M5,wick_touch,any,any,any,both,limit,zone,fixed_rr,H4,6.0,1.5,False,0.5,3.0,H1,none,any,until_broken,any,0,0.0,none,394796,61932,6591,6591,2617,3974,0.3970565923228645,2617,3974,5419.841071427829,0.822309372087366,-0.2500000000016378,1.9611235905963826,2.8041377804462684,-0.48278497735280707,27.396428571426767,-3.1196428571411694,11728.0,1.7793961462600516,-1.0,3.4252751957197636,6.0,-1.0,6.0,-1.0,0.519489980975424,0.0,42.17478058793408,509.9130434782609,15.441071428570467,23.0,3.824912114473628,0.8223093720873659,1.7793961462600514,7338.428571427884,1918.5875000000553,11,23,20.17281899560006,20.485116545662972,19.96716155007549,3358,1360,0.4050029779630733,1.8350208457415127,3233,1257,0.3888029693782864,1.721620785648005,6591,0.3970565923228645,6591,0.3970565923228645,6591.0,0.3970565923228645,2617.0,1.0,3974,0.0,v3_m1_precision,,,,,,
M1@M5,wick_touch,any,any,any,both,limit,zone,fixed_rr,H4,8.0,1.5,False,0.5,3.0,H1,none,any,until_broken,any,0,0.0,none,394796,61932,6347,6347,2110,4237,0.3324405230817709,2110,4237,5766.998214285017,0.9086179634922037,-0.2892857142855476,2.4045212277538104,3.704901828029481,-0.4839142418827441,36.52857142856902,-3.1196428571411694,12643.0,1.9919647077359381,-1.0,4.240125255333414,8.0,-1.0,8.0,-1.0,0.4697891189017019,0.0,37.427188348383346,486.2692307692308,15.59999999999809,26.0,3.812696994320241,0.9086179634922039,1.9919647077359381,7817.342857142205,2050.344642857187,9,26,20.62447350454283,20.346153238546602,20.76307528911966,3243,1099,0.3388837496145544,2.04995374653099,3104,1011,0.32570876288659795,1.9313788659793814,6347,0.3324405230817709,6347,0.3324405230817709,6347.0,0.3324405230817709,2110.0,1.0,4237,0.0,v3_m1_precision,,,,,,
M1@M5,wick_touch,any,any,any,both,limit,zone,fixed_rr,H4,10.0,1.5,False,0.5,3.0,H1,none,any,until_broken,any,0,0.0,none,394796,61932,6107,6107,1757,4350,0.28770263631897824,1757,4350,5937.714285713404,0.9722800533344366,-0.3124999999992717,2.7481560345736167,4.578329538986417,-0.4842323481116623,27.964285714277004,-4.566071428571128,13220.0,2.1647289995087604,-1.0,4.980017104525337,10.0,-1.0,10.0,-1.0,0.4346830450726109,0.0,33.969304945150995,508.46153846153845,15.773214285712129,26.0,3.8188777456569487,0.9722800533344367,2.164728999508761,8044.124999999136,2106.410714285731,9,26,21.396501282681076,20.87920698159742,21.605440613026822,3108,920,0.296010296010296,2.256113256113256,2999,837,0.2790930310103368,2.070023341113705,6107,0.28770263631897824,6107,0.28770263631897824,6107.0,0.28770263631897824,1757.0,1.0,4350,0.0,v3_m1_precision,,,,,,
M1@M5,wick_touch,against_daily,any,any,both,limit,zone,fixed_rr,H4,3.0,1.5,False,0.5,3.0,H1,none,any,until_broken,any,0,0.0,none,394796,21719,2580,2580,1360,1220,0.5271317829457365,1360,1220,1361.3964285711754,0.527673034329913,0.5008928571414994,1.1377635195047446,1.4167043067225273,-0.46337822014054214,8.485714285710877,-2.0892857142862375,2860.0,1.1085271317829457,3.0,1.9974404330247926,3.0,-1.0,3.0,-1.0,0.5549738122123947,0.0,28.189173545586975,357.5,4.785714285715585,8.0,3.408181186429383,0.5276730343299132,1.108527131782946,1926.717857142637,565.3214285714614,12,8,25.374315245478034,21.59699754901961,29.5850956284153,1444,775,0.5367036011080333,1.146814404432133,1136,585,0.5149647887323944,1.0598591549295775,2580,0.5271317829457365,2580,0.5271317829457365,2580.0,0.5271317829457365,1360.0,1.0,1220,0.0,v3_m1_precision,,,,,,
M1@M5,wick_touch,against_daily,any,any,both,limit,zone,fixed_rr,H4,2.0,1.5,True,0.5,3.0,M15,none,any,until_broken,any,0,0.0,none,394796,21719,2580,2580,1360,1220,0.5271317829457365,0,1220,1361.3964285711754,0.527673034329913,0.5008928571414994,1.1377635195047446,1.4167043067225273,-0.46337822014054214,8.485714285710877,-2.0892857142862375,2860.0,1.1085271317829457,3.0,1.9974404330247926,3.0,-1.0,3.0,-1.0,0.5549738122123947,0.0,28.189173545586975,357.5,4.785714285715585,8.0,3.408181186429383,0.5276730343299132,1.108527131782946,1926.717857142637,565.3214285714614,12,8,25.374315245478034,21.59699754901961,29.5850956284153,1444,775,0.5367036011080333,1.146814404432133,1136,585,0.5149647887323944,1.0598591549295775,2580,0.5271317829457365,2580,0.5271317829457365,2580.0,0.5271317829457365,,,1220,0.0,v3_m1_precision,1360.0,1.0,,,,
M1@M5,wick_touch,against_daily,any,any,both,limit,zone,fixed_rr,H4,2.0,1.5,True,0.5,3.0,H1,none,any,until_broken,any,0,0.0,none,394796,21719,1702,1702,892,810,0.5240893066980024,0,810,1457.6174999999182,0.8564145123383773,0.26116071428605725,4.143187729675253,2.067574471492553,-0.4773567019400487,64.95517857142751,-2.3928571428566414,3197.4807406178447,1.8786608346755846,1.5,10.170780802246464,4.492691413248705,-1.0,237.74444444543627,-1.0,0.18471156454975776,0.0,7.620331505746301,278.0418035319865,6.816071428562736,11.5,4.769775872977435,0.8564145123383772,1.8786608346755849,1844.2764285713574,386.65892857143945,10,8,27.843752448100275,18.5667600896861,38.059897119341564,944,508,0.538135593220339,1.9461097445150588,758,384,0.5065963060686016,1.7946611369335486,1702,0.5240893066980024,1702,0.5240893066980024,1702.0,0.5240893066980024,,,810,0.0,v3_m1_precision,74.0,1.0,818.0,1.0,,
M5@M15,wick_touch,any,any,any,both,market,zone,fixed_rr,H4,3.0,1.5,False,0.5,3.0,H1,none,any,until_broken,any,1,0.0,none,234753,47858,1667,1667,416,1251,0.2495500899820036,409,1258,-1155.524999999991,-0.6931763647270491,-8.736071428570025,26.694467851737706,37.377789320055065,-13.35306583304788,163.2503571428523,-124.5582142857149,-17.0,-0.010197960407918417,-1.0,1.721767049723407,2.9663461538461537,-1.0,3.0,-1.0,-0.0059229617674218275,0.0,-0.24182808078453988,-0.19318181818181818,1657.9803571428497,88.0,0.9308262936239089,-0.6931763647270515,-0.010197960407918538,15549.160357142908,16704.6853571429,4,16,8.237902419516097,11.934695512820513,7.0085931254996,906,229,0.25275938189845476,-0.002207505518763797,761,187,0.2457293035479632,-0.01971090670170828,1667,0.2495500899820036,1667,0.2495500899820036,,,409.0,1.0,1258,0.005564387917329093,v3_m1_precision,,,,,1667.0,0.2495500899820036
M5@M15,wick_touch,any,any,any,both,market,zone,fixed_rr,H4,4.0,1.5,False,0.5,3.0,H1,none,any,until_broken,any,1,0.0,none,234753,47858,1261,1261,265,996,0.21015067406819984,258,1003,-419.25999999985464,-0.3324821570181242,-9.43928571428776,31.12608661105758,49.98759568733205,-13.720856282271937,217.66714285713638,-124.5582142857149,43.0,0.03409992069785884,-1.0,2.017686421317702,3.920754716981132,-1.0,4.0,-1.0,0.016900505617512662,0.0,0.6001464493362222,0.6142857142857143,1001.9074999999254,70.0,0.9693208815513842,-0.33248215701812356,0.03409992069785883,13246.712857142995,13665.97285714285,3,26,11.247687020882898,19.107861635220125,9.156375502008032,683,152,0.2225475841874085,0.08638360175695461,578,113,0.19550173010380623,-0.02768166089965398,1261,0.21015067406819984,1261,0.21015067406819984,,,258.0,1.0,1003,0.006979062811565304,v3_m1_precision,,,,,1261.0,0.21015067406819984
M5@M15,wick_touch,any,any,any,both,market,zone,fixed_rr,H4,6.0,1.5,False,0.5,3.0,H1,none,any,until_broken,any,1,0.0,none,234753,47858,839,839,131,708,0.15613825983313467,125,714,636.2717857143148,0.7583692320790403,-10.149642857144592,41.23656698408184,79.1557224645585,-13.74735573042775,326.5007142857046,-124.5582142857149,48.0,0.057210965435041714,-1.0,2.4937281407896115,5.770992366412214,-1.0,6.0,-1.0,0.022941941625171096,0.0,0.6645247348007327,0.5052631578947369,1462.4792857142347,95.0,1.0653717689783944,0.7583692320790405,0.05721096543504167,10369.399642857163,9733.127857142847,3,34,17.17212951926897,37.666666666666664,13.380061205273071,445,77,0.17303370786516853,0.1662921348314607,394,54,0.13705583756345177,-0.06598984771573604,839,0.15613825983313467,839,0.15613825983313467,,,125.0,1.0,714,0.008403361344537815,v3_m1_precision,,,,,839.0,0.15613825983313467
M5@M15,wick_touch,any,any,any,both,limit,zone,fixed_rr,H4,3.0,1.5,False,0.5,3.0,H1,none,any,until_broken,any,0,0.0,none,234753,47858,6493,6493,3418,3075,0.526413060218697,3418,3075,8341.467857142714,1.284686255527909,1.451785714285947,2.741368382315516,3.5092921925937883,-1.1880627177700338,17.930357142856845,-6.046428571426787,7179.0,1.1056522408747882,3.0,1.9973612661547764,3.0,-1.0,3.0,-1.0,0.5535564645264883,0.0,44.605111398896774,652.6363636363636,17.060714285709764,11.0,3.2832737980021567,1.2846862555279093,1.1056522408747882,11994.760714285569,3653.292857142854,13,10,56.646260074952515,50.07733567388337,63.94791327913279,3352,1779,0.530727923627685,1.1229116945107398,3141,1639,0.521808341292582,1.0872333651703279,6493,0.526413060218697,6493,0.526413060218697,,,3418.0,1.0,3075,0.0,v3_m1_precision,,,,,6493.0,0.526413060218697
M1@M15,wick_touch,any,any,any,both,limit,zone,fixed_rr,H4,3.0,1.5,False,0.5,3.0,H1,none,any,until_broken,any,0,0.0,none,315122,33293,2322,2322,1171,1151,0.5043066322136089,1171,1151,1121.1071428570208,0.48281961363351455,0.3428571428565341,1.1708909968973702,1.4508204221055543,-0.5020013652724443,8.485714285710877,-2.2857142857146684,2362.0,1.0172265288544358,3.0,2.000356596693739,3.0,-1.0,3.0,-1.0,0.5085225956890608,0.0,24.50424707714484,168.71428571428572,11.951785714290054,14.0,2.9402911271128924,0.4828196136335145,1.0172265288544358,1698.9107142856042,577.8035714285834,12,11,35.93576658053402,36.33034443495588,35.5343324645236,1201,628,0.5228975853455454,1.0915903413821815,1121,543,0.48438893844781444,0.9375557537912578,2322,0.5043066322136089,2322,0.5043066322136089,,,1171.0,1.0,1151,0.0,v3_m1_precision,,,,,2322.0,0.5043066322136089
M1@M15,wick_touch,any,any,any,both,limit,zone,fixed_rr,H4,3.0,1.5,False,0.5,3.0,H1,none,any,until_broken,any,3,0.0,none,315122,33293,744,744,415,329,0.5577956989247311,415,329,557.3910714285878,0.7491815476190696,0.7928571428561515,1.499036389454737,1.823481067125668,-0.6059379070777032,7.998214285709349,-2.0892857142862375,916.0,1.2311827956989247,3.0,1.9879301202611308,3.0,-1.0,3.0,-1.0,0.6193290111913988,0.0,16.893043169685768,76.33333333333333,12.208928571428828,12.0,3.7959924040203186,0.7491815476190696,1.2311827956989245,756.7446428571523,199.35357142856435,15,12,0.1310483870967742,0.14779116465863454,0.10992907801418439,388,234,0.6030927835051546,1.4123711340206186,356,181,0.5084269662921348,1.0337078651685394,744,0.5577956989247311,744,0.5577956989247311,,,415.0,1.0,329,0.0,v3_m1_precision,,,,,744.0,0.5577956989247311
M1@M15,wick_touch,any,any,any,both,limit,zone,fixed_rr,H4,3.0,1.5,False,0.5,3.0,H1,none,any,until_broken,any,6,0.0,none,315122,33293,902,902,491,411,0.5443458980044346,491,411,613.9946428571142,0.6807035951852707,0.7098214285716775,1.442579282430333,1.7489489380273233,-0.5954727146333373,7.998214285709349,-2.1339285714283562,1062.0,1.1773835920177385,3.0,1.9932234322062523,3.0,-1.0,3.0,-1.0,0.5906932323761216,0.0,17.74047581906995,96.54545454545455,11.903571428573116,11.0,3.5087702657343933,0.6807035951852705,1.1773835920177382,858.7339285714157,244.73928571430162,13,11,0.07834441980783445,0.048336727766463,0.11419302514193025,476,277,0.5819327731092437,1.3277310924369747,426,214,0.5023474178403756,1.0093896713615023,902,0.5443458980044346,902,0.5443458980044346,,,491.0,1.0,411,0.0,v3_m1_precision,,,,,902.0,0.5443458980044346
M1@M15,wick_touch,any,any,any,both,limit,zone,fixed_rr,H4,4.0,1.5,False,0.5,3.0,H1,none,any,until_broken,any,0,0.0,none,315122,33293,2300,2300,1070,1230,0.4652173913043478,1070,1230,1430.6874999998943,0.6220380434782149,-0.1892857142848925,1.4589007389791568,1.9170761014685271,-0.5045397793263657,11.31428571428117,-2.2857142857146684,3050.0,1.326086956521739,-1.0,2.4944858529476965,4.0,-1.0,4.0,-1.0,0.5316073269987569,0.0,25.494991768446514,217.85714285714286,11.653571428575674,14.0,3.305389221556711,0.6220380434782149,1.326086956521739,2051.271428571324,620.5839285714299,12,13,36.249028985507245,33.80183800623053,38.37788617886179,1190,582,0.4890756302521008,1.4453781512605042,1110,488,0.43963963963963965,1.1981981981981982,2300,0.4652173913043478,2300,0.4652173913043478,,,1070.0,1.0,1230,0.0,v3_m1_precision,,,,,2300.0,0.4652173913043478
M1@M15,wick_touch,any,any,any,both,limit,zone,fixed_rr,H4,6.0,1.5,False,0.5,3.0,H1,none,any,until_broken,any,0,0.0,none,315122,33293,2247,2247,880,1367,0.3916332888295505,880,1367,1796.6678571427728,0.7995851611672331,-0.26428571428649406,1.9554553917172868,2.824090909090804,-0.5036811579057311,15.996428571418697,-2.2857142857146684,3913.0,1.7414330218068537,-1.0,3.4175684456768267,6.0,-1.0,6.0,-1.0,0.5095532246061496,0.0,24.154112820047065,260.8666666666667,11.653571428576242,15.0,3.609417549756379,0.7995851611672333,1.7414330218068534,2485.1999999999075,688.5321428571344,7,15,36.177399495623796,33.94388257575758,37.61521580102414,1167,484,0.414738646101114,1.9031705227077977,1080,396,0.36666666666666664,1.5666666666666667,2247,0.3916332888295505,2247,0.3916332888295505,,,880.0,1.0,1367,0.0,v3_m1_precision,,,,,2247.0,0.3916332888295505
M1@M15,wick_touch,any,any,any,both,limit,zone,fixed_rr,H4,8.0,1.5,False,0.5,3.0,H1,none,any,until_broken,any,0,0.0,none,315122,33293,2203,2203,752,1451,0.3413527008624603,752,1451,2043.2446428569338,0.9274828156409141,-0.29642857142908596,2.398690784836717,3.689361702127381,-0.5038975583341533,21.328571428558263,-2.2857142857146684,4565.0,2.0721743077621424,-1.0,4.2684404814861745,8.0,-1.0,8.0,-1.0,0.4854640276114751,0.0,22.7858011620565,285.3125,11.653571428576242,16.0,3.7945423949861254,0.9274828156409143,2.0721743077621424,2774.3999999997905,731.1553571428565,7,16,36.75754274474202,38.07695035460993,36.0737422467264,1144,419,0.36625874125874125,2.2963286713286712,1059,333,0.31444759206798867,1.8300283286118981,2203,0.3413527008624603,2203,0.3413527008624603,,,752.0,1.0,1451,0.0,v3_m1_precision,,,,,2203.0,0.3413527008624603
M1@M15,wick_touch,any,any,any,both,limit,zone,fixed_rr,H4,10.0,1.5,False,0.5,3.0,H1,none,any,until_broken,any,0,0.0,none,315122,33293,2176,2176,650,1526,0.29871323529411764,650,1526,2233.7482142856315,1.0265387014180292,-0.31964285714281004,2.838739030247101,4.608818681318529,-0.49933416026960187,26.66071428569783,-2.2857142857146684,4974.0,2.285845588235294,-1.0,5.03578933963262,10.0,-1.0,10.0,-1.0,0.4539200181082347,0.0,21.174286317571394,292.5882352941176,13.807142857145436,17.0,3.9314899311242977,1.026538701418029,2.2858455882352944,2995.732142857044,761.9839285714124,7,17,37.20710784313726,37.71246153846154,36.99185233726518,1128,367,0.325354609929078,2.5789007092198584,1048,283,0.2700381679389313,1.9704198473282444,2176,0.29871323529411764,2176,0.29871323529411764,,,650.0,1.0,1526,0.0,v3_m1_precision,,,,,2176.0,0.29871323529411764
M1@M15,wick_touch,any,any,any,both,limit,zone,fixed_rr,H4,2.0,1.5,True,0.5,3.0,H1,none,any,until_broken,any,0,0.0,none,315122,33293,1592,1592,821,771,0.5157035175879398,0,771,1255.7723214285543,0.7888017094400467,0.2437500000007642,4.096524098346782,2.023239298764563,-0.5256901982583034,65.01785714285724,-2.2857142857146684,2848.946382496536,1.7895391849852615,1.5,9.833958842438596,4.4091916960980955,-1.0,202.27777777804988,-1.0,0.1819754601028508,0.0,7.2607980541255674,203.496170178324,13.043750000009936,14.0,4.098322700597318,0.7888017094400468,1.7895391849852618,1661.0794642857063,405.307142857152,11,11,43.01798576214405,40.98562728380024,45.18214440121055,839,454,0.5411203814064363,1.8305031548338384,753,367,0.48738379814077026,1.743896727212412,1592,0.5157035175879398,1592,0.5157035175879398,,,,,771,0.0,v3_m1_precision,81.0,1.0,740.0,1.0,1592.0,0.5157035175879398
M1@M15,wick_touch,any,any,any,both,limit,zone,fixed_rr,H4,2.0,1.5,True,0.5,3.0,H4,none,any,until_broken,any,0,0.0,none,315122,33293,1423,1423,733,690,0.5151089248067463,0,690,981.2071428571078,0.6895341833149036,0.23571428571345088,4.823612108808165,1.8386791073864446,-0.5312241200828349,76.5678571428563,-2.2857142857146684,2194.8072897014576,1.5423803862975807,1.5,12.0237435512229,3.935617039156149,-1.0,238.21111111142858,-1.0,0.12827788448138597,0.0,4.838984590356657,168.8313299770352,12.54821428571563,13.0,3.676910335419874,0.6895341833149036,1.5423803862975807,1347.7517857142639,366.54464285715613,10,10,47.17867182009839,45.31321055025012,49.160386473429945,749,409,0.5460614152202937,1.5777081947313538,674,324,0.4807121661721068,1.503121441910494,1423,0.5151089248067463,1423,0.5151089248067463,,,,,690,0.0,v3_m1_precision,76.0,1.0,657.0,1.0,1423.0,0.5151089248067463
