tf_pair,touch_type,bias_filter,zone_role_filter,age_filter,direction,entry_mode,sl_mode,tp_mode,tp_htf,fixed_rr,sl_atr_mult,partial_tp,partial_unit1_pct,partial_unit1_rr,partial_unit2_tp,cascade_filter,session_filter,touch_policy,retest_number_filter,limit_ttl,breakeven_buffer_atr,unit2_trail,spread_pips,min_sl_pips,sl_buffer_atr,limit_edge,total_candidates,passed_filters,num_trades,total_trades,wins,losses,win_rate,tp_hits,sl_hits,total_pnl_pips,avg_pnl_pips,median_pnl_pips,std_pnl_pips,avg_win_pips,avg_loss_pips,largest_win_pips,largest_loss_pips,total_r,avg_r,median_r,std_r,avg_win_r,avg_loss_r,largest_win_r,largest_loss_r,sharpe,sortino,sqn,calmar,max_dd_pips,max_dd_r,profit_factor,expectancy_pips,expectancy_r,gross_profit_pips,gross_loss_pips,max_win_streak,max_loss_streak,avg_hold_hours,avg_win_hold_hours,avg_loss_hold_hours,long_trades,long_wins,long_win_rate,long_avg_r,short_trades,short_wins,short_win_rate,short_avg_r,signal_type_wick_touch_n,signal_type_wick_touch_wr,struct_cls_none_n,struct_cls_none_wr,zone_tf_m15_n,zone_tf_m15_wr,exit_reason_tp_hit_n,exit_reason_tp_hit_wr,exit_reason_sl_hit_n,exit_reason_sl_hit_wr,sweep_version,zone_tf_h1_n,zone_tf_h1_wr,zone_tf_h4_n,zone_tf_h4_wr,exit_reason_partial_be_n,exit_reason_partial_be_wr,exit_reason_partial_full_n,exit_reason_partial_full_wr
M5@M15,wick_touch,any,any,any,both,limit,zone,fixed_rr,H4,3.0,1.5,False,0.5,3.0,H1,none,any,until_broken,any,1,0.0,none,0.0,0.0,0.15,bottom,241117,53619,2627,2627,1642,985,0.6250475827940617,1642,985,9928.14999999988,3.779272934906692,4.741071428568944,5.915405438944569,7.601224551940075,-2.5919398114575873,49.966071428573855,-15.869642857143162,3941.0,1.5001903311762466,3.0,1.9368111904681424,3.0,-1.0,3.0,-1.0,0.7745671537624887,0.0,39.699872571982496,563.0,34.57142857142503,7.0,4.888724598066406,3.7792729349066922,1.5001903311762468,12481.210714285604,2553.0607142857234,13,7,0.11502347417840374,0.12357896873731221,0.10076142131979696,1301,823,0.6325903151421983,1.5303612605687933,1326,819,0.6176470588235294,1.4705882352941178,2627,0.6250475827940617,2627,0.6250475827940617,2627.0,0.6250475827940617,1642.0,1.0,985,0.0,v3_realistic,,,,,,,,
M5@M15,wick_touch,any,any,any,both,limit,zone,fixed_rr,H4,3.0,1.5,False,0.5,3.0,H1,none,any,until_broken,any,3,0.0,none,0.0,0.0,0.15,bottom,241117,53619,3679,3679,2102,1577,0.5713509105735254,2102,1577,11527.823214285712,3.133412126742515,4.023214285709287,5.750840097804335,7.359733077341292,-2.499895823897073,49.966071428573855,-15.869642857143162,4729.0,1.2854036422941018,3.0,1.9798005358958366,3.0,-1.0,3.0,-1.0,0.6492591647433168,0.0,39.38065929347468,525.4444444444445,45.742857142852245,9.0,3.9241099819360383,3.133412126742514,1.2854036422941015,15470.158928571396,3942.3357142856844,13,9,0.2144604512095678,0.23973200126863303,0.18077573451701542,1792,1047,0.5842633928571429,1.3370535714285714,1887,1055,0.5590885002649708,1.2363540010598835,3679,0.5713509105735254,3679,0.5713509105735254,3679.0,0.5713509105735254,2102.0,1.0,1577,0.0,v3_realistic,,,,,,,,
M5@M15,wick_touch,any,any,any,both,limit,zone,fixed_rr,H4,3.0,1.5,False,0.5,3.0,H1,none,any,until_broken,any,6,0.0,none,0.0,0.0,0.15,bottom,241117,53619,4223,4223,2367,1856,0.5605020127871182,2367,1856,12625.942857142858,2.9898041338249723,3.846428571432625,5.677015862781063,7.265879051240267,-2.4635737376847286,49.966071428573855,-15.869642857143162,5245.0,1.2420080511484726,3.0,1.9855391331803052,3.0,-1.0,3.0,-1.0,0.6255268558515421,0.0,40.64962100111601,582.7777777777778,45.742857142852245,9.0,3.7613425293102245,2.9898041338249723,1.2420080511484728,17198.335714285713,4572.392857142856,11,9,0.343456468545268,0.3861427967891846,0.2890176005747126,2018,1150,0.5698711595639246,1.2794846382556988,2205,1217,0.5519274376417234,1.2077097505668934,4223,0.5605020127871182,4223,0.5605020127871182,4223.0,0.5605020127871182,2367.0,1.0,1856,0.0,v3_realistic,,,,,,,,
M5@M15,wick_touch,any,any,any,both,limit,zone,fixed_rr,H4,3.0,1.5,False,0.5,3.0,H1,none,any,until_broken,any,12,0.0,none,0.0,0.0,0.15,bottom,241117,53619,4839,4839,2650,2189,0.5476338086381484,2650,2189,13777.416071428528,2.8471618250523925,3.685714285708741,5.629622726052596,7.221066711590279,-2.447880636950987,49.966071428573855,-15.869642857143162,5761.0,1.1905352345525935,3.0,1.991109140268984,3.0,-1.0,3.0,-1.0,0.5979256538352091,0.0,41.5934551159376,640.1111111111111,45.742857142852245,9.0,3.5711758217221856,2.8471618250523925,1.1905352345525935,19135.82678571424,5358.410714285711,12,9,0.5045808362609354,0.4961635220125786,0.5147708238160499,2327,1290,0.5543618392780404,1.2174473571121616,2512,1360,0.5414012738853503,1.1656050955414012,4839,0.5476338086381484,4839,0.5476338086381484,4839.0,0.5476338086381484,2650.0,1.0,2189,0.0,v3_realistic,,,,,,,,
M5@M15,wick_touch,any,any,any,both,limit,zone,fixed_rr,H4,3.0,1.5,False,0.5,3.0,H1,none,any,until_broken,any,0,0.0,none,0.0,0.0,0.15,bottom,241117,53619,6820,6820,3573,3247,0.523900293255132,3573,3247,17638.533928571167,2.586295297444453,3.243750000000034,5.545460188601293,7.144348986445897,-2.4293886664613558,49.966071428573855,-14.860714285714494,7472.0,1.095601173020528,3.0,1.9978602733125979,3.0,-1.0,3.0,-1.0,0.5483872859656703,0.0,45.28762697567597,574.7692307692307,43.98571428571074,13.0,3.236058673348075,2.5862952974444533,1.095601173020528,25526.75892857119,7888.225000000022,17,13,55.28699902248289,55.56145629256461,54.98498614105328,3301,1747,0.529233565586186,1.116934262344744,3519,1826,0.518897414038079,1.075589656152316,6820,0.523900293255132,6820,0.523900293255132,6820.0,0.523900293255132,3573.0,1.0,3247,0.0,v3_realistic,,,,,,,,
M15@H1,wick_touch,any,any,any,both,limit,zone,fixed_rr,H4,3.0,1.5,False,0.5,3.0,H1,none,any,until_broken,any,1,0.0,none,0.0,0.0,0.15,bottom,190878,38546,1599,1599,1030,569,0.6441525953721076,1030,569,10894.392857142833,6.813253819351365,8.46964285713625,10.116396763233451,12.96444174757278,-4.3215854883253595,86.5339285714299,-16.144642857142344,2521.0,1.5766103814884302,3.0,1.9156762610338556,3.0,-1.0,3.0,-1.0,0.8230046034174701,0.0,32.909894971222705,315.125,47.44285714285979,8.0,5.4304481383848,6.813253819351367,1.5766103814884302,13353.374999999964,2458.9821428571295,14,7,0.37523452157598497,0.3288834951456311,0.45913884007029876,872,546,0.6261467889908257,1.5045871559633028,727,484,0.6657496561210454,1.6629986244841817,1599,0.6441525953721076,1599,0.6441525953721076,,,1030.0,1.0,569,0.0,v3_realistic,1599.0,0.6441525953721076,,,,,,
M15@H1,wick_touch,any,any,any,both,limit,zone,fixed_rr,H4,3.0,1.5,False,0.5,3.0,H1,none,any,until_broken,any,3,0.0,none,0.0,0.0,0.15,bottom,190878,38546,2300,2300,1329,971,0.5778260869565217,1329,971,12602.923214285673,5.479531832298118,6.934821428572491,9.730486826321425,12.453386004514659,-4.065527070766538,86.5339285714299,-16.144642857142344,3016.0,1.3113043478260868,3.0,1.9760534751491936,3.0,-1.0,3.0,-1.0,0.6635976021484349,0.0,31.825022991781964,274.1818181818182,50.32321428571868,11.0,4.192531588825265,5.479531832298118,1.3113043478260868,16550.54999999998,3947.6267857143084,11,9,0.8538043478260869,0.8105718585402558,0.9129763130792997,1196,689,0.5760869565217391,1.3043478260869565,1104,640,0.5797101449275363,1.318840579710145,2300,0.5778260869565217,2300,0.5778260869565217,,,1329.0,1.0,971,0.0,v3_realistic,2300.0,0.5778260869565217,,,,,,
M15@H1,wick_touch,any,any,any,both,limit,zone,fixed_rr,H4,3.0,1.5,False,0.5,3.0,H1,none,any,until_broken,any,6,0.0,none,0.0,0.0,0.15,bottom,190878,38546,2674,2674,1501,1173,0.5613313388182498,1501,1173,13726.508928571451,5.133324206646018,6.3750000000027285,9.60735255414586,12.284945750452103,-4.018068749238839,86.5339285714299,-16.144642857142344,3330.0,1.2453253552729993,3.0,1.9852680927968354,3.0,-1.0,3.0,-1.0,0.6272832167058059,0.0,32.437275496119184,333.0,52.11071428571995,10.0,3.912357746432976,5.133324206646017,1.2453253552729993,18439.703571428607,4713.194642857158,16,8,1.1389304412864623,1.0701199200532978,1.2269820971867007,1381,779,0.5640839971035482,1.2563359884141927,1293,722,0.5583913379737045,1.2335653518948182,2674,0.5613313388182498,2674,0.5613313388182498,,,1501.0,1.0,1173,0.0,v3_realistic,2674.0,0.5613313388182498,,,,,,
M15@H1,wick_touch,any,any,any,both,limit,zone,fixed_rr,H4,3.0,1.5,False,0.5,3.0,H1,none,any,until_broken,any,12,0.0,none,0.0,0.0,0.15,bottom,190878,38546,3046,3046,1687,1359,0.5538411030860144,1687,1359,14896.073214285767,4.890372033580356,6.192857142858088,9.391398791286868,12.02487721229576,-3.9660740565542163,86.5339285714299,-16.2535714285724,3702.0,1.2153644123440577,3.0,1.9886972033639059,3.0,-1.0,3.0,-1.0,0.6111359790159375,0.0,33.72894847228865,411.3333333333333,49.34464285714239,9.0,3.7637039685045433,4.8903720335803555,1.2153644123440577,20285.967857142947,5389.89464285718,10,8,1.6701411687458962,1.6318909306461173,1.7176232523914643,1548,868,0.5607235142118863,1.2428940568475453,1498,819,0.5467289719626168,1.1869158878504673,3046,0.5538411030860144,3046,0.5538411030860144,,,1687.0,1.0,1359,0.0,v3_realistic,3046.0,0.5538411030860144,,,,,,
M15@H1,wick_touch,any,any,any,both,limit,zone,fixed_rr,H4,3.0,1.5,False,0.5,3.0,H1,none,any,until_broken,any,0,0.0,none,0.0,0.0,0.15,bottom,190878,38546,4501,4501,2402,2099,0.5336591868473672,2402,2099,20183.596428571524,4.484247151426688,5.694642857142185,9.11604645993118,11.854830795765446,-3.950313074253013,67.38750000000095,-23.814285714286143,5107.0,1.134636747389469,3.0,1.995684796481425,3.0,-1.0,3.0,-1.0,0.5685450675326772,0.0,38.143400027588385,464.27272727272725,48.921428571429715,11.0,3.4341907017252495,4.484247151426689,1.134636747389469,28475.3035714286,8291.707142857074,12,11,106.73050433237059,93.18130724396336,122.23558837541687,2248,1208,0.5373665480427047,1.1494661921708185,2253,1194,0.5299600532623169,1.1198402130492677,4501,0.5336591868473672,4501,0.5336591868473672,,,2402.0,1.0,2099,0.0,v3_realistic,4501.0,0.5336591868473672,,,,,,
H1@H4,wick_touch,any,any,any,both,limit,zone,fixed_rr,H4,3.0,1.5,False,0.5,3.0,H1,none,any,until_broken,any,1,0.0,none,0.0,0.0,0.15,bottom,162489,32578,1393,1393,855,538,0.6137832017229002,855,538,16413.058928571474,11.782526151164015,15.369642857143617,18.39092474275556,24.112919799498826,-7.8131737918216,160.11964285713987,-65.6178571428569,2027.0,1.455132806891601,3.0,1.948224545482315,3.0,-1.0,3.0,-1.0,0.7469019986766253,0.0,27.876559969060075,202.7,74.73928571428416,10.0,4.904628936941383,11.782526151164017,1.455132806891601,20616.546428571495,4203.487500000021,14,10,1.3740129217516153,1.2432748538011695,1.5817843866171004,719,439,0.6105702364394993,1.4422809457579973,674,416,0.6172106824925816,1.4688427299703264,1393,0.6137832017229002,1393,0.6137832017229002,,,855.0,1.0,538,0.0,v3_realistic,,,1393.0,0.6137832017229002,,,,
H1@H4,wick_touch,any,any,any,both,limit,zone,fixed_rr,H4,3.0,1.5,False,0.5,3.0,H1,none,any,until_broken,any,3,0.0,none,0.0,0.0,0.15,bottom,162489,32578,1967,1967,1091,876,0.5546517539400102,1091,876,18624.46964285719,9.468464485438329,13.01249999999925,17.465256589430425,22.988737396883646,-7.3701402478799825,160.11964285713987,-65.6178571428569,2397.0,1.2186070157600406,3.0,1.9885223792834419,3.0,-1.0,3.0,-1.0,0.6128203677542527,0.0,27.17911874519625,199.75,77.0071428571373,12.0,3.884722594078383,9.468464485438332,1.2186070157600408,25080.71250000006,6456.2428571428645,15,12,2.592780884595831,2.37121906507791,2.8687214611872145,1001,550,0.5494505494505495,1.1978021978021978,966,541,0.5600414078674948,1.2401656314699794,1967,0.5546517539400102,1967,0.5546517539400102,,,1091.0,1.0,876,0.0,v3_realistic,,,1967.0,0.5546517539400102,,,,
H1@H4,wick_touch,any,any,any,both,limit,zone,fixed_rr,H4,3.0,1.5,False,0.5,3.0,H1,none,any,until_broken,any,6,0.0,none,0.0,0.0,0.15,bottom,162489,32578,2279,2279,1235,1044,0.5419043440105309,1235,1044,20163.64642857128,8.847585093712716,12.032142857137273,17.027489274007618,22.42656593406585,-7.215672892720347,160.11964285713987,-65.6178571428569,2661.0,1.1676173760421238,3.0,1.9934011156955214,3.0,-1.0,3.0,-1.0,0.5857413075816044,0.0,27.962629922263787,221.75,78.26071428571413,12.0,3.676650932270632,8.847585093712716,1.1676173760421236,27696.80892857132,7533.162500000042,11,12,3.9192628345765685,3.6348178137651823,4.255747126436781,1161,633,0.5452196382428941,1.1808785529715762,1118,602,0.5384615384615384,1.1538461538461537,2279,0.5419043440105309,2279,0.5419043440105309,,,1235.0,1.0,1044,0.0,v3_realistic,,,2279.0,0.5419043440105309,,,,
H1@H4,wick_touch,any,any,any,both,limit,zone,fixed_rr,H4,3.0,1.5,False,0.5,3.0,H1,none,any,until_broken,any,12,0.0,none,0.0,0.0,0.15,bottom,162489,32578,2600,2600,1386,1214,0.5330769230769231,1386,1214,22262.548214285533,8.562518543955974,11.458928571429539,17.001603613746035,22.418402133580575,-7.256472111084963,160.11964285713987,-65.6178571428569,2944.0,1.1323076923076922,3.0,1.9960027536630056,3.0,-1.0,3.0,-1.0,0.5672876403751019,0.0,28.926107480926508,226.46153846153845,126.24821428572614,13.0,3.527147878473355,8.562518543955974,1.1323076923076925,31071.905357142678,8809.357142857145,13,13,6.381153846153846,6.297258297258297,6.476935749588138,1320,710,0.5378787878787878,1.1515151515151516,1280,676,0.528125,1.1125,2600,0.5330769230769231,2600,0.5330769230769231,,,1386.0,1.0,1214,0.0,v3_realistic,,,2600.0,0.5330769230769231,,,,
H1@H4,wick_touch,any,any,any,both,limit,zone,fixed_rr,H4,3.0,1.5,False,0.5,3.0,H1,none,any,until_broken,any,0,0.0,none,0.0,0.0,0.15,bottom,162489,32578,3909,3909,2023,1886,0.517523663341008,2023,1886,30448.87678571395,7.789428699338437,10.430357142851676,16.40689661262795,21.96310730174406,-7.413833131343729,160.11964285713987,-29.644642857141434,4183.0,1.0700946533640316,3.0,1.999027019275071,3.0,-1.0,3.0000000000000924,-1.0,0.5353077487427317,0.0,33.46850899491074,321.7692307692308,134.80000000001382,13.0,3.1776434913362084,7.7894286993384405,1.0700946533640319,44431.36607142823,13982.489285714273,11,12,731.9851624456383,677.3054869006426,790.6367974549311,1968,1039,0.5279471544715447,1.1117886178861789,1941,984,0.5069551777434312,1.027820710973725,3909,0.517523663341008,3909,0.517523663341008,,,2023.0,1.0,1886,0.0,v3_realistic,,,3909.0,0.517523663341008,,,,
M5@M15,wick_touch,any,any,any,both,limit,zone,fixed_rr,H4,2.0,1.5,True,0.5,3.0,H1,none,any,until_broken,any,1,0.0,none,0.0,0.0,0.15,bottom,241117,53619,1920,1920,1193,727,0.6213541666666667,0,727,10194.68267857143,5.309730561755953,2.584821428568773,15.288993029152792,10.17446159142619,-2.673246217331521,172.45696428571478,-15.869642857143162,3972.8869437175795,2.069211949852906,1.5,5.619710808449035,3.9395531799812056,-1.0,76.1261306533256,-1.0,0.36820612668216296,0.0,16.13398411163404,567.5552776739399,38.16696428571572,7.0,6.245662444915664,5.309730561755953,2.069211949852905,12138.132678571445,1943.4500000000157,16,7,2.0689236111111113,3.26830120145292,0.10075653370013755,958,604,0.6304801670146137,2.267490868893809,962,589,0.6122661122661123,1.8717574753818202,1920,0.6213541666666667,1920,0.6213541666666667,1920.0,0.6213541666666667,,,727,0.0,v3_realistic,,,,,976.0,1.0,217.0,1.0
M5@M15,wick_touch,any,any,any,both,limit,zone,fixed_rr,H4,2.0,1.5,True,0.5,3.0,H1,none,any,until_broken,any,3,0.0,none,0.0,0.0,0.15,bottom,241117,53619,2523,2523,1434,1089,0.5683709869203329,0,1089,10411.739642857217,4.126729941679436,2.1642857142850858,13.951580991195486,9.21936914724052,-2.57927981109797,172.45696428571478,-15.869642857143162,4142.522971874024,1.6419036749401603,1.5,5.129744219466935,3.648202909256642,-1.0,76.1261306533256,-1.0,0.3200751547629369,0.0,16.077206478406467,460.2803302082249,42.600892857143435,9.0,4.706781279482915,4.126729941679436,1.6419036749401603,13220.575357142907,2808.8357142856894,10,8,1.8529198044655835,3.129009762900976,0.17255892255892255,1237,722,0.5836701697655619,1.815153298131448,1286,712,0.5536547433903577,1.475255320439677,2523,0.5683709869203329,2523,0.5683709869203329,2523.0,0.5683709869203329,,,1089,0.0,v3_realistic,,,,,1204.0,1.0,230.0,1.0
M5@M15,wick_touch,any,any,any,both,limit,zone,fixed_rr,H4,2.0,1.5,True,0.5,3.0,H1,none,any,until_broken,any,6,0.0,none,0.0,0.0,0.15,bottom,241117,53619,2770,2770,1546,1224,0.5581227436823105,0,1224,10807.161785714285,3.9015024497163484,2.0316964285733263,13.65304506067881,9.013153298835714,-2.5548800770308255,172.45696428571478,-15.869642857143162,4288.156463510856,1.5480709254551823,1.5,5.026887005079315,3.5654310889462195,-1.0,76.1261306533256,-1.0,0.30795817051208146,0.0,16.20808163709884,389.8324057737142,48.37410714285693,11.0,4.4558884478622405,3.901502449716349,1.5480709254551828,13934.335000000015,3127.1732142857304,11,8,1.9871841155234657,3.3626563173781805,0.24986383442265794,1333,767,0.5753938484621155,1.7019453897824115,1437,779,0.5421016005567154,1.4053328176276283,2770,0.5581227436823105,2770,0.5581227436823105,2770.0,0.5581227436823105,,,1224,0.0,v3_realistic,,,,,1310.0,1.0,236.0,1.0
M5@M15,wick_touch,any,any,any,both,limit,zone,fixed_rr,H4,2.0,1.5,True,0.5,3.0,H1,none,any,until_broken,any,12,0.0,none,0.0,0.0,0.15,bottom,241117,53619,3047,3047,1647,1400,0.5405316704955694,0,1400,11145.79124999999,3.6579557761732815,1.904464285716756,13.576305468861303,8.920443121693125,-2.532984693877562,172.45696428571478,-15.869642857143162,4436.39149840505,1.4559867077141606,1.5,4.982743096537955,3.5436499686733742,-1.0,76.1261306533256,-1.0,0.29220585518964254,0.0,16.129657334434146,403.3083180368227,52.44285714286002,11.0,4.143042863041688,3.6579557761732824,1.4559867077141604,14691.969821428576,3546.1785714285866,12,9,2.1154961163986434,3.5015685083991093,0.4848809523809524,1486,812,0.5464333781965006,1.6017481894795769,1561,835,0.5349135169762973,1.3172285002167823,3047,0.5405316704955694,3047,0.5405316704955694,3047.0,0.5405316704955694,,,1400,0.0,v3_realistic,,,,,1399.0,1.0,248.0,1.0
M5@M15,wick_touch,any,any,any,both,limit,zone,fixed_rr,H4,2.0,1.5,True,0.5,3.0,H1,none,any,until_broken,any,0,0.0,none,0.0,0.0,0.15,bottom,241117,53619,3741,3741,1933,1808,0.516706762897621,0,1808,12812.21714285711,3.424810783976773,1.6339285714295215,13.627390582707012,8.967064148991192,-2.5006182838179556,250.58839285714356,-14.860714285714494,5297.588149507073,1.416088786288979,1.5,5.2042906866799195,3.6759379976756703,-1.0,72.12352941173364,-1.0,0.27210024795758936,0.0,16.642661944990465,365.3509068625567,38.16785714285652,14.5,3.8338604627648074,3.4248107839767736,1.416088786288979,17333.334999999974,4521.117857142864,15,9,73.27706495589415,70.91446801172616,75.80300516224189,1796,939,0.5228285077951003,1.5572010619965977,1945,994,0.5110539845758355,1.285786654067445,3741,0.516706762897621,3741,0.516706762897621,3741.0,0.516706762897621,,,1808,0.0,v3_realistic,,,,,1634.0,1.0,299.0,1.0
M15@H1,wick_touch,any,any,any,both,limit,zone,fixed_rr,H4,2.0,1.5,True,0.5,3.0,H1,none,any,until_broken,any,1,0.0,none,0.0,0.0,0.15,bottom,190878,38546,1599,1599,1030,569,0.6441525953721076,0,569,10894.392857142833,6.813253819351365,8.46964285713625,10.116396763233451,12.96444174757278,-4.3215854883253595,86.5339285714299,-16.144642857142344,2521.0,1.5766103814884302,3.0,1.9156762610338556,3.0,-1.0,3.0,-1.0,0.8230046034174701,0.0,32.909894971222705,315.125,47.44285714285979,8.0,5.4304481383848,6.813253819351367,1.5766103814884302,13353.374999999964,2458.9821428571295,14,7,0.37523452157598497,0.3288834951456311,0.45913884007029876,872,546,0.6261467889908257,1.5045871559633028,727,484,0.6657496561210454,1.6629986244841817,1599,0.6441525953721076,1599,0.6441525953721076,,,,,569,0.0,v3_realistic,1599.0,0.6441525953721076,,,,,1030.0,1.0
M15@H1,wick_touch,any,any,any,both,limit,zone,fixed_rr,H4,2.0,1.5,True,0.5,3.0,H1,none,any,until_broken,any,3,0.0,none,0.0,0.0,0.15,bottom,190878,38546,2300,2300,1329,971,0.5778260869565217,0,971,12602.923214285673,5.479531832298118,6.934821428572491,9.730486826321425,12.453386004514659,-4.065527070766538,86.5339285714299,-16.144642857142344,3016.0,1.3113043478260868,3.0,1.9760534751491936,3.0,-1.0,3.0,-1.0,0.6635976021484349,0.0,31.825022991781964,274.1818181818182,50.32321428571868,11.0,4.192531588825265,5.479531832298118,1.3113043478260868,16550.54999999998,3947.6267857143084,11,9,0.8538043478260869,0.8105718585402558,0.9129763130792997,1196,689,0.5760869565217391,1.3043478260869565,1104,640,0.5797101449275363,1.318840579710145,2300,0.5778260869565217,2300,0.5778260869565217,,,,,971,0.0,v3_realistic,2300.0,0.5778260869565217,,,,,1329.0,1.0
M15@H1,wick_touch,any,any,any,both,limit,zone,fixed_rr,H4,2.0,1.5,True,0.5,3.0,H1,none,any,until_broken,any,6,0.0,none,0.0,0.0,0.15,bottom,190878,38546,2674,2674,1501,1173,0.5613313388182498,0,1173,13726.508928571451,5.133324206646018,6.3750000000027285,9.60735255414586,12.284945750452103,-4.018068749238839,86.5339285714299,-16.144642857142344,3330.0,1.2453253552729993,3.0,1.9852680927968354,3.0,-1.0,3.0,-1.0,0.6272832167058059,0.0,32.437275496119184,333.0,52.11071428571995,10.0,3.912357746432976,5.133324206646017,1.2453253552729993,18439.703571428607,4713.194642857158,16,8,1.1389304412864623,1.0701199200532978,1.2269820971867007,1381,779,0.5640839971035482,1.2563359884141927,1293,722,0.5583913379737045,1.2335653518948182,2674,0.5613313388182498,2674,0.5613313388182498,,,,,1173,0.0,v3_realistic,2674.0,0.5613313388182498,,,,,1501.0,1.0
M15@H1,wick_touch,any,any,any,both,limit,zone,fixed_rr,H4,2.0,1.5,True,0.5,3.0,H1,none,any,until_broken,any,12,0.0,none,0.0,0.0,0.15,bottom,190878,38546,3046,3046,1687,1359,0.5538411030860144,0,1359,14896.073214285767,4.890372033580356,6.192857142858088,9.391398791286868,12.02487721229576,-3.9660740565542163,86.5339285714299,-16.2535714285724,3702.0,1.2153644123440577,3.0,1.9886972033639059,3.0,-1.0,3.0,-1.0,0.6111359790159375,0.0,33.72894847228865,411.3333333333333,49.34464285714239,9.0,3.7637039685045433,4.8903720335803555,1.2153644123440577,20285.967857142947,5389.89464285718,10,8,1.6701411687458962,1.6318909306461173,1.7176232523914643,1548,868,0.5607235142118863,1.2428940568475453,1498,819,0.5467289719626168,1.1869158878504673,3046,0.5538411030860144,3046,0.5538411030860144,,,,,1359,0.0,v3_realistic,3046.0,0.5538411030860144,,,,,1687.0,1.0
M15@H1,wick_touch,any,any,any,both,limit,zone,fixed_rr,H4,2.0,1.5,True,0.5,3.0,H1,none,any,until_broken,any,0,0.0,none,0.0,0.0,0.15,bottom,190878,38546,4501,4501,2402,2099,0.5336591868473672,0,2099,20183.596428571524,4.484247151426688,5.694642857142185,9.11604645993118,11.854830795765446,-3.950313074253013,67.38750000000095,-23.814285714286143,5107.0,1.134636747389469,3.0,1.995684796481425,3.0,-1.0,3.0,-1.0,0.5685450675326772,0.0,38.143400027588385,464.27272727272725,48.921428571429715,11.0,3.4341907017252495,4.484247151426689,1.134636747389469,28475.3035714286,8291.707142857074,12,11,106.73050433237059,93.18130724396336,122.23558837541687,2248,1208,0.5373665480427047,1.1494661921708185,2253,1194,0.5299600532623169,1.1198402130492677,4501,0.5336591868473672,4501,0.5336591868473672,,,,,2099,0.0,v3_realistic,4501.0,0.5336591868473672,,,,,2402.0,1.0
H1@H4,wick_touch,any,any,any,both,limit,zone,fixed_rr,H4,2.0,1.5,True,0.5,3.0,H1,none,any,until_broken,any,1,0.0,none,0.0,0.0,0.15,bottom,162489,32578,1316,1316,791,525,0.601063829787234,0,525,20437.122500000016,15.529728343465058,9.152678571428652,34.28858035122176,31.014278038649127,-7.80032653061228,560.9212499999998,-65.6178571428569,2576.0894937344788,1.9575148128681445,1.5,3.5216895307899447,3.9204671222939043,-1.0,30.82132914233993,-1.0,0.5558453678990429,0.0,20.164243603158194,257.6089493734479,80.22053571428933,10.0,5.990541386720229,15.529728343465054,1.9575148128681445,24532.29392857146,4095.1714285714474,13,10,7.056990881458966,10.68141592920354,1.5961904761904762,682,409,0.5997067448680352,2.031421395277275,634,382,0.6025236593059937,1.8780127794248855,1316,0.601063829787234,1316,0.601063829787234,,,,,525,0.0,v3_realistic,,,1316.0,0.601063829787234,448.0,1.0,343.0,1.0
H1@H4,wick_touch,any,any,any,both,limit,zone,fixed_rr,H4,2.0,1.5,True,0.5,3.0,H1,none,any,until_broken,any,3,0.0,none,0.0,0.0,0.15,bottom,162489,32578,1777,1777,978,799,0.550365785030951,0,799,22226.823750000058,12.50806063590324,7.339285714286348,31.257865442207265,28.695461400818054,-7.305804130162699,560.9212499999998,-65.6178571428569,2935.913297547041,1.6521740560197176,1.5,3.46208347303778,3.8189297520930863,-1.0,30.82132914233993,-1.0,0.47721959013600257,0.0,20.116942626090413,244.65944146225343,77.0071428571373,12.0,4.807698929520535,12.508060635903242,1.6521740560197178,28064.161250000056,5837.337499999996,14,12,7.734383792909398,11.791411042944786,2.7684605757196494,911,500,0.5488474204171241,1.754848572435206,866,478,0.5519630484988453,1.5441642587281355,1777,0.550365785030951,1777,0.550365785030951,,,,,799,0.0,v3_realistic,,,1777.0,0.550365785030951,592.0,1.0,386.0,1.0
H1@H4,wick_touch,any,any,any,both,limit,zone,fixed_rr,H4,2.0,1.5,True,0.5,3.0,H1,none,any,until_broken,any,6,0.0,none,0.0,0.0,0.15,bottom,162489,32578,2036,2036,1094,942,0.537328094302554,0,942,23849.93696428566,11.714114422537161,6.723214285715784,30.24581658144626,27.961265506659682,-7.154657643312133,560.9212499999998,-65.6178571428569,3224.6407244117318,1.583811750693384,1.5,3.462534321076717,3.808629546994269,-1.0,30.82132914233993,-1.0,0.457414022166538,0.0,20.639461439325995,268.7200603676443,78.82946428572177,12.0,4.538730388357852,11.714114422537163,1.583811750693384,30589.62446428569,6739.687500000029,15,12,8.896856581532417,13.00091407678245,4.130573248407643,1039,566,0.5447545717035611,1.7225898025749296,997,528,0.5295887662988967,1.4391874819823258,2036,0.537328094302554,2036,0.537328094302554,,,,,942,0.0,v3_realistic,,,2036.0,0.537328094302554,674.0,1.0,420.0,1.0
H1@H4,wick_touch,any,any,any,both,limit,zone,fixed_rr,H4,2.0,1.5,True,0.5,3.0,H1,none,any,until_broken,any,12,0.0,none,0.0,0.0,0.15,bottom,162489,32578,2295,2295,1218,1077,0.530718954248366,0,1077,25794.506428571418,11.2394363523187,6.27589285714123,30.12185693253854,27.5255638634764,-7.178858270327607,560.9212499999998,-65.6178571428569,3499.437931138125,1.5248095560514696,1.5,3.503969086404981,3.7573382029048625,-1.0,30.82132914233993,-1.0,0.43516638373539446,0.0,20.847149652147095,279.95503449105,109.66250000000946,12.5,4.336231200543787,11.239436352318702,1.5248095560514696,33526.136785714254,7731.630357142833,10,12,11.411764705882353,15.911330049261084,6.323119777158774,1166,630,0.5403087478559176,1.654515591811007,1129,588,0.520814880425155,1.390852746755083,2295,0.530718954248366,2295,0.530718954248366,,,,,1077,0.0,v3_realistic,,,2295.0,0.530718954248366,782.0,1.0,436.0,1.0
H1@H4,wick_touch,any,any,any,both,limit,zone,fixed_rr,H4,2.0,1.5,True,0.5,3.0,H1,none,any,until_broken,any,0,0.0,none,0.0,0.0,0.15,bottom,162489,32578,3245,3245,1657,1588,0.5106317411402157,0,1588,32707.616785714123,10.079388839973536,5.252678571429215,27.592329359004964,26.807027976549602,-7.375080964375671,383.66375000000374,-65.6178571428569,4594.327223816222,1.415817326291594,1.5,3.52339275403386,3.7310363450912627,-1.0,23.713563427185928,-1.0,0.40183352385868815,0.0,22.890407095763106,328.16623027258726,125.46339285715658,14.0,3.7927471048310832,10.079388839973536,1.4158173262915938,44419.24535714269,11711.628571428566,11,12,773.7642526964561,761.3669281834641,786.7002518891687,1630,849,0.5208588957055215,1.5631709045427429,1615,808,0.5003095975232198,1.2670951389545217,3245,0.5106317411402157,3245,0.5106317411402157,,,,,1588,0.0,v3_realistic,,,3245.0,0.5106317411402157,1107.0,1.0,550.0,1.0
M5@M15,wick_touch,any,any,any,both,limit,zone,fixed_rr,H4,2.0,1.5,True,0.5,3.0,H1,none,any,until_broken,any,1,0.0,none,0.0,0.0,0.15,bottom,241117,53619,1920,1920,1193,727,0.6213541666666667,0,727,10194.68267857143,5.309730561755953,2.584821428568773,15.288993029152792,10.17446159142619,-2.673246217331521,172.45696428571478,-15.869642857143162,3972.8869437175795,2.069211949852906,1.5,5.619710808449035,3.9395531799812056,-1.0,76.1261306533256,-1.0,0.36820612668216296,0.0,16.13398411163404,567.5552776739399,38.16696428571572,7.0,6.245662444915664,5.309730561755953,2.069211949852905,12138.132678571445,1943.4500000000157,16,7,2.0689236111111113,3.26830120145292,0.10075653370013755,958,604,0.6304801670146137,2.267490868893809,962,589,0.6122661122661123,1.8717574753818202,1920,0.6213541666666667,1920,0.6213541666666667,1920.0,0.6213541666666667,,,727,0.0,v3_realistic,,,,,976.0,1.0,217.0,1.0
M5@M15,wick_touch,any,any,any,both,limit,zone,fixed_rr,H4,2.0,1.5,True,0.5,3.0,H1,none,any,until_broken,any,1,0.1,none,0.0,0.0,0.15,bottom,241117,53619,1820,1820,1128,692,0.6197802197802198,0,692,9849.043571428585,5.411562401883838,2.2424999999991257,16.026190223922757,10.385955547112493,-2.6969859620148946,172.45696428571478,-15.869642857143162,3860.3089466359793,2.121048871778006,1.2999999999998892,6.000706375648379,4.035734881769478,-1.0,76.1261306533256,-1.0,0.35346653193788796,0.0,15.07939761211834,551.4727066622828,41.451607142859416,7.0,6.277269561090561,5.411562401883838,2.121048871778006,11715.357857142892,1866.314285714307,14,7,2.318360805860806,3.678560874704492,0.10115606936416185,905,572,0.6320441988950276,2.344579640247209,915,556,0.6076502732240437,1.8999610625270422,1820,0.6197802197802198,1820,0.6197802197802198,1820.0,0.6197802197802198,,,692,0.0,v3_realistic,,,,,906.0,1.0,222.0,1.0
M5@M15,wick_touch,any,any,any,both,limit,zone,fixed_rr,H4,2.0,1.5,True,0.5,3.0,H1,none,any,until_broken,any,1,0.25,none,0.0,0.0,0.15,bottom,241117,53619,1695,1695,1058,637,0.6241887905604719,0,637,9240.934464285752,5.451878739991594,1.7446428571417982,16.69590340684373,10.373189474750244,-2.721978021978035,172.45696428571478,-15.869642857143162,3648.8119018322764,2.1526913875116684,1.0,6.3344224971726355,4.050861910994591,-1.0,76.1261306533256,-1.0,0.339840196714463,0.0,13.991349256539118,456.1014877290913,48.260714285713334,7.999999999999005,6.329565986669189,5.451878739991592,2.152691387511668,10974.83446428576,1733.9000000000083,14,6,2.5836283185840707,4.078843730308759,0.10020931449502878,842,542,0.6437054631828979,2.4254319916808713,853,516,0.6049237983587339,1.883467954087906,1695,0.6241887905604719,1695,0.6241887905604719,1695.0,0.6241887905604719,,,637,0.0,v3_realistic,,,,,834.0,1.0,224.0,1.0
M5@M15,wick_touch,any,any,any,both,limit,zone,fixed_rr,H4,2.0,1.5,True,0.5,3.0,H1,none,any,until_broken,any,1,0.5,none,0.0,0.0,0.15,bottom,241117,53619,1526,1526,947,579,0.6205766710353866,0,579,8077.707857142887,5.293386538101499,0.8799107142856144,17.641093452680813,10.228711721224963,-2.778725635331869,172.45696428571478,-15.869642857143162,3167.3857336650167,2.0756131937516487,0.49999999999977446,6.690405634068987,3.9560567409345473,-1.0,76.1261306533256,-1.0,0.3102372721890253,0.0,12.119124303115655,226.24183811898993,57.19642857142867,13.999999999996277,6.020695824740771,5.293386538101498,2.0756131937516487,9686.59000000004,1608.882142857152,13,6,3.1388706858890347,4.996656107004576,0.10031663788140471,765,487,0.6366013071895424,2.3328576803139573,761,460,0.6044678055190539,1.8170165679695636,1526,0.6205766710353866,1526,0.6205766710353866,1526.0,0.6205766710353866,,,579,0.0,v3_realistic,,,,,730.0,1.0,217.0,1.0
M15@H1,wick_touch,any,any,any,both,limit,zone,fixed_rr,H4,2.0,1.5,True,0.5,3.0,H1,none,any,until_broken,any,1,0.0,none,0.0,0.0,0.15,bottom,190878,38546,1599,1599,1030,569,0.6441525953721076,0,569,10894.392857142833,6.813253819351365,8.46964285713625,10.116396763233451,12.96444174757278,-4.3215854883253595,86.5339285714299,-16.144642857142344,2521.0,1.5766103814884302,3.0,1.9156762610338556,3.0,-1.0,3.0,-1.0,0.8230046034174701,0.0,32.909894971222705,315.125,47.44285714285979,8.0,5.4304481383848,6.813253819351367,1.5766103814884302,13353.374999999964,2458.9821428571295,14,7,0.37523452157598497,0.3288834951456311,0.45913884007029876,872,546,0.6261467889908257,1.5045871559633028,727,484,0.6657496561210454,1.6629986244841817,1599,0.6441525953721076,1599,0.6441525953721076,,,,,569,0.0,v3_realistic,1599.0,0.6441525953721076,,,,,1030.0,1.0
M15@H1,wick_touch,any,any,any,both,limit,zone,fixed_rr,H4,2.0,1.5,True,0.5,3.0,H1,none,any,until_broken,any,1,0.1,none,0.0,0.0,0.15,bottom,190878,38546,1599,1599,1030,569,0.6441525953721076,0,569,10894.392857142833,6.813253819351365,8.46964285713625,10.116396763233451,12.96444174757278,-4.3215854883253595,86.5339285714299,-16.144642857142344,2521.0,1.5766103814884302,3.0,1.9156762610338556,3.0,-1.0,3.0,-1.0,0.8230046034174701,0.0,32.909894971222705,315.125,47.44285714285979,8.0,5.4304481383848,6.813253819351367,1.5766103814884302,13353.374999999964,2458.9821428571295,14,7,0.37523452157598497,0.3288834951456311,0.45913884007029876,872,546,0.6261467889908257,1.5045871559633028,727,484,0.6657496561210454,1.6629986244841817,1599,0.6441525953721076,1599,0.6441525953721076,,,,,569,0.0,v3_realistic,1599.0,0.6441525953721076,,,,,1030.0,1.0
M15@H1,wick_touch,any,any,any,both,limit,zone,fixed_rr,H4,2.0,1.5,True,0.5,3.0,H1,none,any,until_broken,any,1,0.25,none,0.0,0.0,0.15,bottom,190878,38546,1599,1599,1030,569,0.6441525953721076,0,569,10894.392857142833,6.813253819351365,8.46964285713625,10.116396763233451,12.96444174757278,-4.3215854883253595,86.5339285714299,-16.144642857142344,2521.0,1.5766103814884302,3.0,1.9156762610338556,3.0,-1.0,3.0,-1.0,0.8230046034174701,0.0,32.909894971222705,315.125,47.44285714285979,8.0,5.4304481383848,6.813253819351367,1.5766103814884302,13353.374999999964,2458.9821428571295,14,7,0.37523452157598497,0.3288834951456311,0.45913884007029876,872,546,0.6261467889908257,1.5045871559633028,727,484,0.6657496561210454,1.6629986244841817,1599,0.6441525953721076,1599,0.6441525953721076,,,,,569,0.0,v3_realistic,1599.0,0.6441525953721076,,,,,1030.0,1.0
M15@H1,wick_touch,any,any,any,both,limit,zone,fixed_rr,H4,2.0,1.5,True,0.5,3.0,H1,none,any,until_broken,any,1,0.5,none,0.0,0.0,0.15,bottom,190878,38546,1599,1599,1030,569,0.6441525953721076,0,569,10894.392857142833,6.813253819351365,8.46964285713625,10.116396763233451,12.96444174757278,-4.3215854883253595,86.5339285714299,-16.144642857142344,2521.0,1.5766103814884302,3.0,1.9156762610338556,3.0,-1.0,3.0,-1.0,0.8230046034174701,0.0,32.909894971222705,315.125,47.44285714285979,8.0,5.4304481383848,6.813253819351367,1.5766103814884302,13353.374999999964,2458.9821428571295,14,7,0.37523452157598497,0.3288834951456311,0.45913884007029876,872,546,0.6261467889908257,1.5045871559633028,727,484,0.6657496561210454,1.6629986244841817,1599,0.6441525953721076,1599,0.6441525953721076,,,,,569,0.0,v3_realistic,1599.0,0.6441525953721076,,,,,1030.0,1.0
H1@H4,wick_touch,any,any,any,both,limit,zone,fixed_rr,H4,2.0,1.5,True,0.5,3.0,H1,none,any,until_broken,any,1,0.0,none,0.0,0.0,0.15,bottom,162489,32578,1316,1316,791,525,0.601063829787234,0,525,20437.122500000016,15.529728343465058,9.152678571428652,34.28858035122176,31.014278038649127,-7.80032653061228,560.9212499999998,-65.6178571428569,2576.0894937344788,1.9575148128681445,1.5,3.5216895307899447,3.9204671222939043,-1.0,30.82132914233993,-1.0,0.5558453678990429,0.0,20.164243603158194,257.6089493734479,80.22053571428933,10.0,5.990541386720229,15.529728343465054,1.9575148128681445,24532.29392857146,4095.1714285714474,13,10,7.056990881458966,10.68141592920354,1.5961904761904762,682,409,0.5997067448680352,2.031421395277275,634,382,0.6025236593059937,1.8780127794248855,1316,0.601063829787234,1316,0.601063829787234,,,,,525,0.0,v3_realistic,,,1316.0,0.601063829787234,448.0,1.0,343.0,1.0
H1@H4,wick_touch,any,any,any,both,limit,zone,fixed_rr,H4,2.0,1.5,True,0.5,3.0,H1,none,any,until_broken,any,1,0.1,none,0.0,0.0,0.15,bottom,162489,32578,1281,1281,771,510,0.6018735362997658,0,510,20148.485535714295,15.72871626519461,7.948571428569551,35.646459728534886,31.29232189179176,-7.799793417366964,560.9212499999998,-65.6178571428569,2521.346537994609,1.9682642763423916,1.2999999999999756,3.6266448596001974,3.931707571977437,-1.0,30.82132914233993,-1.0,0.5427231925210824,0.0,19.42463852945669,252.13465379946092,84.00017857143212,10.0,6.065112916425183,15.728716265194612,1.9682642763423916,24126.38017857145,3977.8946428571517,13,10,7.707259953161593,11.747081712062256,1.6,665,397,0.5969924812030075,2.0472893085498836,616,374,0.6071428571428571,1.88295316202748,1281,0.6018735362997658,1281,0.6018735362997658,,,,,510,0.0,v3_realistic,,,1281.0,0.6018735362997658,425.0,1.0,346.0,1.0
H1@H4,wick_touch,any,any,any,both,limit,zone,fixed_rr,H4,2.0,1.5,True,0.5,3.0,H1,none,any,until_broken,any,1,0.25,none,0.0,0.0,0.15,bottom,162489,32578,1232,1232,739,493,0.5998376623376623,0,493,19395.634642857156,15.743209937384055,6.150892857142765,36.616315564327216,31.426581287454123,-7.765941031585065,560.9212499999998,-65.6178571428569,2411.98262625193,1.9577781057239676,1.0,3.7296126021286717,3.930964311572298,-1.0,30.82132914233993,-1.0,0.5249280058219903,0.0,18.424898228130917,241.198262625193,89.66964285714766,10.0,6.065974353795968,15.74320993738406,1.957778105723968,23224.243571428597,3828.608928571437,13,10,8.504058441558442,13.098782138024358,1.616632860040568,642,384,0.5981308411214953,2.032955173095753,590,355,0.6016949152542372,1.8759752629228053,1232,0.5998376623376623,1232,0.5998376623376623,,,,,493,0.0,v3_realistic,,,1232.0,0.5998376623376623,393.0,1.0,346.0,1.0
H1@H4,wick_touch,any,any,any,both,limit,zone,fixed_rr,H4,2.0,1.5,True,0.5,3.0,H1,none,any,until_broken,any,1,0.5,none,0.0,0.0,0.15,bottom,162489,32578,1170,1170,699,471,0.5974358974358974,0,471,17968.72482142855,15.357884462759445,3.1183035714285268,37.85427219661889,30.929830625383186,-7.752073855019737,560.9212499999998,-65.6178571428569,2240.8965554599076,1.9152962012477839,0.5,3.8931521699371285,3.879680336852514,-1.0,30.82132914233993,-1.0,0.49196540942778366,0.0,16.827806094851844,224.08965554599075,99.11875000000418,10.0,5.921284235680063,15.357884462759445,1.9152962012477839,21619.951607142848,3651.226785714296,12,10,9.682905982905982,15.108726752503577,1.6305732484076434,609,364,0.5977011494252874,2.0666776042803328,561,335,0.5971479500891266,1.75096237870443,1170,0.5974358974358974,1170,0.5974358974358974,,,,,471,0.0,v3_realistic,,,1170.0,0.5974358974358974,357.0,1.0,342.0,1.0
M5@M15,wick_touch,any,any,any,both,limit,zone,fixed_rr,H4,2.0,1.5,True,0.5,3.0,H1,none,any,until_broken,any,1,0.0,none,0.0,0.0,0.15,bottom,241117,53619,1920,1920,1193,727,0.6213541666666667,0,727,10194.68267857143,5.309730561755953,2.584821428568773,15.288993029152792,10.17446159142619,-2.673246217331521,172.45696428571478,-15.869642857143162,3972.8869437175795,2.069211949852906,1.5,5.619710808449035,3.9395531799812056,-1.0,76.1261306533256,-1.0,0.36820612668216296,0.0,16.13398411163404,567.5552776739399,38.16696428571572,7.0,6.245662444915664,5.309730561755953,2.069211949852905,12138.132678571445,1943.4500000000157,16,7,2.0689236111111113,3.26830120145292,0.10075653370013755,958,604,0.6304801670146137,2.267490868893809,962,589,0.6122661122661123,1.8717574753818202,1920,0.6213541666666667,1920,0.6213541666666667,1920.0,0.6213541666666667,,,727,0.0,v3_realistic,,,,,976.0,1.0,217.0,1.0
M5@M15,wick_touch,any,any,any,both,limit,zone,fixed_rr,H4,2.0,1.5,True,0.5,3.0,H1,none,any,until_broken,any,1,0.0,ha_m5,0.0,0.0,0.15,bottom,241117,53619,2417,2417,1491,926,0.6168804302854779,0,926,4587.2535714285195,1.8979121106448158,2.367857142859009,5.657813509383683,4.6828722334003805,-2.5862947392780216,60.72428571428645,-15.869642857143162,1805.909936202759,0.7471700191157462,1.5,1.933098652971124,1.832266892154768,-1.0,16.270297029703222,-1.0,0.3865141688280444,0.0,19.0021938453849,212.45999249444222,59.081249999992906,8.5,2.9154187938849074,1.8979121106448158,0.7471700191157465,6982.162499999968,2394.908928571448,13,7,0.3206454282167977,0.4569081153588196,0.10124190064794816,1194,748,0.626465661641541,0.8187512671870024,1223,743,0.6075224856909239,0.6772861187093029,2417,0.6168804302854779,2417,0.6168804302854779,2417.0,0.6168804302854779,,,926,0.0,v3_realistic,,,,,1422.0,1.0,69.0,1.0
M5@M15,wick_touch,any,any,any,both,limit,zone,fixed_rr,H4,2.0,1.5,True,0.5,3.0,H1,none,any,until_broken,any,1,0.0,ha_m15,0.0,0.0,0.15,bottom,241117,53619,2377,2377,1476,901,0.6209507782919647,0,901,5577.317678571384,2.3463683965382347,2.4107142857133113,7.312733648497484,5.359434160859443,-2.5895750753131566,143.73214285714369,-15.869642857143162,2190.480210147496,0.9215314304364727,1.5,2.4895805352574145,2.094498787362802,-1.0,27.755172413785864,-1.0,0.3701553002145357,0.0,18.046731762294865,312.92574430678513,38.166964285716176,7.0,3.390408282284624,2.3463683965382347,0.9215314304364727,7910.524821428538,2333.207142857154,13,7,0.43212733137007436,0.63403342366757,0.10136884942656307,1181,742,0.628281117696867,1.0414860071226464,1196,734,0.6137123745819398,0.8030813007823161,2377,0.6209507782919647,2377,0.6209507782919647,2377.0,0.6209507782919647,,,901,0.0,v3_realistic,,,,,1373.0,1.0,103.0,1.0
M5@M15,wick_touch,any,any,any,both,limit,zone,fixed_rr,H4,2.0,1.5,True,0.5,3.0,H1,none,any,until_broken,any,1,0.0,ha_h1,0.0,0.0,0.15,bottom,241117,53619,2338,2338,1449,889,0.6197604790419161,0,889,7015.281428571379,3.0005480874984514,2.430803571427731,9.059960187536074,6.432562604752021,-2.593365338261303,143.73214285714369,-15.869642857143162,2816.113258203298,1.204496688709708,1.5,3.2871712148745145,2.55701398081663,-1.0,33.0134559535429,-1.0,0.3664234717252745,0.0,17.71762635218817,402.30189402904256,38.166964285716176,7.0,4.04284363258382,3.000548087498451,1.2044966887097077,9320.783214285679,2305.5017857142984,14,7,0.7668591388651269,1.175178283873936,0.10133108361454818,1164,731,0.6280068728522337,1.3604938102809063,1174,718,0.6115843270868825,1.049828333080342,2338,0.6197604790419161,2338,0.6197604790419161,2338.0,0.6197604790419161,,,889,0.0,v3_realistic,,,,,1295.0,1.0,154.0,1.0
M15@H1,wick_touch,any,any,any,both,limit,zone,fixed_rr,H4,2.0,1.5,True,0.5,3.0,H1,none,any,until_broken,any,1,0.0,none,0.0,0.0,0.15,bottom,190878,38546,1599,1599,1030,569,0.6441525953721076,0,569,10894.392857142833,6.813253819351365,8.46964285713625,10.116396763233451,12.96444174757278,-4.3215854883253595,86.5339285714299,-16.144642857142344,2521.0,1.5766103814884302,3.0,1.9156762610338556,3.0,-1.0,3.0,-1.0,0.8230046034174701,0.0,32.909894971222705,315.125,47.44285714285979,8.0,5.4304481383848,6.813253819351367,1.5766103814884302,13353.374999999964,2458.9821428571295,14,7,0.37523452157598497,0.3288834951456311,0.45913884007029876,872,546,0.6261467889908257,1.5045871559633028,727,484,0.6657496561210454,1.6629986244841817,1599,0.6441525953721076,1599,0.6441525953721076,,,,,569,0.0,v3_realistic,1599.0,0.6441525953721076,,,,,1030.0,1.0
M15@H1,wick_touch,any,any,any,both,limit,zone,fixed_rr,H4,2.0,1.5,True,0.5,3.0,H1,none,any,until_broken,any,1,0.0,ha_m5,0.0,0.0,0.15,bottom,190878,38546,1599,1599,1030,569,0.6441525953721076,0,569,10894.392857142833,6.813253819351365,8.46964285713625,10.116396763233451,12.96444174757278,-4.3215854883253595,86.5339285714299,-16.144642857142344,2521.0,1.5766103814884302,3.0,1.9156762610338556,3.0,-1.0,3.0,-1.0,0.8230046034174701,0.0,32.909894971222705,315.125,47.44285714285979,8.0,5.4304481383848,6.813253819351367,1.5766103814884302,13353.374999999964,2458.9821428571295,14,7,0.37523452157598497,0.3288834951456311,0.45913884007029876,872,546,0.6261467889908257,1.5045871559633028,727,484,0.6657496561210454,1.6629986244841817,1599,0.6441525953721076,1599,0.6441525953721076,,,,,569,0.0,v3_realistic,1599.0,0.6441525953721076,,,,,1030.0,1.0
M15@H1,wick_touch,any,any,any,both,limit,zone,fixed_rr,H4,2.0,1.5,True,0.5,3.0,H1,none,any,until_broken,any,1,0.0,ha_m15,0.0,0.0,0.15,bottom,190878,38546,1599,1599,1030,569,0.6441525953721076,0,569,10894.392857142833,6.813253819351365,8.46964285713625,10.116396763233451,12.96444174757278,-4.3215854883253595,86.5339285714299,-16.144642857142344,2521.0,1.5766103814884302,3.0,1.9156762610338556,3.0,-1.0,3.0,-1.0,0.8230046034174701,0.0,32.909894971222705,315.125,47.44285714285979,8.0,5.4304481383848,6.813253819351367,1.5766103814884302,13353.374999999964,2458.9821428571295,14,7,0.37523452157598497,0.3288834951456311,0.45913884007029876,872,546,0.6261467889908257,1.5045871559633028,727,484,0.6657496561210454,1.6629986244841817,1599,0.6441525953721076,1599,0.6441525953721076,,,,,569,0.0,v3_realistic,1599.0,0.6441525953721076,,,,,1030.0,1.0
M15@H1,wick_touch,any,any,any,both,limit,zone,fixed_rr,H4,2.0,1.5,True,0.5,3.0,H1,none,any,until_broken,any,1,0.0,ha_h1,0.0,0.0,0.15,bottom,190878,38546,1599,1599,1030,569,0.6441525953721076,0,569,10894.392857142833,6.813253819351365,8.46964285713625,10.116396763233451,12.96444174757278,-4.3215854883253595,86.5339285714299,-16.144642857142344,2521.0,1.5766103814884302,3.0,1.9156762610338556,3.0,-1.0,3.0,-1.0,0.8230046034174701,0.0,32.909894971222705,315.125,47.44285714285979,8.0,5.4304481383848,6.813253819351367,1.5766103814884302,13353.374999999964,2458.9821428571295,14,7,0.37523452157598497,0.3288834951456311,0.45913884007029876,872,546,0.6261467889908257,1.5045871559633028,727,484,0.6657496561210454,1.6629986244841817,1599,0.6441525953721076,1599,0.6441525953721076,,,,,569,0.0,v3_realistic,1599.0,0.6441525953721076,,,,,1030.0,1.0
H1@H4,wick_touch,any,any,any,both,limit,zone,fixed_rr,H4,2.0,1.5,True,0.5,3.0,H1,none,any,until_broken,any,1,0.0,none,0.0,0.0,0.15,bottom,162489,32578,1316,1316,791,525,0.601063829787234,0,525,20437.122500000016,15.529728343465058,9.152678571428652,34.28858035122176,31.014278038649127,-7.80032653061228,560.9212499999998,-65.6178571428569,2576.0894937344788,1.9575148128681445,1.5,3.5216895307899447,3.9204671222939043,-1.0,30.82132914233993,-1.0,0.5558453678990429,0.0,20.164243603158194,257.6089493734479,80.22053571428933,10.0,5.990541386720229,15.529728343465054,1.9575148128681445,24532.29392857146,4095.1714285714474,13,10,7.056990881458966,10.68141592920354,1.5961904761904762,682,409,0.5997067448680352,2.031421395277275,634,382,0.6025236593059937,1.8780127794248855,1316,0.601063829787234,1316,0.601063829787234,,,,,525,0.0,v3_realistic,,,1316.0,0.601063829787234,448.0,1.0,343.0,1.0
H1@H4,wick_touch,any,any,any,both,limit,zone,fixed_rr,H4,2.0,1.5,True,0.5,3.0,H1,none,any,until_broken,any,1,0.0,ha_m5,0.0,0.0,0.15,bottom,162489,32578,1319,1319,793,526,0.601213040181956,0,526,19028.934464285732,14.426788828116551,8.98392857143051,32.87953056328935,29.17295825076567,-7.804603476371576,560.9212499999998,-65.6178571428569,2433.242907300909,1.844763386884692,1.5,3.403491396382015,3.7317060621701246,-1.0,30.82132914233993,-1.0,0.5420208756354475,0.0,19.685135622465754,243.3242907300909,80.22053571428933,10.0,5.635300384005715,14.426788828116548,1.8447633868846918,23134.155892857176,4105.221428571449,13,10,6.3608794541319185,9.522068095838588,1.5950570342205324,682,409,0.5997067448680352,1.858722809169333,637,384,0.6028257456828885,1.829817820168641,1319,0.601213040181956,1319,0.601213040181956,,,,,526,0.0,v3_realistic,,,1319.0,0.601213040181956,471.0,1.0,322.0,1.0
H1@H4,wick_touch,any,any,any,both,limit,zone,fixed_rr,H4,2.0,1.5,True,0.5,3.0,H1,none,any,until_broken,any,1,0.0,ha_m15,0.0,0.0,0.15,bottom,162489,32578,1322,1322,795,527,0.6013615733736762,0,527,17028.188214285732,12.880626485843973,8.824553571427884,27.873010444191998,26.593451033243532,-7.805702764976996,275.9573214285709,-65.6178571428569,2235.3312653728117,1.6908708512653647,1.5,3.2315364978318257,3.474630522481524,-1.0,30.82132914233993,-1.0,0.523240524252114,0.0,19.024668572733326,223.53312653728116,80.22053571428933,10.0,5.13948026995782,12.88062648584397,1.6908708512653643,21141.793571428607,4113.6053571428765,13,10,5.522692889561271,8.127044025157232,1.5939278937381405,683,410,0.6002928257686676,1.6384708016207004,639,385,0.6025039123630673,1.7468790420436207,1322,0.6013615733736762,1322,0.6013615733736762,,,,,527,0.0,v3_realistic,,,1322.0,0.6013615733736762,503.0,1.0,292.0,1.0
H1@H4,wick_touch,any,any,any,both,limit,zone,fixed_rr,H4,2.0,1.5,True,0.5,3.0,H1,none,any,until_broken,any,1,0.0,ha_h1,0.0,0.0,0.15,bottom,162489,32578,1326,1326,798,528,0.6018099547511312,0,528,12863.01625000003,9.70061557315236,8.57410714285507,21.362956007891686,21.281581408879397,-7.802435064935099,199.4694642857155,-65.6178571428569,1731.3047458222466,1.3056596876487525,1.5,2.707252141154813,2.8312089546644685,-1.0,30.82132914233993,-1.0,0.4822822624463071,0.0,17.56196274819121,173.13047458222465,80.22053571428933,10.0,4.122329503290812,9.700615573152357,1.3056596876487525,16982.70196428576,4119.6857142857325,13,10,2.739819004524887,3.49874686716792,1.5928030303030303,685,411,0.6,1.2701275634926283,641,387,0.6037441497659907,1.3436308343678554,1326,0.6018099547511312,1326,0.6018099547511312,,,,,528,0.0,v3_realistic,,,1326.0,0.6018099547511312,577.0,1.0,221.0,1.0
M5@M15,wick_touch,any,any,any,both,limit,zone,fixed_rr,H4,2.0,1.5,True,0.5,3.0,H1,none,any,until_broken,any,3,0.25,ha_m15,0.0,0.0,0.15,bottom,241117,53619,3166,3166,1795,1371,0.5669614655716994,0,1371,3691.0844642857837,1.1658510626297485,1.3455357142859725,6.56317023375139,3.971116494230029,-2.5069800458476434,143.73214285714369,-15.869642857143162,1531.9571623273691,0.4838778150118033,1.0,2.416807753213865,1.6172463299873925,-1.0,27.755172413785864,-1.0,0.20021361416452915,0.0,11.265463392410517,139.26883293884165,50.81250000000068,11.000000000000796,2.073904473235378,1.1658510626297485,0.4838778150118035,7128.154107142903,3437.069642857119,12,8,0.5151347652137293,0.7718198700092851,0.17906637490882568,1551,902,0.5815602836879432,0.6108391402131819,1615,893,0.5529411764705883,0.36194777452428795,3166,0.5669614655716994,3166,0.5669614655716994,3166.0,0.5669614655716994,,,1371,0.0,v3_realistic,,,,,1677.0,1.0,118.0,1.0
M15@H1,wick_touch,any,any,any,both,limit,zone,fixed_rr,H4,2.0,1.5,True,0.5,3.0,H1,none,any,until_broken,any,3,0.25,ha_m15,0.0,0.0,0.15,bottom,190878,38546,2300,2300,1329,971,0.5778260869565217,0,971,12602.923214285673,5.479531832298118,6.934821428572491,9.730486826321425,12.453386004514659,-4.065527070766538,86.5339285714299,-16.144642857142344,3016.0,1.3113043478260868,3.0,1.9760534751491936,3.0,-1.0,3.0,-1.0,0.6635976021484349,0.0,31.825022991781964,274.1818181818182,50.32321428571868,11.0,4.192531588825265,5.479531832298118,1.3113043478260868,16550.54999999998,3947.6267857143084,11,9,0.8538043478260869,0.8105718585402558,0.9129763130792997,1196,689,0.5760869565217391,1.3043478260869565,1104,640,0.5797101449275363,1.318840579710145,2300,0.5778260869565217,2300,0.5778260869565217,,,,,971,0.0,v3_realistic,2300.0,0.5778260869565217,,,,,1329.0,1.0
H1@H4,wick_touch,any,any,any,both,limit,zone,fixed_rr,H4,2.0,1.5,True,0.5,3.0,H1,none,any,until_broken,any,3,0.25,ha_m15,0.0,0.0,0.15,bottom,162489,32578,1728,1728,944,784,0.5462962962962963,0,784,16454.00839285719,9.521995597718282,4.773214285712157,27.068020099537435,23.523605289043637,-7.337085459183666,276.4044642857172,-65.6178571428569,2268.4492516907167,1.3127599836173116,1.0,3.303360995159249,3.2335267496723668,-1.0,30.82132914233993,-1.0,0.39740130901255794,0.0,16.51966219689912,189.03743764089305,80.72678571429424,12.0,3.8604349397164106,9.521995597718286,1.3127599836173114,22206.283392857193,5752.274999999994,14,12,7.214699074074074,10.854872881355933,2.8316326530612246,894,487,0.5447427293064877,1.3220805371840025,834,457,0.5479616306954437,1.3027688866285558,1728,0.5462962962962963,1728,0.5462962962962963,,,,,784,0.0,v3_realistic,,,1728.0,0.5462962962962963,609.0,1.0,335.0,1.0
M5@M15,wick_touch,any,any,any,both,limit,zone,fixed_rr,H4,2.0,1.5,True,0.5,3.0,H1,none,any,until_broken,any,3,0.25,ha_h1,0.0,0.0,0.15,bottom,241117,53619,2957,2957,1675,1282,0.566452485627325,0,1282,5296.769107142947,1.7912644934538204,1.3642857142855291,8.411053268815396,5.088974093816662,-2.5173654446177562,143.73214285714369,-15.869642857143162,2264.9340024325065,0.7659567137073066,1.0,3.2481972568406956,2.117572538765675,-1.0,32.70939597312987,-1.0,0.2358097902133879,0.0,12.822936575665706,205.90309113021937,50.81250000000068,11.000000000000455,2.641257600564877,1.79126449345382,0.7659567137073067,8524.03160714291,3227.2624999999634,14,8,0.8578796077105174,1.3788557213930348,0.17719708788351532,1471,858,0.5832766825288919,0.9400857419195967,1486,817,0.5497981157469717,0.5935853809345752,2957,0.566452485627325,2957,0.566452485627325,2957.0,0.566452485627325,,,1282,0.0,v3_realistic,,,,,1502.0,1.0,173.0,1.0
M15@H1,wick_touch,any,any,any,both,limit,zone,fixed_rr,H4,2.0,1.5,True,0.5,3.0,H1,none,any,until_broken,any,3,0.25,ha_h1,0.0,0.0,0.15,bottom,190878,38546,2300,2300,1329,971,0.5778260869565217,0,971,12602.923214285673,5.479531832298118,6.934821428572491,9.730486826321425,12.453386004514659,-4.065527070766538,86.5339285714299,-16.144642857142344,3016.0,1.3113043478260868,3.0,1.9760534751491936,3.0,-1.0,3.0,-1.0,0.6635976021484349,0.0,31.825022991781964,274.1818181818182,50.32321428571868,11.0,4.192531588825265,5.479531832298118,1.3113043478260868,16550.54999999998,3947.6267857143084,11,9,0.8538043478260869,0.8105718585402558,0.9129763130792997,1196,689,0.5760869565217391,1.3043478260869565,1104,640,0.5797101449275363,1.318840579710145,2300,0.5778260869565217,2300,0.5778260869565217,,,,,971,0.0,v3_realistic,2300.0,0.5778260869565217,,,,,1329.0,1.0
H1@H4,wick_touch,any,any,any,both,limit,zone,fixed_rr,H4,2.0,1.5,True,0.5,3.0,H1,none,any,until_broken,any,3,0.25,ha_h1,0.0,0.0,0.15,bottom,162489,32578,1845,1845,1005,840,0.5447154471544715,0,840,10604.013928571461,5.747433023615968,4.548214285713925,19.19775953827536,16.6839388770434,-7.337315051020424,199.4694642857155,-65.6178571428569,1538.9181168493635,0.834101960351958,1.0,2.605069790128554,2.3670827033326995,-1.0,30.82132914233993,-1.0,0.32018411311383604,0.0,13.75301651660322,128.24317640411363,80.72678571429333,12.0,2.720496669103309,5.747433023615967,0.8341019603519582,16767.358571428616,6163.344642857156,14,12,3.944173441734417,4.782089552238806,2.941666666666667,943,511,0.5418875927889714,0.8138669146439256,902,494,0.5476718403547672,0.8552567808649009,1845,0.5447154471544715,1845,0.5447154471544715,,,,,840,0.0,v3_realistic,,,1845.0,0.5447154471544715,760.0,1.0,245.0,1.0
M5@M15,wick_touch,any,any,any,both,limit,zone,fixed_rr,H4,2.0,1.5,True,0.5,3.0,H1,none,any,until_broken,any,6,0.25,ha_m15,0.0,0.0,0.15,bottom,241117,53619,3601,3601,2002,1599,0.555956678700361,0,1599,3710.578214285745,1.0304299400960137,1.2785714285712402,6.274141417876402,3.829960039960057,-2.4746727865630325,143.73214285714369,-15.869642857143162,1541.5613096833913,0.42809256031196674,0.9999999999997057,2.296750826189353,1.5687119428987972,-1.0,27.755172413785864,-1.0,0.18639051107787571,0.0,11.184983811081624,96.3475818552099,58.433928571429306,16.00000000000034,1.9377246752027781,1.0304299400960137,0.42809256031196674,7667.580000000034,3957.001785714289,12,8,0.6372535406831435,0.9131701631701632,0.29179695643110276,1729,982,0.5679583574320416,0.5406939469472114,1872,1020,0.5448717948717948,0.3240926684891369,3601,0.555956678700361,3601,0.555956678700361,3601.0,0.555956678700361,,,1599,0.0,v3_realistic,,,,,1880.0,1.0,122.0,1.0
M15@H1,wick_touch,any,any,any,both,limit,zone,fixed_rr,H4,2.0,1.5,True,0.5,3.0,H1,none,any,until_broken,any,6,0.25,ha_m15,0.0,0.0,0.15,bottom,190878,38546,2674,2674,1501,1173,0.5613313388182498,0,1173,13726.508928571451,5.133324206646018,6.3750000000027285,9.60735255414586,12.284945750452103,-4.018068749238839,86.5339285714299,-16.144642857142344,3330.0,1.2453253552729993,3.0,1.9852680927968354,3.0,-1.0,3.0,-1.0,0.6272832167058059,0.0,32.437275496119184,333.0,52.11071428571995,10.0,3.912357746432976,5.133324206646017,1.2453253552729993,18439.703571428607,4713.194642857158,16,8,1.1389304412864623,1.0701199200532978,1.2269820971867007,1381,779,0.5640839971035482,1.2563359884141927,1293,722,0.5583913379737045,1.2335653518948182,2674,0.5613313388182498,2674,0.5613313388182498,,,,,1173,0.0,v3_realistic,2674.0,0.5613313388182498,,,,,1501.0,1.0
H1@H4,wick_touch,any,any,any,both,limit,zone,fixed_rr,H4,2.0,1.5,True,0.5,3.0,H1,none,any,until_broken,any,6,0.25,ha_m15,0.0,0.0,0.15,bottom,162489,32578,1997,1997,1062,935,0.5317976965448172,0,935,18193.08517857136,9.110207901137386,4.323214285713561,26.687476254842903,23.483050343018526,-7.214881588999271,276.4044642857172,-65.6178571428569,2551.387192794558,1.2776100114144004,0.9999999999998307,3.340881159976232,3.2828504640250076,-1.0,30.82132914233993,-1.0,0.38241707808112807,0.0,17.089380174581844,212.61559939954648,93.36964285715112,12.0,3.6969042902158535,9.110207901137384,1.2776100114144007,24938.999464285676,6745.914285714318,15,12,8.691036554832248,12.576271186440678,4.278074866310161,1022,550,0.538160469667319,1.3397624056466078,975,512,0.5251282051282051,1.2124615530499756,1997,0.5317976965448172,1997,0.5317976965448172,,,,,935,0.0,v3_realistic,,,1997.0,0.5317976965448172,687.0,1.0,375.0,1.0
M5@M15,wick_touch,any,any,any,both,limit,zone,fixed_rr,H4,2.0,1.5,True,0.5,3.0,H1,none,any,until_broken,any,6,0.25,ha_h1,0.0,0.0,0.15,bottom,241117,53619,3322,3322,1849,1473,0.5565924142083083,0,1473,5382.7551785714495,1.6203356949342111,1.302678571427407,8.092159005988536,4.889144614849735,-2.4828738725632804,143.73214285714369,-15.869642857143162,2280.630431719182,0.6865233087655573,1.0,3.09893011138256,2.0300867667491524,-1.0,32.70939597312987,-1.0,0.22153558941000806,0.0,12.768601087062992,207.33003924717158,60.56071428571386,11.000000000001421,2.4717946577099603,1.620335694934211,0.686523308765558,9040.028392857159,3657.273214285712,13,8,0.954319686935581,1.4844510546241212,0.2888662593346911,1611,921,0.5716945996275605,0.8432367348113071,1711,928,0.5423728813559322,0.5389690543180401,3322,0.5565924142083083,3322,0.5565924142083083,3322.0,0.5565924142083083,,,1473,0.0,v3_realistic,,,,,1672.0,1.0,177.0,1.0
M15@H1,wick_touch,any,any,any,both,limit,zone,fixed_rr,H4,2.0,1.5,True,0.5,3.0,H1,none,any,until_broken,any,6,0.25,ha_h1,0.0,0.0,0.15,bottom,190878,38546,2674,2674,1501,1173,0.5613313388182498,0,1173,13726.508928571451,5.133324206646018,6.3750000000027285,9.60735255414586,12.284945750452103,-4.018068749238839,86.5339285714299,-16.144642857142344,3330.0,1.2453253552729993,3.0,1.9852680927968354,3.0,-1.0,3.0,-1.0,0.6272832167058059,0.0,32.437275496119184,333.0,52.11071428571995,10.0,3.912357746432976,5.133324206646017,1.2453253552729993,18439.703571428607,4713.194642857158,16,8,1.1389304412864623,1.0701199200532978,1.2269820971867007,1381,779,0.5640839971035482,1.2563359884141927,1293,722,0.5583913379737045,1.2335653518948182,2674,0.5613313388182498,2674,0.5613313388182498,,,,,1173,0.0,v3_realistic,2674.0,0.5613313388182498,,,,,1501.0,1.0
H1@H4,wick_touch,any,any,any,both,limit,zone,fixed_rr,H4,2.0,1.5,True,0.5,3.0,H1,none,any,until_broken,any,6,0.25,ha_h1,0.0,0.0,0.15,bottom,162489,32578,2134,2134,1137,997,0.5328022492970946,0,997,11110.700357142767,5.206513756861653,4.183035714284955,18.62796586839777,16.116045043347125,-7.234947700243644,199.4694642857155,-65.6178571428569,1645.2381629525732,0.77096446248949,0.9999999999998155,2.564246668880099,2.3238682171966327,-1.0,30.82132914233993,-1.0,0.30065924306190034,0.0,13.889025244986636,117.51701163946666,93.3696428571493,14.000000000000341,2.5403197392890213,5.206513756861652,0.7709644624894897,18323.943214285682,7213.242857142914,10,12,5.366447985004686,6.318381706244503,4.280842527582748,1090,588,0.5394495412844037,0.7969812623757212,1044,549,0.5258620689655172,0.7438013285086553,2134,0.5328022492970946,2134,0.5328022492970946,,,,,997,0.0,v3_realistic,,,2134.0,0.5328022492970946,872.0,1.0,265.0,1.0
M5@M15,wick_touch,any,any,any,both,limit,zone,fixed_rr,H4,2.0,1.5,True,0.5,3.0,H1,none,any,until_broken,any,0,0.25,ha_m15,0.0,0.0,0.15,bottom,241117,53619,5728,5728,2953,2775,0.5155377094972067,0,2775,4044.964999999998,0.7061740572625694,1.0214285714283733,5.668830862086864,3.649861158144259,-2.426333333333333,143.73214285714369,-17.310714285713402,1990.934057223285,0.34757926976663495,0.9999999999991425,2.4518498392320542,1.6139295825341293,-1.0,48.00312499990062,-1.0,0.1417620541866057,0.0,10.729055759072033,91.87199162469929,61.46964285713352,21.670740146314984,1.6007604252143335,0.7061740572625694,0.34757926976663467,10778.039999999997,6733.074999999999,12,13,60.24663931564246,61.86990630996727,58.51924924924925,2786,1462,0.5247666905958364,0.43938873418418106,2942,1491,0.5067980965329708,0.26063801624274535,5728,0.5155377094972067,5728,0.5155377094972067,5728.0,0.5155377094972067,,,2775,0.0,v3_realistic,,,,,2778.0,1.0,175.0,1.0
M15@H1,wick_touch,any,any,any,both,limit,zone,fixed_rr,H4,2.0,1.5,True,0.5,3.0,H1,none,any,until_broken,any,0,0.25,ha_m15,0.0,0.0,0.15,bottom,190878,38546,4501,4501,2402,2099,0.5336591868473672,0,2099,20183.596428571524,4.484247151426688,5.694642857142185,9.11604645993118,11.854830795765446,-3.950313074253013,67.38750000000095,-23.814285714286143,5107.0,1.134636747389469,3.0,1.995684796481425,3.0,-1.0,3.0,-1.0,0.5685450675326772,0.0,38.143400027588385,464.27272727272725,48.921428571429715,11.0,3.4341907017252495,4.484247151426689,1.134636747389469,28475.3035714286,8291.707142857074,12,11,106.73050433237059,93.18130724396336,122.23558837541687,2248,1208,0.5373665480427047,1.1494661921708185,2253,1194,0.5299600532623169,1.1198402130492677,4501,0.5336591868473672,4501,0.5336591868473672,,,,,2099,0.0,v3_realistic,4501.0,0.5336591868473672,,,,,2402.0,1.0
H1@H4,wick_touch,any,any,any,both,limit,zone,fixed_rr,H4,2.0,1.5,True,0.5,3.0,H1,none,any,until_broken,any,0,0.25,ha_m15,0.0,0.0,0.15,bottom,162489,32578,3208,3208,1628,1580,0.5074812967581047,0,1580,25329.304285714126,7.8956684182400645,3.3035714285695406,26.24403467384067,22.787425851175755,-7.448496835443038,276.4044642857172,-65.6178571428569,3649.1486280619356,1.1375151583734222,0.9999999999997272,3.41860251368977,3.212007756794802,-1.0,25.021599999992752,-1.0,0.33274273736658494,0.0,18.846285456259746,182.45743140309264,169.1517857143008,20.000000000000455,3.152273888046745,7.8956684182400645,1.137515158373422,37097.929285714126,11768.625,10,12,760.4454488778055,747.4742014742014,773.8107594936708,1621,848,0.5231338679827268,1.2537162035815568,1587,780,0.4914933837429111,1.0188246137720447,3208,0.5074812967581047,3208,0.5074812967581047,,,,,1580,0.0,v3_realistic,,,3208.0,0.5074812967581047,1128.0,1.0,500.0,1.0
M5@M15,wick_touch,any,any,any,both,limit,zone,fixed_rr,H4,2.0,1.5,True,0.5,3.0,H1,none,any,until_broken,any,0,0.25,ha_h1,0.0,0.0,0.15,bottom,241117,53619,5138,5138,2652,2486,0.5161541455819385,0,2486,6654.474642857164,1.2951488211088291,1.0285714285714675,7.605536800527341,4.761734943977599,-2.4029148948396735,143.73214285714369,-14.860714285714494,3139.2328577699936,0.6109834289159192,0.999999999999148,3.2699500652698106,2.121128528570887,-1.0,48.00312499990062,-1.0,0.18684793856798715,0.0,13.393231041531097,165.2227819878786,51.09821428571024,19.00000000000182,2.1139719637622663,1.2951488211088293,0.6109834289159193,12628.121071428592,5973.646428571428,14,13,64.95304593226936,64.48890774258422,65.44817645481362,2528,1324,0.5237341772151899,0.7315034228708339,2610,1328,0.5088122605363985,0.49424988687836124,5138,0.5161541455819385,5138,0.5161541455819385,5138.0,0.5161541455819385,,,2486,0.0,v3_realistic,,,,,2397.0,1.0,255.0,1.0
M15@H1,wick_touch,any,any,any,both,limit,zone,fixed_rr,H4,2.0,1.5,True,0.5,3.0,H1,none,any,until_broken,any,0,0.25,ha_h1,0.0,0.0,0.15,bottom,190878,38546,4501,4501,2402,2099,0.5336591868473672,0,2099,20183.596428571524,4.484247151426688,5.694642857142185,9.11604645993118,11.854830795765446,-3.950313074253013,67.38750000000095,-23.814285714286143,5107.0,1.134636747389469,3.0,1.995684796481425,3.0,-1.0,3.0,-1.0,0.5685450675326772,0.0,38.143400027588385,464.27272727272725,48.921428571429715,11.0,3.4341907017252495,4.484247151426689,1.134636747389469,28475.3035714286,8291.707142857074,12,11,106.73050433237059,93.18130724396336,122.23558837541687,2248,1208,0.5373665480427047,1.1494661921708185,2253,1194,0.5299600532623169,1.1198402130492677,4501,0.5336591868473672,4501,0.5336591868473672,,,,,2099,0.0,v3_realistic,4501.0,0.5336591868473672,,,,,2402.0,1.0
H1@H4,wick_touch,any,any,any,both,limit,zone,fixed_rr,H4,2.0,1.5,True,0.5,3.0,H1,none,any,until_broken,any,0,0.25,ha_h1,0.0,0.0,0.15,bottom,162489,32578,3603,3603,1819,1784,0.504857063558146,0,1784,13837.944107142734,3.840672802426515,3.0464285714288053,17.63456230374941,14.878281532239003,-7.413480941704041,170.77303571428502,-29.644642857141434,2127.8794336886103,0.5905854659141297,0.9999999999996873,2.425927802857447,2.150565933858499,-1.0,16.650766456269785,-1.0,0.24344725561020084,0.0,14.612920250575888,106.3939716844281,169.15178571430442,20.000000000000455,2.0462959557483167,3.840672802426515,0.5905854659141296,27063.594107142744,13225.650000000009,11,12,754.9730779905634,699.0808136338648,811.9618834080718,1815,940,0.5179063360881543,0.7193767968936908,1788,879,0.49161073825503354,0.4598492993996421,3603,0.504857063558146,3603,0.504857063558146,,,,,1784,0.0,v3_realistic,,,3603.0,0.504857063558146,1478.0,1.0,341.0,1.0
M5@M15,wick_touch,any,any,any,both,limit,zone,fixed_rr,H4,2.0,1.5,True,0.5,3.0,H1,none,any,until_broken,any,3,0.25,none,0.0,0.0,0.15,bottom,241117,53619,2226,2226,1269,957,0.5700808625336927,0,957,9433.228392857236,4.2377486041586865,1.4642857142881383,15.353576922596382,9.404426854666266,-2.613363934915627,172.45696428571478,-15.869642857143162,3753.8474423497623,1.686364529357486,1.0,5.774096323213895,3.712251727619988,-1.0,76.1261306533256,-1.0,0.29205687521659596,0.0,13.77939070032541,375.3847442348909,52.69464285714071,10.000000000002274,4.7717988024739615,4.2377486041586865,1.6863645293574865,11934.217678571491,2500.989285714255,15,8,2.3920709793351302,4.064552140793276,0.17432950191570878,1085,645,0.5944700460829493,1.9046361848220987,1141,624,0.5468886941279579,1.4788055931794795,2226,0.5700808625336927,2226,0.5700808625336927,2226.0,0.5700808625336927,,,957,0.0,v3_realistic,,,,,1031.0,1.0,238.0,1.0
M5@M15,wick_touch,any,any,any,both,limit,zone,fixed_rr,H4,2.0,1.5,True,0.5,3.0,H1,none,any,until_broken,any,6,0.25,none,0.0,0.0,0.15,bottom,241117,53619,2440,2440,1370,1070,0.5614754098360656,0,1070,9711.674821428567,3.980194598946134,1.3982142857145163,14.940721449402036,9.109898201251307,-2.5877436582109574,172.45696428571478,-15.869642857143162,3889.089311071376,1.5938890619144994,1.0,5.658871724390675,3.6197732197601304,-1.0,76.1261306533256,-1.0,0.28166198838623135,0.0,13.913075889684231,324.09077592255323,60.56071428571386,12.000000000002274,4.507430722518585,3.980194598946133,1.5938890619144996,12480.56053571429,2768.8857142857246,13,8,2.451775956284153,4.168004866180049,0.25436137071651094,1166,685,0.5874785591766724,1.7758128374413915,1274,685,0.5376766091051806,1.427387396086904,2440,0.5614754098360656,2440,0.5614754098360656,2440.0,0.5614754098360656,,,1070,0.0,v3_realistic,,,,,1124.0,1.0,246.0,1.0
M5@M15,wick_touch,any,any,any,both,limit,zone,fixed_rr,H4,2.0,1.5,True,0.5,3.0,H1,none,any,until_broken,any,0,0.25,none,0.0,0.0,0.15,bottom,241117,53619,3287,3287,1677,1610,0.5101916641314268,0,1610,11394.562857142835,3.4665539571471964,1.005357142859964,14.967366391951545,9.222099625181013,-2.528508207630885,250.58839285714356,-14.860714285714494,4682.853356894295,1.4246587638863075,0.9999999999991138,5.864285095309733,3.752446843705601,-1.0,72.12352941173364,-1.0,0.24293818269949946,0.0,13.928220400899514,292.6783348058685,38.59107142857124,16.000000000001364,3.799029171782452,3.466553957147196,1.4246587638863073,15465.461071428559,4070.898214285725,17,11,82.88299868167529,81.21158815344863,84.62396480331263,1593,824,0.517263025737602,1.5405526782717454,1694,853,0.5035419126328218,1.3156746991779225,3287,0.5101916641314268,3287,0.5101916641314268,3287.0,0.5101916641314268,,,1610,0.0,v3_realistic,,,,,1379.0,1.0,298.0,1.0
M15@H1,wick_touch,any,any,any,both,limit,zone,fixed_rr,H4,2.0,1.5,True,0.5,3.0,H1,none,any,until_broken,any,3,0.25,none,0.0,0.0,0.15,bottom,190878,38546,2300,2300,1329,971,0.5778260869565217,0,971,12602.923214285673,5.479531832298118,6.934821428572491,9.730486826321425,12.453386004514659,-4.065527070766538,86.5339285714299,-16.144642857142344,3016.0,1.3113043478260868,3.0,1.9760534751491936,3.0,-1.0,3.0,-1.0,0.6635976021484349,0.0,31.825022991781964,274.1818181818182,50.32321428571868,11.0,4.192531588825265,5.479531832298118,1.3113043478260868,16550.54999999998,3947.6267857143084,11,9,0.8538043478260869,0.8105718585402558,0.9129763130792997,1196,689,0.5760869565217391,1.3043478260869565,1104,640,0.5797101449275363,1.318840579710145,2300,0.5778260869565217,2300,0.5778260869565217,,,,,971,0.0,v3_realistic,2300.0,0.5778260869565217,,,,,1329.0,1.0
M15@H1,wick_touch,any,any,any,both,limit,zone,fixed_rr,H4,2.0,1.5,True,0.5,3.0,H1,none,any,until_broken,any,6,0.25,none,0.0,0.0,0.15,bottom,190878,38546,2674,2674,1501,1173,0.5613313388182498,0,1173,13726.508928571451,5.133324206646018,6.3750000000027285,9.60735255414586,12.284945750452103,-4.018068749238839,86.5339285714299,-16.144642857142344,3330.0,1.2453253552729993,3.0,1.9852680927968354,3.0,-1.0,3.0,-1.0,0.6272832167058059,0.0,32.437275496119184,333.0,52.11071428571995,10.0,3.912357746432976,5.133324206646017,1.2453253552729993,18439.703571428607,4713.194642857158,16,8,1.1389304412864623,1.0701199200532978,1.2269820971867007,1381,779,0.5640839971035482,1.2563359884141927,1293,722,0.5583913379737045,1.2335653518948182,2674,0.5613313388182498,2674,0.5613313388182498,,,,,1173,0.0,v3_realistic,2674.0,0.5613313388182498,,,,,1501.0,1.0
M15@H1,wick_touch,any,any,any,both,limit,zone,fixed_rr,H4,2.0,1.5,True,0.5,3.0,H1,none,any,until_broken,any,0,0.25,none,0.0,0.0,0.15,bottom,190878,38546,4501,4501,2402,2099,0.5336591868473672,0,2099,20183.596428571524,4.484247151426688,5.694642857142185,9.11604645993118,11.854830795765446,-3.950313074253013,67.38750000000095,-23.814285714286143,5107.0,1.134636747389469,3.0,1.995684796481425,3.0,-1.0,3.0,-1.0,0.5685450675326772,0.0,38.143400027588385,464.27272727272725,48.921428571429715,11.0,3.4341907017252495,4.484247151426689,1.134636747389469,28475.3035714286,8291.707142857074,12,11,106.73050433237059,93.18130724396336,122.23558837541687,2248,1208,0.5373665480427047,1.1494661921708185,2253,1194,0.5299600532623169,1.1198402130492677,4501,0.5336591868473672,4501,0.5336591868473672,,,,,2099,0.0,v3_realistic,4501.0,0.5336591868473672,,,,,2402.0,1.0
H1@H4,wick_touch,any,any,any,both,limit,zone,fixed_rr,H4,2.0,1.5,True,0.5,3.0,H1,none,any,until_broken,any,3,0.25,none,0.0,0.0,0.15,bottom,162489,32578,1674,1674,916,758,0.5471923536439666,0,758,20856.796964285775,12.459257445809902,4.78392857142822,33.28752315330877,28.786535597317588,-7.271331982661123,560.9212499999998,-65.6178571428569,2731.47239592351,1.6317039402171496,1.0,3.666527856523711,3.809467681139201,-1.0,30.82132914233993,-1.0,0.44502701304012243,0.0,18.20807779172425,227.62269966029248,80.72678571429424,12.0,4.784115942310733,12.459257445809905,1.6317039402171494,26368.46660714291,5511.669642857131,14,12,8.966547192353644,14.04475982532751,2.8298153034300793,863,471,0.5457705677867902,1.768093995783836,811,445,0.5487053020961775,1.4865687762787392,1674,0.5471923536439666,1674,0.5471923536439666,,,,,758,0.0,v3_realistic,,,1674.0,0.5471923536439666,523.0,1.0,393.0,1.0
H1@H4,wick_touch,any,any,any,both,limit,zone,fixed_rr,H4,2.0,1.5,True,0.5,3.0,H1,none,any,until_broken,any,6,0.25,none,0.0,0.0,0.15,bottom,162489,32578,1925,1925,1032,893,0.5361038961038961,0,893,22634.211785714244,11.758032096474931,4.3803571428583155,32.33094504439711,28.11145418050939,-7.140883458646643,560.9212499999998,-65.6178571428569,3029.6105159265135,1.5738236446371494,0.9999999999998851,3.6775238062501194,3.8009791820993337,-1.0,30.82132914233993,-1.0,0.4279574321075405,0.0,18.77655613031725,252.46754299387612,93.36964285715112,12.0,4.5494574228657045,11.75803209647493,1.5738236446371494,29011.020714285693,6376.808928571452,15,12,10.276363636363635,15.5,4.239641657334826,980,531,0.5418367346938775,1.737117504811042,945,501,0.5301587301587302,1.4044818637160765,1925,0.5361038961038961,1925,0.5361038961038961,,,,,893,0.0,v3_realistic,,,1925.0,0.5361038961038961,601.0,1.0,431.0,1.0
H1@H4,wick_touch,any,any,any,both,limit,zone,fixed_rr,H4,2.0,1.5,True,0.5,3.0,H1,none,any,until_broken,any,0,0.25,none,0.0,0.0,0.15,bottom,162489,32578,3032,3032,1544,1488,0.5092348284960422,0,1488,31116.393392857015,10.262662728514847,3.471428571431545,30.403855974843356,27.285536523871112,-7.400856854838695,383.66375000000374,-65.6178571428569,4303.7022874764525,1.4194268758167716,0.9999999999997389,3.798866168249022,3.7511025177956294,-1.0,25.021599999992752,-1.0,0.37364487532631757,0.0,20.574231804475765,215.1851143738226,163.50357142858775,20.0,3.8255585953981353,10.262662728514847,1.4194268758167716,42128.868392856995,11012.474999999979,11,12,796.6616094986807,782.2823834196892,811.5819892473119,1528,795,0.5202879581151832,1.576792859945407,1504,749,0.49800531914893614,1.2595497323669356,3032,0.5092348284960422,3032,0.5092348284960422,,,,,1488,0.0,v3_realistic,,,3032.0,0.5092348284960422,978.0,1.0,566.0,1.0
M5@M15,wick_touch,any,any,any,both,limit,zone,fixed_rr,H4,2.0,1.5,True,0.7,3.0,H1,none,any,until_broken,any,3,0.25,ha_m15,0.0,0.0,0.15,bottom,241117,53619,3166,3166,1795,1371,0.5669614655716994,0,1371,6115.174964285822,1.931514518094069,2.4171428571408167,5.544037040632105,5.3215847393554,-2.5069800458476434,92.45357142857358,-15.869642857143162,2524.7742973964264,0.797465033921801,1.7999999999999994,1.9913818603390843,2.1703477979924353,-1.0,17.85310344827152,-1.0,0.40045811895967154,0.0,22.532664914716914,274.4319888474363,45.742857142852245,9.200000000000045,2.7791827340462283,1.9315145180940694,0.7974650339218009,9552.244607142942,3437.069642857119,12,8,0.5151347652137293,0.7718198700092851,0.17906637490882568,1551,902,0.5815602836879432,0.8969999380286078,1615,893,0.5529411764705883,0.7018745470675043,3166,0.5669614655716994,3166,0.5669614655716994,3166.0,0.5669614655716994,,,1371,0.0,v3_realistic,,,,,1677.0,1.0,118.0,1.0
M5@M15,wick_touch,any,any,any,both,limit,zone,fixed_rr,H4,2.0,1.5,True,0.7,3.0,H1,none,any,until_broken,any,3,0.25,ha_h1,0.0,0.0,0.15,bottom,241117,53619,2957,2957,1675,1282,0.566452485627325,0,1282,6792.362178571562,2.2970450384076977,2.4557142857139524,6.495636666201687,5.981865479744195,-2.5173654446177562,92.45357142857358,-15.869642857143162,2856.1604014595364,0.9658980052281039,1.7999999999999996,2.428516036109758,2.470543523259405,-1.0,20.825637583877924,-1.0,0.397731779764311,0.0,21.627979828272828,310.45221754994805,45.742857142852245,9.200000000000045,3.104682274395603,2.2970450384076977,0.9658980052281039,10019.624678571527,3227.2624999999634,14,8,0.8578796077105174,1.3788557213930348,0.17719708788351532,1471,858,0.5832766825288919,1.0972941371979752,1486,817,0.5497981157469717,0.8358282137558896,2957,0.566452485627325,2957,0.566452485627325,2957.0,0.566452485627325,,,1282,0.0,v3_realistic,,,,,1502.0,1.0,173.0,1.0
M5@M15,wick_touch,any,any,any,both,limit,zone,fixed_rr,H4,2.0,1.5,True,0.7,3.0,H1,none,any,until_broken,any,6,0.25,ha_m15,0.0,0.0,0.15,bottom,241117,53619,3601,3601,2002,1599,0.555956678700361,0,1599,6450.622642857203,1.7913420280081096,2.295000000002005,5.37718983403242,5.198613600685062,-2.4746727865630325,92.45357142857358,-15.869642857143162,2687.736785810059,0.7463862221077576,1.799999999999823,1.9362490314087872,2.1412271657392785,-1.0,17.85310344827152,-1.0,0.38548048830511106,0.0,23.1320414126612,258.43622940482237,48.00071428571471,10.399999999999636,2.6301793610873454,1.7913420280081103,0.7463862221077578,10407.624428571493,3957.001785714289,12,8,0.6372535406831435,0.9131701631701632,0.29179695643110276,1729,982,0.5679583574320416,0.8331497400595831,1872,1020,0.5448717948717948,0.6662504728883437,3601,0.555956678700361,3601,0.555956678700361,3601.0,0.555956678700361,,,1599,0.0,v3_realistic,,,,,1880.0,1.0,122.0,1.0
M5@M15,wick_touch,any,any,any,both,limit,zone,fixed_rr,H4,2.0,1.5,True,0.7,3.0,H1,none,any,until_broken,any,6,0.25,ha_h1,0.0,0.0,0.15,bottom,241117,53619,3322,3322,1849,1473,0.5565924142083083,0,1473,7127.50596428576,2.145546647888549,2.34321428571107,6.30771909000533,5.832763211774728,-2.4828738725632804,92.45357142857358,-15.869642857143162,2997.978259031555,0.9024618479926276,1.7999999999999994,2.350626548604162,2.418052060049491,-1.0,20.825637583877924,-1.0,0.3839239578607343,0.0,22.1281459956187,293.9194371599567,55.35035714285755,10.199999999999989,2.9488579459814313,2.1455466478885494,0.9024618479926279,10784.779178571473,3657.273214285712,13,8,0.954319686935581,1.4844510546241212,0.2888662593346911,1611,921,0.5716945996275605,1.0206534002908705,1711,928,0.5423728813559322,0.7911780427603055,3322,0.5565924142083083,3322,0.5565924142083083,3322.0,0.5565924142083083,,,1473,0.0,v3_realistic,,,,,1672.0,1.0,177.0,1.0
M5@M15,wick_touch,any,any,any,both,limit,zone,fixed_rr,H4,2.0,1.5,True,0.7,3.0,H1,none,any,until_broken,any,0,0.25,ha_m15,0.0,0.0,0.15,bottom,241117,53619,5728,5728,2953,2775,0.5155377094972067,0,2775,8111.225428571441,1.4160658918595392,1.8385714285710717,5.010466821493203,5.026854191863,-2.426333333333333,92.45357142857358,-17.310714285713402,3628.160434334109,0.6334078970555116,1.7999999999994856,2.0142868213542555,2.168357749520478,-1.0,30.001874999940377,-1.0,0.31445764840463764,0.0,23.799271694800257,226.7600271458657,41.31250000000455,16.000000000001137,2.2046836591856533,1.416065891859539,0.6334078970555117,14844.30042857144,6733.074999999999,12,13,60.24663931564246,61.86990630996727,58.51924924924925,2786,1462,0.5247666905958364,0.7032599454638351,2942,1491,0.5067980965329708,0.56725976419839,5728,0.5155377094972067,5728,0.5155377094972067,5728.0,0.5155377094972067,,,2775,0.0,v3_realistic,,,,,2778.0,1.0,175.0,1.0
M5@M15,wick_touch,any,any,any,both,limit,zone,fixed_rr,H4,2.0,1.5,True,0.7,3.0,H1,none,any,until_broken,any,0,0.25,ha_h1,0.0,0.0,0.15,bottom,241117,53619,5138,5138,2652,2486,0.5161541455819385,0,2486,9082.164071428617,1.767645790468785,1.8514285714286414,5.979631557351999,5.6771532805430045,-2.4029148948396735,92.45357142857358,-14.860714285714494,4071.5397146621285,0.7924366902806531,1.7999999999994887,2.446559230924385,2.4726771171425326,-1.0,30.001874999940377,-1.0,0.3238984285621592,0.0,23.21698875015095,264.3856957572717,43.98571428571074,15.400000000000546,2.52037188340934,1.7676457904687857,0.7924366902806532,15055.810500000047,5973.646428571428,14,13,64.95304593226936,64.48890774258422,65.44817645481362,2528,1324,0.5237341772151899,0.8768767372667977,2610,1328,0.5088122605363985,0.7106495489852441,5138,0.5161541455819385,5138,0.5161541455819385,5138.0,0.5161541455819385,,,2486,0.0,v3_realistic,,,,,2397.0,1.0,255.0,1.0
M15@H1,wick_touch,any,any,any,both,limit,zone,fixed_rr,H4,2.0,1.5,True,0.7,3.0,H1,none,any,until_broken,any,3,0.25,ha_m15,0.0,0.0,0.15,bottom,190878,38546,2300,2300,1329,971,0.5778260869565217,0,971,12602.923214285673,5.479531832298118,6.934821428572491,9.730486826321425,12.453386004514659,-4.065527070766538,86.5339285714299,-16.144642857142344,3016.0,1.3113043478260868,3.0,1.9760534751491936,3.0,-1.0,3.0,-1.0,0.6635976021484349,0.0,31.825022991781964,274.1818181818182,50.32321428571868,11.0,4.192531588825265,5.479531832298118,1.3113043478260868,16550.54999999998,3947.6267857143084,11,9,0.8538043478260869,0.8105718585402558,0.9129763130792997,1196,689,0.5760869565217391,1.3043478260869565,1104,640,0.5797101449275363,1.318840579710145,2300,0.5778260869565217,2300,0.5778260869565217,,,,,971,0.0,v3_realistic,2300.0,0.5778260869565217,,,,,1329.0,1.0
M15@H1,wick_touch,any,any,any,both,limit,zone,fixed_rr,H4,2.0,1.5,True,0.7,3.0,H1,none,any,until_broken,any,3,0.25,ha_h1,0.0,0.0,0.15,bottom,190878,38546,2300,2300,1329,971,0.5778260869565217,0,971,12602.923214285673,5.479531832298118,6.934821428572491,9.730486826321425,12.453386004514659,-4.065527070766538,86.5339285714299,-16.144642857142344,3016.0,1.3113043478260868,3.0,1.9760534751491936,3.0,-1.0,3.0,-1.0,0.6635976021484349,0.0,31.825022991781964,274.1818181818182,50.32321428571868,11.0,4.192531588825265,5.479531832298118,1.3113043478260868,16550.54999999998,3947.6267857143084,11,9,0.8538043478260869,0.8105718585402558,0.9129763130792997,1196,689,0.5760869565217391,1.3043478260869565,1104,640,0.5797101449275363,1.318840579710145,2300,0.5778260869565217,2300,0.5778260869565217,,,,,971,0.0,v3_realistic,2300.0,0.5778260869565217,,,,,1329.0,1.0
M15@H1,wick_touch,any,any,any,both,limit,zone,fixed_rr,H4,2.0,1.5,True,0.7,3.0,H1,none,any,until_broken,any,6,0.25,ha_m15,0.0,0.0,0.15,bottom,190878,38546,2674,2674,1501,1173,0.5613313388182498,0,1173,13726.508928571451,5.133324206646018,6.3750000000027285,9.60735255414586,12.284945750452103,-4.018068749238839,86.5339285714299,-16.144642857142344,3330.0,1.2453253552729993,3.0,1.9852680927968354,3.0,-1.0,3.0,-1.0,0.6272832167058059,0.0,32.437275496119184,333.0,52.11071428571995,10.0,3.912357746432976,5.133324206646017,1.2453253552729993,18439.703571428607,4713.194642857158,16,8,1.1389304412864623,1.0701199200532978,1.2269820971867007,1381,779,0.5640839971035482,1.2563359884141927,1293,722,0.5583913379737045,1.2335653518948182,2674,0.5613313388182498,2674,0.5613313388182498,,,,,1173,0.0,v3_realistic,2674.0,0.5613313388182498,,,,,1501.0,1.0
M15@H1,wick_touch,any,any,any,both,limit,zone,fixed_rr,H4,2.0,1.5,True,0.7,3.0,H1,none,any,until_broken,any,6,0.25,ha_h1,0.0,0.0,0.15,bottom,190878,38546,2674,2674,1501,1173,0.5613313388182498,0,1173,13726.508928571451,5.133324206646018,6.3750000000027285,9.60735255414586,12.284945750452103,-4.018068749238839,86.5339285714299,-16.144642857142344,3330.0,1.2453253552729993,3.0,1.9852680927968354,3.0,-1.0,3.0,-1.0,0.6272832167058059,0.0,32.437275496119184,333.0,52.11071428571995,10.0,3.912357746432976,5.133324206646017,1.2453253552729993,18439.703571428607,4713.194642857158,16,8,1.1389304412864623,1.0701199200532978,1.2269820971867007,1381,779,0.5640839971035482,1.2563359884141927,1293,722,0.5583913379737045,1.2335653518948182,2674,0.5613313388182498,2674,0.5613313388182498,,,,,1173,0.0,v3_realistic,2674.0,0.5613313388182498,,,,,1501.0,1.0
M15@H1,wick_touch,any,any,any,both,limit,zone,fixed_rr,H4,2.0,1.5,True,0.7,3.0,H1,none,any,until_broken,any,0,0.25,ha_m15,0.0,0.0,0.15,bottom,190878,38546,4501,4501,2402,2099,0.5336591868473672,0,2099,20183.596428571524,4.484247151426688,5.694642857142185,9.11604645993118,11.854830795765446,-3.950313074253013,67.38750000000095,-23.814285714286143,5107.0,1.134636747389469,3.0,1.995684796481425,3.0,-1.0,3.0,-1.0,0.5685450675326772,0.0,38.143400027588385,464.27272727272725,48.921428571429715,11.0,3.4341907017252495,4.484247151426689,1.134636747389469,28475.3035714286,8291.707142857074,12,11,106.73050433237059,93.18130724396336,122.23558837541687,2248,1208,0.5373665480427047,1.1494661921708185,2253,1194,0.5299600532623169,1.1198402130492677,4501,0.5336591868473672,4501,0.5336591868473672,,,,,2099,0.0,v3_realistic,4501.0,0.5336591868473672,,,,,2402.0,1.0
M15@H1,wick_touch,any,any,any,both,limit,zone,fixed_rr,H4,2.0,1.5,True,0.7,3.0,H1,none,any,until_broken,any,0,0.25,ha_h1,0.0,0.0,0.15,bottom,190878,38546,4501,4501,2402,2099,0.5336591868473672,0,2099,20183.596428571524,4.484247151426688,5.694642857142185,9.11604645993118,11.854830795765446,-3.950313074253013,67.38750000000095,-23.814285714286143,5107.0,1.134636747389469,3.0,1.995684796481425,3.0,-1.0,3.0,-1.0,0.5685450675326772,0.0,38.143400027588385,464.27272727272725,48.921428571429715,11.0,3.4341907017252495,4.484247151426689,1.134636747389469,28475.3035714286,8291.707142857074,12,11,106.73050433237059,93.18130724396336,122.23558837541687,2248,1208,0.5373665480427047,1.1494661921708185,2253,1194,0.5299600532623169,1.1198402130492677,4501,0.5336591868473672,4501,0.5336591868473672,,,,,2099,0.0,v3_realistic,4501.0,0.5336591868473672,,,,,2402.0,1.0
H1@H4,wick_touch,any,any,any,both,limit,zone,fixed_rr,H4,2.0,1.5,True,0.7,3.0,H1,none,any,until_broken,any,3,0.25,ha_m15,0.0,0.0,0.15,bottom,162489,32578,1728,1728,944,784,0.5462962962962963,0,784,16267.40432142865,9.414007130456396,8.591785714282736,21.2543479406046,23.325931484564244,-7.337085459183666,195.1289999999983,-65.6178571428569,2180.269551014426,1.2617300642444609,1.7999999999999996,2.5649771387009603,3.14011604980342,-1.0,19.69279748540396,-1.0,0.4919069434215182,0.0,20.448187646447487,181.68912925120216,77.00714285713912,12.0,3.827994892703959,9.414007130456396,1.2617300642444609,22019.679321428644,5752.274999999994,14,12,7.214699074074074,10.854872881355933,2.8316326530612246,894,487,0.5447427293064877,1.264836689200774,834,457,0.5479616306954437,1.258399941089838,1728,0.5462962962962963,1728,0.5462962962962963,,,,,784,0.0,v3_realistic,,,1728.0,0.5462962962962963,609.0,1.0,335.0,1.0
H1@H4,wick_touch,any,any,any,both,limit,zone,fixed_rr,H4,2.0,1.5,True,0.7,3.0,H1,none,any,until_broken,any,3,0.25,ha_h1,0.0,0.0,0.15,bottom,162489,32578,1845,1845,1005,840,0.5447154471544715,0,840,13071.128357142901,7.084622415795611,8.186785714285065,16.85158203840502,19.138779104477667,-7.337315051020424,148.03810714285873,-65.6178571428569,1793.350870109604,0.9720058916583293,1.7999999999999994,2.1639012274716647,2.6202496219996196,-1.0,19.69279748540396,-1.0,0.4491914322697787,0.0,19.29432765118653,149.445905842467,77.00714285713912,12.0,3.1207849170484625,7.084622415795609,0.9720058916583292,19234.473000000056,6163.344642857156,14,12,3.944173441734417,4.782089552238806,2.941666666666667,943,511,0.5418875927889714,0.9553402972487041,902,494,0.5476718403547672,0.9894290130865628,1845,0.5447154471544715,1845,0.5447154471544715,,,,,840,0.0,v3_realistic,,,1845.0,0.5447154471544715,760.0,1.0,245.0,1.0
H1@H4,wick_touch,any,any,any,both,limit,zone,fixed_rr,H4,2.0,1.5,True,0.7,3.0,H1,none,any,until_broken,any,6,0.25,ha_m15,0.0,0.0,0.15,bottom,162489,32578,1997,1997,1062,935,0.5317976965448172,0,935,17773.886821428492,8.900293851491483,7.7817857142844105,20.92845374981038,23.08832495964483,-7.214881588999271,195.1289999999983,-65.6178571428569,2431.2323156767475,1.2174423213203478,1.7999999999998983,2.589275177303918,3.1697102784150046,-1.0,19.69279748540396,-1.0,0.4701865340508185,0.0,21.01160459067881,202.6026929730623,78.26071428571413,12.0,3.6347632164653914,8.900293851491483,1.217442321320348,24519.801107142808,6745.914285714318,15,12,8.691036554832248,12.576271186440678,4.278074866310161,1022,550,0.538160469667319,1.2649141948556675,975,512,0.5251282051282051,1.1676820600351092,1997,0.5317976965448172,1997,0.5317976965448172,,,,,935,0.0,v3_realistic,,,1997.0,0.5317976965448172,687.0,1.0,375.0,1.0
H1@H4,wick_touch,any,any,any,both,limit,zone,fixed_rr,H4,2.0,1.5,True,0.7,3.0,H1,none,any,until_broken,any,6,0.25,ha_h1,0.0,0.0,0.15,bottom,162489,32578,2134,2134,1137,997,0.5328022492970946,0,997,13908.975214285603,6.517795320658671,7.529464285712919,16.398141139064506,18.577148699585326,-7.234947700243644,148.03810714285873,-65.6178571428569,1952.7428977715272,0.9150622763690454,1.7999999999998892,2.1433639274469876,2.5943209303179797,-1.0,19.69279748540396,-1.0,0.42692809403534104,0.0,19.72204484872623,162.72857481429392,78.26071428571322,12.0,2.928255500300013,6.517795320658669,0.9150622763690454,21122.218071428517,7213.242857142914,10,12,5.366447985004686,6.318381706244503,4.280842527582748,1090,588,0.5394495412844037,0.9413080234804722,1044,549,0.5258620689655172,0.8876601074500153,2134,0.5328022492970946,2134,0.5328022492970946,,,,,997,0.0,v3_realistic,,,2134.0,0.5328022492970946,872.0,1.0,265.0,1.0
H1@H4,wick_touch,any,any,any,both,limit,zone,fixed_rr,H4,2.0,1.5,True,0.7,3.0,H1,none,any,until_broken,any,0,0.25,ha_m15,0.0,0.0,0.15,bottom,162489,32578,3208,3208,1628,1580,0.5074812967581047,0,1580,24960.22114285692,7.780617563234701,5.946428571426026,20.464827463508136,22.560716303966167,-7.448496835443038,185.9796428571406,-65.6178571428569,3511.0891768372303,1.0944791698370209,1.799999999999836,2.6209275347189016,3.1272046540768814,-1.0,16.21295999999565,-1.0,0.4175923047618352,0.0,23.652097840405933,208.99340338317185,143.21607142858556,16.799999999999727,3.1209122682434796,7.7806175632347,1.0944791698370206,36728.84614285692,11768.625,10,12,760.4454488778055,747.4742014742014,773.8107594936708,1621,848,0.5231338679827268,1.1892439109212898,1587,780,0.4914933837429111,0.9976841822518782,3208,0.5074812967581047,3208,0.5074812967581047,,,,,1580,0.0,v3_realistic,,,3208.0,0.5074812967581047,1128.0,1.0,500.0,1.0
H1@H4,wick_touch,any,any,any,both,limit,zone,fixed_rr,H4,2.0,1.5,True,0.7,3.0,H1,none,any,until_broken,any,0,0.25,ha_h1,0.0,0.0,0.15,bottom,162489,32578,3603,3603,1819,1784,0.504857063558146,0,1784,18943.485749999807,5.257697960033252,5.483571428571849,15.658957366908778,17.685066382627717,-7.413480941704041,123.27342857143324,-29.644642857141434,2745.9276602131886,0.7621225812415113,1.7999999999998124,2.0667150914668637,2.4903395603150993,-1.0,11.190459873761872,-1.0,0.36876035036865684,0.0,22.134838111051646,163.44807501269244,143.2160714285892,16.799999999999727,2.4323292806024503,5.257697960033251,0.7621225812415113,32169.13574999982,13225.650000000009,11,12,754.9730779905634,699.0808136338648,811.9618834080718,1815,940,0.5179063360881543,0.8602762158772532,1788,879,0.49161073825503354,0.6624867608478325,3603,0.504857063558146,3603,0.504857063558146,,,,,1784,0.0,v3_realistic,,,3603.0,0.504857063558146,1478.0,1.0,341.0,1.0
M5@M15,wick_touch,against_daily,any,any,both,limit,zone,fixed_rr,H4,2.0,1.5,True,0.5,3.0,H1,none,any,until_broken,any,6,0.25,ha_m15,0.0,0.0,0.15,bottom,241117,19260,1403,1403,768,635,0.5473984319315752,0,635,1184.643928571414,0.8443648813766316,1.2017857142865296,5.450854827249286,3.525573381696392,-2.3984195725534088,66.69142857142845,-8.724999999998317,544.122243063784,0.38782768571901943,0.9999999999995094,2.281392237753624,1.5353154206559687,-1.0,27.245945945921875,-1.0,0.16999605736403067,0.0,6.36748139420907,34.007640191484505,52.01428571428721,16.000000000000938,1.7778376274215049,0.844364881376632,0.38782768571901927,2707.640357142829,1522.9964285714145,11,8,0.5439534331195058,0.7765842013888888,0.2625984251968504,583,317,0.5437392795883362,0.45333026830632794,820,451,0.55,0.3412569471234087,1403,0.5473984319315752,1403,0.5473984319315752,1403.0,0.5473984319315752,,,635,0.0,v3_realistic,,,,,729.0,1.0,39.0,1.0
M5@M15,wick_touch,against_daily,any,any,both,limit,zone,fixed_rr,H4,2.0,1.5,True,0.5,3.0,H1,none,any,until_broken,any,0,0.25,ha_m15,0.0,0.0,0.15,bottom,241117,19260,2406,2406,1222,1184,0.5078969243557773,0,1184,1710.437321428536,0.7109049548747033,0.8964285714299081,5.394808216078841,3.6515736789805833,-2.3241433397683586,66.69142857142845,-10.844642857142617,856.6544445979831,0.3560492288437169,0.9999999999989216,2.646034374318694,1.669929987396058,-1.0,48.00312499990062,-1.0,0.1345595629064317,0.0,6.600280295774211,36.389738586182695,78.33928571426867,23.54109916368725,1.621573588578827,0.7109049548747035,0.35604922884371704,4462.223035714273,2751.7857142857365,13,9,88.04035051260738,108.2798690671031,67.15125281531532,1009,504,0.49950445986124875,0.36324289810255345,1397,718,0.5139584824624195,0.3508535149695823,2406,0.5078969243557773,2406,0.5078969243557773,2406.0,0.5078969243557773,,,1184,0.0,v3_realistic,,,,,1153.0,1.0,69.0,1.0
M15@H1,wick_touch,against_daily,any,any,both,limit,zone,fixed_rr,H4,2.0,1.5,True,0.5,3.0,H1,none,any,until_broken,any,6,0.25,ha_m15,0.0,0.0,0.15,bottom,190878,14799,992,992,552,440,0.5564516129032258,0,440,4801.046428571436,4.839764544930883,6.133928571425429,9.06590362797441,11.761762422360272,-3.8441964285714385,66.40178571428805,-15.596428571427623,1216.0,1.2258064516129032,3.0,1.988214355077017,3.0,-1.0,3.0,-1.0,0.616536365147318,0.0,19.418448775138412,173.71428571428572,31.850000000002638,7.0,3.8384265368819985,4.839764544930883,1.225806451612903,6492.49285714287,1691.446428571433,12,6,0.9921875,1.0529891304347827,0.9159090909090909,476,261,0.5483193277310925,1.1932773109243697,516,291,0.563953488372093,1.255813953488372,992,0.5564516129032258,992,0.5564516129032258,,,,,440,0.0,v3_realistic,992.0,0.5564516129032258,,,,,552.0,1.0
M15@H1,wick_touch,against_daily,any,any,both,limit,zone,fixed_rr,H4,2.0,1.5,True,0.5,3.0,H1,none,any,until_broken,any,0,0.25,ha_m15,0.0,0.0,0.15,bottom,190878,14799,1905,1905,1004,901,0.5270341207349082,0,901,8131.694642857348,4.2686061117361405,5.5821428571363185,8.867910740190354,11.600081815594926,-3.900985016648121,66.40178571428805,-13.685714285713857,2111.0,1.1081364829396325,3.0,1.9975988585924895,3.0,-1.0,3.0,-1.0,0.5547342391457045,0.0,24.212100176016822,234.55555555555554,52.9571428571453,9.0,3.3135665080342545,4.268606111736142,1.1081364829396327,11646.482142857305,3514.787499999957,10,9,133.81771653543308,124.48605577689243,144.2161487236404,847,442,0.5218417945690673,1.0873671782762693,1058,562,0.5311909262759924,1.1247637051039698,1905,0.5270341207349082,1905,0.5270341207349082,,,,,901,0.0,v3_realistic,1905.0,0.5270341207349082,,,,,1004.0,1.0
H1@H4,wick_touch,against_daily,any,any,both,limit,zone,fixed_rr,H4,2.0,1.5,True,0.5,3.0,H1,none,any,until_broken,any,6,0.25,ha_m15,0.0,0.0,0.15,bottom,162489,14098,868,868,458,410,0.5276497695852534,0,410,8333.88303571431,9.601247736998054,4.279464285712464,27.237571795877237,24.662716391141664,-7.223514808362371,270.1149999999984,-26.83214285714257,1165.0674730588557,1.342243632556285,0.9999999999998082,3.474027453840515,3.4390119499101646,-1.0,30.82132914233993,-1.0,0.38636529226976696,0.0,11.383032316275383,116.50674730588557,73.91785714285834,10.0,3.8139409316384154,9.601247736998053,1.342243632556285,11295.524107142883,2961.641071428572,10,6,8.797235023041475,12.993449781659388,4.109756097560975,447,234,0.5234899328859061,1.389961375757355,421,224,0.5320665083135392,1.2915789503451722,868,0.5276497695852534,868,0.5276497695852534,,,,,410,0.0,v3_realistic,,,868.0,0.5276497695852534,288.0,1.0,170.0,1.0
H1@H4,wick_touch,against_daily,any,any,both,limit,zone,fixed_rr,H4,2.0,1.5,True,0.5,3.0,H1,none,any,until_broken,any,0,0.25,ha_m15,0.0,0.0,0.15,bottom,162489,14098,1822,1822,929,893,0.5098792535675082,0,893,14735.449107142755,8.087513231143115,3.5223214285704074,26.419612956734625,23.010182800245964,-7.436742121260637,259.22446428571675,-26.600000000001955,2128.4000775760037,1.1681668921931954,0.9999999999997138,3.5130757053960835,3.2523143999741673,-1.0,30.82132914233993,-1.0,0.3325197035745319,0.0,14.193567615274418,183.44978321024388,106.62678571427932,11.602085542596342,3.2188563971813395,8.087513231143111,1.1681668921931947,21376.4598214285,6641.010714285749,10,8,806.4791437980241,707.6673842841765,909.2743561030235,884,457,0.5169683257918553,1.2126028568283762,938,472,0.5031982942430704,1.1262890747758174,1822,0.5098792535675082,1822,0.5098792535675082,,,,,893,0.0,v3_realistic,,,1822.0,0.5098792535675082,649.0,1.0,280.0,1.0
