tf_pair,touch_type,bias_filter,zone_role_filter,age_filter,direction,entry_mode,sl_mode,tp_mode,tp_htf,fixed_rr,sl_atr_mult,partial_tp,partial_unit1_pct,partial_unit1_rr,partial_unit2_tp,cascade_filter,session_filter,touch_policy,retest_number_filter,total_candidates,passed_filters,num_trades,total_trades,wins,losses,win_rate,tp_hits,sl_hits,total_pnl_pips,avg_pnl_pips,median_pnl_pips,std_pnl_pips,avg_win_pips,avg_loss_pips,largest_win_pips,largest_loss_pips,total_r,avg_r,median_r,std_r,avg_win_r,avg_loss_r,largest_win_r,largest_loss_r,sharpe,sortino,sqn,calmar,max_dd_pips,max_dd_r,profit_factor,expectancy_pips,expectancy_r,gross_profit_pips,gross_loss_pips,max_win_streak,max_loss_streak,avg_hold_hours,avg_win_hold_hours,avg_loss_hold_hours,long_trades,long_wins,long_win_rate,long_avg_r,short_trades,short_wins,short_win_rate,short_avg_r,signal_type_wick_touch_n,signal_type_wick_touch_wr,struct_cls_none_n,struct_cls_none_wr,zone_tf_m15_n,zone_tf_m15_wr,exit_reason_partial_be_n,exit_reason_partial_be_wr,exit_reason_sl_hit_n,exit_reason_sl_hit_wr,exit_reason_partial_full_n,exit_reason_partial_full_wr,zone_tf_h1_n,zone_tf_h1_wr,zone_tf_h4_n,zone_tf_h4_wr
M5@M15,wick_touch,any,any,any,both,limit,zone,fixed_rr,H4,2.0,1.5,True,0.5,3.0,H1,none,any,until_broken,any,210998,43389,1673,1673,1036,637,0.6192468619246861,0,637,204759088.57142872,122390.36973785338,44062.5,398289.5483663469,236390.37782680645,-63016.23682439989,6161641.071428549,-683339.2857142825,3285.213007412817,1.963665874126011,1.5,5.466292713723757,3.7859198913251118,-1.0,64.78397976390868,-1.0,0.3592317457124098,0.0,14.693412777311146,312.8774292774112,683339.2857142836,10.5,6.100952633800442,122390.36973785338,1.9636658741260105,244900431.4285715,40141342.85714273,13,6,2.212044231918709,3.463803088803089,0.17621664050235478,964,615,0.6379668049792531,2.0706206617327125,709,421,0.5937940761636107,1.8182435677044866,1673,0.6192468619246861,1673,0.6192468619246861,1673.0,0.6192468619246861,822,1.0,637,0.0,214,1.0,,,,
M5@M15,wick_touch,any,any,any,both,limit,zone,fixed_rr,H4,2.0,1.5,True,0.7,3.0,H1,none,any,until_broken,any,210998,43389,1673,1673,1036,637,0.6192468619246861,0,637,183204141.71428573,109506.36085731364,60787.50000001309,276845.399231198,215584.44456701592,-63016.23682439989,3846191.7857142515,-683339.2857142825,2959.5278044476454,1.7689945035551047,2.0999999999999996,3.6781460556682464,3.4715519347950674,-1.0,40.07038785834521,-1.0,0.48094732421758424,0.0,19.6718626435919,336.30997777813457,683339.2857142836,8.800000000000182,5.563976406227439,109506.36085731364,1.7689945035551045,223345484.57142848,40141342.85714273,13,6,2.212044231918709,3.463803088803089,0.17621664050235478,964,615,0.6379668049792531,1.8631192850064195,709,421,0.5937940761636107,1.6410166624844689,1673,0.6192468619246861,1673,0.6192468619246861,1673.0,0.6192468619246861,822,1.0,637,0.0,214,1.0,,,,
M5@M15,wick_touch,any,any,any,both,limit,zone,fixed_rr,H4,2.0,1.5,True,0.5,2.0,H1,none,any,until_broken,any,210998,43389,1724,1724,1120,604,0.6496519721577726,0,604,181605921.42857188,105339.8616175011,32588.392857160215,379779.73140652274,195916.02838010225,-62615.94429990504,6099471.428571414,-702446.4285714203,2916.658131192394,1.6917970598563763,1.0,5.382328740461454,3.143444759993208,-1.0,64.28397976390868,-1.0,0.3143243643106292,0.0,13.051086757154009,243.05484426603286,781125.0,12.0,5.8018449407266015,105339.86161750108,1.691797059856376,219425951.7857145,37820030.35714264,15,5,2.098946249033256,3.1402529761904763,0.16804635761589404,990,658,0.6646464646464646,1.7761968005040754,734,462,0.6294277929155313,1.5779608974023944,1724,0.6496519721577726,1724,0.6496519721577726,1724.0,0.6496519721577726,903,1.0,604,0.0,217,1.0,,,,
M5@M15,wick_touch,against_daily,any,any,both,limit,zone,fixed_rr,H4,2.0,1.5,True,0.5,3.0,H1,none,any,until_broken,any,210998,14709,655,655,404,251,0.616793893129771,0,251,93955659.46428598,143443.75490730684,39133.92857139115,436589.88078934303,271079.4567715697,-61993.78912919593,3698412.500000013,-683339.2857142825,1417.637849716953,2.1643325949877155,1.5,5.805228441338179,4.130291707220183,-1.0,64.78397976390868,-1.0,0.37282470739236045,0.0,9.5416907254239,202.5196928167076,683339.2857142836,7.0,7.038110297323499,143443.75490730684,2.1643325949877155,109516100.53571415,15560441.071428178,19,7,2.3685750636132314,3.7778465346534653,0.10026560424966799,273,178,0.652014652014652,2.580550175542972,382,226,0.5916230366492147,1.866878669617075,655,0.616793893129771,655,0.616793893129771,655.0,0.616793893129771,320,1.0,251,0.0,84,1.0,,,,
M5@M15,wick_touch,with_daily,any,any,both,limit,zone,fixed_rr,H4,2.0,1.5,True,0.5,3.0,H1,none,any,until_broken,any,210998,16544,804,804,480,324,0.5970149253731343,0,324,95763319.28571478,119108.60607675966,42658.92857142717,397788.8875334427,239751.2120535722,-59621.18055555521,6161641.071428549,-325491.071428587,1501.3741278922796,1.8673807560849252,1.5,5.0283556102312215,3.80286276644225,-1.0,49.55506247307881,-1.0,0.3713700662469766,0.0,10.53015877315457,158.03938188339785,489464.2857143432,9.5,5.957395970868818,119108.60607675966,1.8673807560849252,115080581.78571466,19317262.49999989,11,6,2.02363184079602,3.322048611111111,0.1000514403292181,570,337,0.5912280701754385,1.7545921210512154,234,143,0.6111111111111112,2.14212230296191,804,0.5970149253731343,804,0.5970149253731343,804.0,0.5970149253731343,367,1.0,324,0.0,113,1.0,,,,
M5@M15,wick_touch,any,any,any,both,limit,zone,fixed_rr,H4,2.0,1.5,True,0.5,3.0,H1,none,any,until_broken,4-10,210998,12726,853,853,558,295,0.6541617819460727,0,295,130302038.7500002,152757.37250879273,50973.214285750146,456356.4340785021,267749.8614311318,-64753.84382566552,6161641.071428549,-448544.6428571595,1977.624405730613,2.318434238840109,1.5,6.126273594689931,4.072803594499306,-1.0,64.78397976390868,-1.0,0.37844118500513224,0.0,11.052815212578182,219.7360450811792,709278.5714285839,9.0,7.8212448894982245,152757.37250879273,2.3184342388401085,149404422.67857152,19102383.92857133,17,9,2.631008206330598,3.8824671445639183,0.2638418079096045,470,327,0.6957446808510638,2.515150263866634,383,231,0.6031331592689295,2.0770333726195678,853,0.6541617819460727,853,0.6541617819460727,853.0,0.6541617819460727,429,1.0,295,0.0,129,1.0,,,,
M5@M15,wick_touch,any,any,any,both,limit,zone,fixed_rr,H4,2.0,1.5,True,0.5,3.0,H4,none,any,until_broken,any,210998,43389,1398,1398,866,532,0.6194563662374821,0,532,187759529.82142812,134305.81532290997,42404.464285709764,522838.9125842888,255672.83425437097,-63257.79068206225,6468553.571428583,-683339.2857142825,3120.2045419519422,2.231905967061475,1.5,9.982433981356,4.217326260914484,-1.0,251.55167080405778,-1.0,0.22358334362440693,0.0,8.359745040471326,416.02727226025894,683339.2857142836,7.5,6.57925661372867,134305.81532290997,2.2319059670614756,221412674.46428525,33653144.64285712,12,6,4.032904148783977,6.392417244033872,0.19204260651629074,799,509,0.6370463078848561,2.2712627834737047,599,357,0.5959933222036727,2.1794083104448285,1398,0.6194563662374821,1398,0.6194563662374821,1398.0,0.6194563662374821,688,1.0,532,0.0,178,1.0,,,,
M5@M15,wick_touch,any,any,any,both,limit,zone,fixed_rr,H4,2.0,1.5,True,0.7,3.0,H4,none,any,until_broken,any,210998,43389,1398,1398,866,532,0.6194563662374821,0,532,163495420.74999946,116949.51412732436,57374.99999996725,345208.7119084356,227654.23255526167,-63257.79068206225,3962089.2857143157,-683339.2857142825,2698.5227251711253,1.9302737662168565,2.0999999999999996,6.232222659276105,3.7303957565486905,-1.0,152.13100248243467,-1.0,0.3097247758540554,0.0,11.580559253137437,449.7537875285209,683339.2857142836,6.0,5.858250914887426,116949.51412732436,1.9302737662168568,197148565.3928566,33653144.64285712,12,6,4.032904148783977,6.392417244033872,0.19204260651629074,799,509,0.6370463078848561,1.9820317626999844,599,357,0.5959933222036727,1.8612343017927773,1398,0.6194563662374821,1398,0.6194563662374821,1398.0,0.6194563662374821,688,1.0,532,0.0,178,1.0,,,,
M5@M15,wick_touch,any,any,any,both,limit,zone,fixed_rr,H4,2.0,1.5,True,0.5,2.0,H4,none,any,until_broken,any,210998,43389,1445,1445,941,504,0.6512110726643598,0,504,165687355.35714287,114662.5296589224,31964.28571427532,501945.9151734472,209630.00417488985,-62647.77494331047,6434821.428571431,-702446.4285714203,2736.489109284907,1.8937640894705243,1.0,9.753420585947596,3.443665365871315,-1.0,251.05167080405775,-1.0,0.19416409584541003,0.0,7.380789990702062,342.0611386606134,702446.4285714179,8.0,6.2475088379471195,114662.52965892242,1.8937640894705243,197261833.92857134,31574478.571428478,12,5,3.8305074971164936,5.783475026567482,0.1841931216931217,827,548,0.6626360338573156,1.9117704418103476,618,393,0.6359223300970874,1.8696682102067141,1445,0.6512110726643598,1445,0.6512110726643598,1445.0,0.6512110726643598,758,1.0,504,0.0,183,1.0,,,,
M5@M15,wick_touch,against_daily,any,any,both,limit,zone,fixed_rr,H4,2.0,1.5,True,0.5,3.0,H4,none,any,until_broken,any,210998,14709,573,573,352,221,0.6143106457242583,0,221,87364829.28571436,152469.16105709312,35657.14285712602,613247.2041822058,287517.35186688247,-62630.21978021839,5764699.999999975,-683339.2857142825,1546.8324397733763,2.699533053705717,1.5,14.377196318943083,5.022251249356182,-1.0,251.55167080405778,-1.0,0.1877649156218915,0.0,4.494607347428497,220.97606282476804,683339.2857142836,7.0,7.311904556711721,152469.16105709315,2.6995330537057174,101206107.85714263,13841278.571428264,18,7,5.8760907504363,9.501657196969697,0.10143288084464554,238,151,0.634453781512605,3.091692875683223,335,201,0.6,2.4209239861515486,573,0.6143106457242583,573,0.6143106457242583,573.0,0.6143106457242583,316,1.0,221,0.0,36,1.0,,,,
M5@M15,wick_touch,with_daily,any,any,both,limit,zone,fixed_rr,H4,2.0,1.5,True,0.5,3.0,H4,none,any,until_broken,any,210998,16544,784,784,472,312,0.6020408163265306,0,312,102754867.14285721,131064.88155976684,44638.3928571413,493023.44545065064,257220.70066585936,-59786.229395603856,6161641.071428549,-325491.071428587,1574.280725141487,2.008011129006999,1.5,6.882203291578686,3.9963574685201007,-1.0,98.91453843676159,-1.0,0.2917686450012417,0.0,8.169522060034769,165.71376054120915,489464.2857143432,9.5,6.508668571729496,131064.88155976684,2.008011129006999,121408170.71428561,18653303.571428403,11,6,3.06813350340136,5.029661016949152,0.10069444444444443,551,329,0.5970961887477314,1.9339430702006914,233,143,0.6137339055793991,2.183167783094018,784,0.6020408163265306,784,0.6020408163265306,784.0,0.6020408163265306,348,1.0,312,0.0,124,1.0,,,,
M5@M15,wick_touch,any,any,any,both,limit,zone,fixed_rr,H4,2.0,1.5,True,0.5,3.0,H4,none,any,until_broken,4-10,210998,12726,764,764,507,257,0.6636125654450262,0,257,121845733.57142845,159483.94446522047,51117.857142844514,551152.1640645083,274437.4464637924,-67292.03029460828,6161641.071428549,-448544.6428571595,2088.7184550463317,2.7339246793800154,1.5,12.352484337356826,4.626663619420772,-1.0,251.55167080405778,-1.0,0.22132589726197688,0.0,6.117569512338853,232.0798283384813,709278.5714285839,9.0,8.04552843261858,159483.94446522047,2.7339246793800154,139139785.35714275,17294051.78571433,17,9,5.1349258289703315,7.591222879684418,0.28923476005188065,421,299,0.7102137767220903,2.9475216035148097,343,208,0.6064139941690962,2.471754693780165,764,0.6636125654450262,764,0.6636125654450262,764.0,0.6636125654450262,404,1.0,257,0.0,103,1.0,,,,
M5@H1,wick_touch,any,any,any,both,limit,zone,fixed_rr,H4,2.0,1.5,True,0.5,3.0,H4,none,any,until_broken,any,142415,17642,309,309,208,101,0.6731391585760518,0,101,57634040.00000018,186517.92880258957,79071.4285714239,711914.0726588031,328021.5693681324,-104895.50919377581,6876373.214285722,-683339.2857142825,725.1483315095453,2.3467583543998227,1.5,7.57632256619558,3.9718669784112755,-1.0,67.95876453157311,-1.0,0.3097490020911607,0.0,5.444890567092161,120.85805525159088,1419892.857142875,6.0,6.440023732110375,186517.92880258957,2.3467583543998227,68228486.42857154,10594446.428571356,16,6,6.066612729234088,8.96915064102564,0.0891089108910891,171,115,0.672514619883041,2.7478333474287258,138,93,0.6739130434782609,1.8497741239074865,309,0.6731391585760518,309,0.6731391585760518,,,179,1.0,101,0.0,29,1.0,309.0,0.6731391585760518,,
M5@H1,wick_touch,any,any,any,both,limit,zone,fixed_rr,H4,2.0,1.5,True,0.7,3.0,H4,none,any,until_broken,any,142415,17642,309,309,208,101,0.6731391585760518,0,101,50378929.714286014,163038.60748959874,110699.99999999344,460634.595169787,293141.231456045,-104895.50919377581,4269245.357142859,-683339.2857142825,644.2889989057289,2.085077666361576,2.0999999999999996,4.8307846099474965,3.583120187046765,-1.0,41.97525871894386,-1.0,0.431622983576624,0.0,7.587239655173697,107.38149981762149,1419892.857142875,6.0,5.755220582212101,163038.6074895987,2.085077666361576,60973376.14285736,10594446.428571356,16,6,6.066612729234088,8.96915064102564,0.0891089108910891,171,115,0.672514619883041,2.324723400270105,138,93,0.6739130434782609,1.7881253439097073,309,0.6731391585760518,309,0.6731391585760518,,,179,1.0,101,0.0,29,1.0,309.0,0.6731391585760518,,
M5@H1,wick_touch,any,any,any,both,limit,zone,fixed_rr,H4,2.0,1.5,True,0.5,2.0,H4,none,any,until_broken,any,142415,17642,312,312,213,99,0.6826923076923077,0,99,50734822.1428573,162611.60943223492,53861.60714286234,699656.7927010324,284412.243460765,-99444.30014429949,6816614.285714295,-448544.6428571595,624.1483315095452,2.000475421504953,1.0,7.467703360887419,3.3950625892466917,-1.0,67.45876453157311,-1.0,0.26788362162088186,0.0,4.731768172322962,104.02472191825753,736553.5714285932,6.0,6.153366761034311,162611.60943223492,2.0004754215049534,60579807.85714295,9844985.71428565,16,6,5.941506410256411,8.663928012519563,0.08417508417508417,173,117,0.6763005780346821,2.3750260254931335,139,96,0.6906474820143885,1.5343081230160658,312,0.6826923076923077,312,0.6826923076923077,,,184,1.0,99,0.0,29,1.0,312.0,0.6826923076923077,,
M5@H1,wick_touch,against_daily,any,any,both,limit,zone,fixed_rr,H4,2.0,1.5,True,0.5,3.0,H4,none,any,until_broken,any,142415,6480,108,108,78,30,0.7222222222222222,0,30,15548512.321428679,143967.70667989517,70704.91071428478,628935.690567266,242368.15247252822,-111873.45238095078,5764699.999999975,-683339.2857142825,208.73886799830012,1.9327672962805567,1.5,6.023420375601258,3.060754717926925,-1.0,46.48951612904024,-1.0,0.32087537906361513,0.0,3.3346347566166252,41.74777359966002,1131883.9285714421,5.0,5.6327679446484415,143967.70667989517,1.932767296280557,18904715.8928572,3356203.5714285234,12,5,4.982253086419753,6.861111111111111,0.09722222222222222,41,32,0.7804878048780488,2.2813110762158235,67,46,0.6865671641791045,1.7194793115440505,108,0.7222222222222222,108,0.7222222222222222,,,72,1.0,30,0.0,6,1.0,108.0,0.7222222222222222,,
M5@H1,wick_touch,with_daily,any,any,both,limit,zone,fixed_rr,H4,2.0,1.5,True,0.5,3.0,H4,none,any,until_broken,any,142415,6059,152,152,93,59,0.6118421052631579,0,59,23190240.000000067,152567.36842105308,81599.99999998035,431593.6327246955,308949.58525345585,-93933.41404358181,2415837.142857181,-288008.9285714348,305.241082043346,2.008165013443066,1.5,5.784622119532652,3.9165707746596343,-1.0,38.23485915491494,-1.0,0.34715578164772304,0.0,4.280023923201728,76.3102705108365,534553.5714285485,4.0,5.184399334957363,152567.36842105305,2.0081650134430657,28732311.42857139,5542071.428571327,11,4,2.518640350877193,4.062724014336918,0.0847457627118644,101,60,0.594059405940594,1.9203594814021863,51,33,0.6470588235294118,2.182054400425985,152,0.6118421052631579,152,0.6118421052631579,,,73,1.0,59,0.0,20,1.0,152.0,0.6118421052631579,,
M5@H1,wick_touch,any,any,any,both,limit,zone,fixed_rr,H4,2.0,1.5,True,0.5,3.0,H4,none,any,until_broken,4-10,142415,3124,83,83,59,24,0.7108433734939759,0,24,18287405.178571295,220330.18287435296,74169.6428571413,722355.6169828383,346232.9267554461,-89180.72916666763,5323841.07142856,-234125.00000002183,258.89360755797935,3.119200091059992,1.5,9.573622082740556,4.794806907762362,-1.0,67.95876453157311,-1.0,0.32581190944264704,0.0,2.968287760271413,86.29786918599312,470017.8571428843,3.0,9.544168935306278,220330.182874353,3.1192000910599917,20427742.67857132,2140337.5000000233,9,3,6.912650602409639,9.689265536723163,0.08680555555555554,44,28,0.6363636363636364,4.54959612557355,39,31,0.7948717948717948,1.5054199495575171,83,0.7108433734939759,83,0.7108433734939759,,,50,1.0,24,0.0,9,1.0,83.0,0.7108433734939759,,
M5@H1,wick_touch,any,any,any,both,limit,zone,fixed_rr,H4,2.0,1.5,True,0.5,3.0,D1,none,any,until_broken,any,142415,17642,287,287,199,88,0.6933797909407665,0,88,53016403.21428579,184726.14360378325,83223.2142857174,808175.7373024172,313078.4440057429,-105525.08116883018,9609373.214285715,-683339.2857142825,618.2162133582498,2.1540634611785707,1.5,7.6523985923645625,3.548825192755024,-1.0,80.40115045570138,-1.0,0.281488664655793,0.0,4.768720395517473,103.0360355597083,1419892.857142875,6.0,6.709155783270026,184726.1436037832,2.1540634611785703,62302610.357142836,9286207.142857056,11,6,7.545586527293845,10.842964824120603,0.0890151515151515,169,118,0.6982248520710059,2.436799527819359,118,81,0.6864406779661016,1.749127908108289,287,0.6933797909407665,287,0.6933797909407665,,,154,1.0,88,0.0,45,1.0,287.0,0.6933797909407665,,
M5@H1,wick_touch,any,any,any,both,limit,zone,fixed_rr,H4,2.0,1.5,True,0.7,3.0,D1,none,any,until_broken,any,142415,17642,287,287,199,88,0.6933797909407665,0,88,47138613.35714306,164246.03957192705,115987.4999999738,514865.412250782,283541.81155778957,-105525.08116883018,5909045.357142855,-683339.2857142825,574.529728014951,2.0018457422123688,2.0999999999999996,4.8467315884318865,3.3292951156530157,-1.0,49.440690273420834,-1.0,0.41303004007697625,0.0,6.99717261611565,95.75495466915851,1419892.8571428768,6.0,6.076196624948438,164246.03957192705,2.0018457422123697,56424820.50000013,9286207.142857056,11,6,7.545586527293845,10.842964824120603,0.0890151515151515,169,118,0.6982248520710059,2.179239480005228,118,81,0.6864406779661016,1.7477818296107341,287,0.6933797909407665,287,0.6933797909407665,,,154,1.0,88,0.0,45,1.0,287.0,0.6933797909407665,,
M5@H1,wick_touch,any,any,any,both,limit,zone,fixed_rr,H4,2.0,1.5,True,0.5,2.0,D1,none,any,until_broken,any,142415,17642,291,291,205,86,0.7044673539518901,0,86,46356515.71428583,159300.7412862056,56428.57142858702,796794.0427685254,267772.01045296184,-99264.49335548082,9549614.285714287,-448544.6428571595,511.7162133582498,1.7584749599939855,1.0,7.533100062741154,2.9156888456499983,-1.0,79.90115045570138,-1.0,0.23343310793008495,0.0,3.982070519273675,85.2860355597083,736553.5714285932,6.0,6.430232243883542,159300.7412862056,1.7584749599939853,54893262.14285717,8536746.42857135,12,6,7.369988545246277,10.426829268292684,0.08333333333333333,172,121,0.7034883720930233,1.9902274430318116,119,84,0.7058823529411765,1.4235049845107404,291,0.7044673539518901,291,0.7044673539518901,,,158,1.0,86,0.0,47,1.0,291.0,0.7044673539518901,,
M5@H1,wick_touch,against_daily,any,any,both,limit,zone,fixed_rr,H4,2.0,1.5,True,0.5,3.0,D1,none,any,until_broken,any,142415,6480,102,102,74,28,0.7254901960784313,0,28,18116684.642857376,177614.55532213114,76982.1428571413,802043.911339116,289312.67857143114,-117587.6275510187,5764699.999999975,-683339.2857142825,247.22355563683965,2.4237603493807813,1.5,9.28465884632447,3.7192372383356718,-1.0,60.59580421370557,-1.0,0.2610500169686125,0.0,2.636475935534006,49.44471112736793,1131883.9285714421,5.0,6.5024875066034555,177614.55532213117,2.4237603493807813,21409138.214285903,3292453.5714285234,11,5,9.426470588235293,12.95608108108108,0.09821428571428571,41,32,0.7804878048780488,2.3448350071730206,61,42,0.6885245901639344,2.476808530208948,102,0.7254901960784313,102,0.7254901960784313,,,68,1.0,28,0.0,6,1.0,102.0,0.7254901960784313,,
M5@H1,wick_touch,with_daily,any,any,both,limit,zone,fixed_rr,H4,2.0,1.5,True,0.5,3.0,D1,none,any,until_broken,any,142415,6059,153,153,94,59,0.6143790849673203,0,59,22743281.964285705,148648.90172735756,83008.92857143481,438200.26532768307,300908.01481762796,-93933.41404358181,2735984.6428571655,-288008.9285714348,276.50504232468137,1.807222498854127,1.5,5.144989947476959,3.5692025779221423,-1.0,38.23485915491494,-1.0,0.35125870357440975,0.0,4.344830210264445,69.12626058117034,534553.5714285485,4.0,5.103751143847784,148648.90172735756,1.8072224988541268,28285353.39285703,5542071.428571327,11,4,2.5985838779956425,4.176418439716312,0.0847457627118644,102,61,0.5980392156862745,1.6003189427620461,51,33,0.6470588235294118,2.2210296110382886,153,0.6143790849673203,153,0.6143790849673203,,,68,1.0,59,0.0,26,1.0,153.0,0.6143790849673203,,
M5@H1,wick_touch,any,any,any,both,limit,zone,fixed_rr,H4,2.0,1.5,True,0.5,3.0,D1,none,any,until_broken,4-10,142415,3124,85,85,61,24,0.7176470588235294,0,24,13156761.428571353,154785.42857142768,77758.92857145664,505985.93708856247,250772.1135831373,-89180.72916666763,3885400.0000000447,-234125.00000002183,184.5940648236065,2.171694880277723,1.5,6.809270503562827,3.419574833173877,-1.0,57.138235294093846,-1.0,0.3189320910575404,0.0,2.940408592362377,61.53135494120216,470017.8571428843,3.0,7.147049906181249,154785.42857142768,2.1716948802777236,15297098.928571375,2140337.5000000233,10,3,3.372549019607843,4.665300546448087,0.08680555555555554,46,30,0.6521739130434783,2.638754060670941,39,31,0.7948717948717948,1.6208045649421325,85,0.7176470588235294,85,0.7176470588235294,,,45,1.0,24,0.0,16,1.0,85.0,0.7176470588235294,,
M15@H1,wick_touch,any,any,any,both,limit,zone,fixed_rr,H4,2.0,1.5,True,0.5,3.0,H4,none,any,until_broken,any,155488,28174,995,995,607,388,0.6100502512562814,0,388,239049364.1071431,240250.61719310866,80973.21428572286,730455.1728987722,459851.9942927758,-103301.02172312314,6969601.7857142575,-730000.0,2641.1134149788536,2.6543853416872896,1.5,7.5300383659157735,4.990302166357255,-1.0,104.3555555555972,-1.0,0.3525062174586243,0.0,11.119322379545078,293.4570461087615,2014892.8571428359,9.0,6.96418697750067,240250.61719310872,2.65438534168729,279130160.5357149,40080796.428571776,12,7,8.806030150753768,14.242586490939045,0.3009020618556701,527,315,0.5977229601518027,2.343164146818757,468,292,0.6239316239316239,3.0048416871909587,995,0.6100502512562814,995,0.6100502512562814,,,464,1.0,388,0.0,143,1.0,995.0,0.6100502512562814,,
M15@H1,wick_touch,any,any,any,both,limit,zone,fixed_rr,H4,2.0,1.5,True,0.7,3.0,H4,none,any,until_broken,any,155488,28174,995,995,607,388,0.6100502512562814,0,388,196357256.32142907,197343.9762024413,112837.49999998143,489513.5727849075,389519.03253706894,-103301.02172312314,4411239.642857094,-730000.0,2157.868048987288,2.1687116070224244,2.0999999999999996,4.874519883581518,4.194181299814353,-1.0,63.81333333335833,-1.0,0.44490773631412067,0.0,14.03400083237116,308.26686414104114,2014892.8571428359,7.0,5.899035793147436,197343.9762024413,2.1687116070224244,236438052.75000083,40080796.428571776,12,7,8.806030150753768,14.242586490939045,0.3009020618556701,527,315,0.5977229601518027,1.9622552243341442,468,292,0.6239316239316239,2.401195610605175,995,0.6100502512562814,995,0.6100502512562814,,,464,1.0,388,0.0,143,1.0,995.0,0.6100502512562814,,
M15@H1,wick_touch,any,any,any,both,limit,zone,fixed_rr,H4,2.0,1.5,True,0.5,2.0,H4,none,any,until_broken,any,155488,28174,999,999,641,358,0.6416416416416416,0,358,216046866.7857144,216263.12991563,59589.285714282596,713100.9797678529,394697.60251838714,-103224.29169992107,6873985.7142857,-730000.0,2391.1134149788536,2.393506921900754,1.0,7.405249298262847,4.288788478906167,-1.0,103.8555555555972,-1.0,0.3232176022031064,0.0,10.215926230917665,265.67926833098375,2014892.8571428359,9.0,6.846326074785574,216263.12991563004,2.393506921900754,253001163.21428615,36954296.428571746,14,6,8.763763763763764,13.508970358814352,0.2674581005586592,528,327,0.6193181818181818,2.0707339116922063,471,314,0.6666666666666666,2.7553416339816748,999,0.6416416416416416,999,0.6416416416416416,,,498,1.0,358,0.0,143,1.0,999.0,0.6416416416416416,,
M15@H1,wick_touch,against_daily,any,any,both,limit,zone,fixed_rr,H4,2.0,1.5,True,0.5,3.0,H4,none,any,until_broken,any,155488,11096,444,444,266,178,0.5990990990990991,0,178,107890531.25000009,242996.6920045047,72822.32142856628,763041.6625344363,472406.2802094528,-99828.87239165351,6604294.642857139,-730000.0,1249.3721208939771,2.8139011731846337,1.5,8.635510747283265,5.366060604864576,-1.0,104.3555555555972,-1.0,0.3258523155761098,0.0,6.866134342950391,208.22868681566285,2014892.8571428359,6.0,7.071656080399216,242996.69200450473,2.8139011731846333,125660070.53571445,17769539.285714325,9,5,9.441441441441441,15.563909774436091,0.29213483146067415,207,118,0.5700483091787439,2.1898747772018448,237,148,0.6244725738396625,3.3589368861316267,444,0.5990990990990991,444,0.5990990990990991,,,211,1.0,178,0.0,55,1.0,444.0,0.5990990990990991,,
M15@H1,wick_touch,with_daily,any,any,both,limit,zone,fixed_rr,H4,2.0,1.5,True,0.5,3.0,H4,none,any,until_broken,any,155488,9749,483,483,291,192,0.6024844720496895,0,192,95538306.9642857,197801.87777284824,79955.35714285325,525207.218582681,392363.6223613167,-97080.76636904925,4224718.392857175,-335160.71428573923,1044.5208444713164,2.1625690361724983,1.5,5.573097041019841,4.249212523956414,-1.0,42.930188679237446,-1.0,0.3880372116715847,0.0,8.527995069242099,104.45208444713164,1424794.642857112,10.0,6.125581177230612,197801.87777284827,2.1625690361724983,114177814.10714316,18639507.142857455,9,9,5.2893374741200825,8.5713058419244,0.3151041666666667,263,155,0.5893536121673004,2.0302507709233564,220,136,0.6181818181818182,2.3207495078112452,483,0.6024844720496895,483,0.6024844720496895,,,214,1.0,192,0.0,77,1.0,483.0,0.6024844720496895,,
M15@H1,wick_touch,any,any,any,both,limit,zone,fixed_rr,H4,2.0,1.5,True,0.5,3.0,H4,none,any,until_broken,4-10,155488,7781,468,468,305,163,0.6517094017094017,0,163,133370517.8571429,284979.7390109891,90310.71428572887,835209.6345093165,496876.0011709605,-111513.266871166,6969601.7857142575,-730000.0,1444.669358776664,3.0869003392663754,1.5,7.628102304581645,5.271047077956275,-1.0,55.83875671527716,-1.0,0.40467474294521444,0.0,8.75445321344508,288.9338717553328,2014892.8571428359,5.0,8.337459110391828,284979.7390109891,3.0869003392663754,151547180.35714296,18176662.500000056,11,5,9.750534188034187,14.802459016393442,0.29754601226993865,255,154,0.6039215686274509,2.523829797631171,213,151,0.7089201877934272,3.76099887502683,468,0.6517094017094017,468,0.6517094017094017,,,226,1.0,163,0.0,79,1.0,468.0,0.6517094017094017,,
M15@H1,wick_touch,any,any,any,both,limit,zone,fixed_rr,H4,2.0,1.5,True,0.5,3.0,D1,none,any,until_broken,any,155488,28174,905,905,556,349,0.6143646408839779,0,349,196551092.5000003,217183.52762430973,80571.42857140207,832198.2097800549,419297.6612281614,-104809.18952108157,9702601.78571425,-730000.0,2072.5598906815117,2.290121426167416,1.5,8.134739411842757,4.355323544391208,-1.0,105.75555555559768,-1.0,0.2815236371104156,0.0,8.469136922848081,276.3413187575349,2014892.8571428359,7.5,6.373418578134562,217183.5276243097,2.290121426167416,233129499.64285776,36578407.14285747,13,7,11.956906077348066,19.269784172661872,0.30659025787965616,479,290,0.605427974947808,1.9604712183255628,426,266,0.6244131455399061,2.6607844532947587,905,0.6143646408839779,905,0.6143646408839779,,,442,1.0,349,0.0,114,1.0,905.0,0.6143646408839779,,
M15@H1,wick_touch,any,any,any,both,limit,zone,fixed_rr,H4,2.0,1.5,True,0.7,3.0,D1,none,any,until_broken,any,155488,28174,905,905,556,349,0.6143646408839779,0,349,166930850.5000005,184453.97845303922,111187.50000000546,545267.8780260267,366023.84468139923,-104809.18952108157,6051039.64285709,-730000.0,1771.1359344088905,1.9570562811148142,2.0999999999999996,5.183491951519875,3.8131941266347247,-1.0,64.65333333335862,-1.0,0.3775555743924666,0.0,11.358086618709905,253.01941920127007,2014892.8571428359,7.0,5.56364460726925,184453.97845303925,1.9570562811148142,203509257.64285797,36578407.14285747,13,7,11.956906077348066,19.269784172661872,0.30659025787965616,479,290,0.605427974947808,1.7449674909118364,426,266,0.6244131455399061,2.1955317048407146,905,0.6143646408839779,905,0.6143646408839779,,,442,1.0,349,0.0,114,1.0,905.0,0.6143646408839779,,
M15@H1,wick_touch,any,any,any,both,limit,zone,fixed_rr,H4,2.0,1.5,True,0.5,2.0,D1,none,any,until_broken,any,155488,28174,913,913,591,322,0.6473165388828039,0,322,173785665.71428585,190345.74557972164,59107.14285713766,814427.7302203573,351374.0959632591,-105206.28881987679,9606985.714285692,-730000.0,1830.5598906815114,2.004994403813266,1.0,8.009135018513959,3.6422333175660095,-1.0,105.25555555559768,-1.0,0.2503384446857882,0.0,7.564198872218365,203.3955434090568,2014892.8571428359,9.0,6.129988353679119,190345.74557972158,2.0049944038132654,207662090.71428615,33876425.00000033,18,6,11.841456736035049,18.148054145516074,0.266304347826087,483,305,0.6314699792960663,1.6574859494367384,430,286,0.6651162790697674,2.395335295589691,913,0.6473165388828039,913,0.6473165388828039,,,474,1.0,322,0.0,117,1.0,913.0,0.6473165388828039,,
M15@H1,wick_touch,against_daily,any,any,both,limit,zone,fixed_rr,H4,2.0,1.5,True,0.5,3.0,D1,none,any,until_broken,any,155488,11096,413,413,245,168,0.5932203389830508,0,168,105310183.9285714,254988.33881010025,68196.42857144572,947580.5022312923,498896.9023323616,-100711.64965986426,7928519.642857118,-730000.0,1116.9269452088172,2.704423596147257,1.5,9.905020408296183,5.24459977636252,-1.0,105.75555555559768,-1.0,0.2730356409848589,0.0,5.548739901583896,186.1544908681362,2014892.8571428359,6.0,7.224169051199395,254988.33881010022,2.704423596147257,122229741.0714286,16919557.142857194,11,5,14.523002421307506,24.28061224489796,0.2931547619047619,191,107,0.5602094240837696,1.9350099618990744,222,138,0.6216216216216216,3.3663965877751982,413,0.5932203389830508,413,0.5932203389830508,,,215,1.0,168,0.0,30,1.0,413.0,0.5932203389830508,,
M15@H1,wick_touch,with_daily,any,any,both,limit,zone,fixed_rr,H4,2.0,1.5,True,0.5,3.0,D1,none,any,until_broken,any,155488,9749,448,448,271,177,0.6049107142857143,0,177,89414845.89285696,199586.70958226998,76205.35714286688,640633.6479525141,394749.86623616295,-99222.41727199548,5512190.178571436,-335160.71428573923,941.2584116182328,2.10102324021927,1.5,6.8097928191712676,4.126414803019309,-1.0,66.49619706136716,-1.0,0.3085296859993104,0.0,6.530342569880176,94.12584116182327,1424794.6428571092,10.0,6.09127508432691,199586.70958227,2.10102324021927,106977213.75000016,17562367.8571432,10,9,8.681361607142858,14.142988929889299,0.3192090395480226,249,151,0.606425702811245,1.9415180671348509,199,120,0.6030150753768844,2.3006050899580655,448,0.6049107142857143,448,0.6049107142857143,,,200,1.0,177,0.0,71,1.0,448.0,0.6049107142857143,,
M15@H1,wick_touch,any,any,any,both,limit,zone,fixed_rr,H4,2.0,1.5,True,0.5,3.0,D1,none,any,until_broken,4-10,155488,7781,442,442,290,152,0.6561085972850679,0,152,125130111.96428582,283099.80082417605,87100.4464285761,1029449.5321619791,490681.4082512321,-112944.05545112831,9702601.78571425,-730000.0,1300.6671365122959,2.9426858292133398,1.5,8.718021619275081,5.009197022456194,-1.0,50.737295732568384,-1.0,0.33754055194210786,0.0,7.096383719809634,260.13342730245915,2014892.8571428359,5.0,8.288780427880818,283099.80082417605,2.9426858292133398,142297608.3928573,17167496.428571504,11,5,15.039592760180996,22.75862068965517,0.3125,239,146,0.6108786610878661,2.505137874710461,203,144,0.7093596059113301,3.4578284948595854,442,0.6561085972850679,442,0.6561085972850679,,,223,1.0,152,0.0,67,1.0,442.0,0.6561085972850679,,
H1@H4,wick_touch,any,any,any,both,limit,zone,fixed_rr,H4,2.0,1.5,True,0.5,3.0,D1,none,any,until_broken,any,73122,14259,618,618,392,226,0.6343042071197411,0,226,199671983.39285767,323093.8242602875,84294.64285713038,1004761.2991508617,570369.641490526,-105809.36314791387,12184635.714285722,-388723.2142857101,1709.4648589728884,2.7661243672700464,1.5,7.588363244261224,4.937410354522676,-1.0,90.2313929313821,-1.0,0.3645218709531276,0.0,9.061870013477252,179.9436693655672,1261178.5714285634,9.5,9.349963793475961,323093.8242602875,2.766124367270047,223584899.4642862,23912916.071428534,15,8,27.464401294498384,41.37244897959184,3.34070796460177,370,234,0.6324324324324324,2.765751372181,248,158,0.6370967741935484,2.766680851878704,618,0.6343042071197411,618,0.6343042071197411,,,261,1.0,226,0.0,131,1.0,,,618.0,0.6343042071197411
H1@H4,wick_touch,any,any,any,both,limit,zone,fixed_rr,H4,2.0,1.5,True,0.7,3.0,D1,none,any,until_broken,any,73122,14259,618,618,392,226,0.6343042071197411,0,226,167063997.89285785,270330.09367776354,111674.99999999836,673829.9701868043,487186.00501093466,-105809.36314791387,7931352.857142869,-388723.2142857101,1405.6789153837294,2.2745613517536136,2.0999999999999996,4.89626138453436,4.162446212713605,-1.0,55.33883575882926,-1.0,0.4645506383581127,0.0,11.548545738755973,175.70986442296618,1261178.5714285634,8.0,7.986349861883558,270330.0936777635,2.2745613517536136,190976913.9642864,23912916.071428534,15,8,27.464401294498384,41.37244897959184,3.34070796460177,370,234,0.6324324324324324,2.271342715200498,248,158,0.6370967741935484,2.2793633498369044,618,0.6343042071197411,618,0.6343042071197411,,,261,1.0,226,0.0,131,1.0,,,618.0,0.6343042071197411
H1@H4,wick_touch,any,any,any,both,limit,zone,fixed_rr,H4,2.0,1.5,True,0.5,2.0,D1,none,any,until_broken,any,73122,14259,620,620,401,219,0.646774193548387,0,219,175481484.2857147,283034.6520737334,60232.14285713948,980713.786110501,495003.58567866136,-105091.11219830366,11926064.285714291,-388723.2142857101,1498.9648589728884,2.4176852564078857,1.0,7.482475131456235,4.284201643323913,-1.0,89.7313929313821,-1.0,0.3231130359851069,0.0,8.045449713631802,166.5516509969876,1261178.5714285634,9.0,8.62467253045268,283034.6520737334,2.4176852564078857,198496437.8571432,23014953.5714285,24,8,26.975806451612904,40.261845386533665,2.6484018264840183,372,239,0.6424731182795699,2.383946257276801,248,162,0.6532258064516129,2.4682937551045105,620,0.646774193548387,620,0.646774193548387,,,267,1.0,219,0.0,134,1.0,,,620.0,0.646774193548387
H1@H4,wick_touch,against_daily,any,any,both,limit,zone,fixed_rr,H4,2.0,1.5,True,0.5,3.0,D1,none,any,until_broken,any,73122,6069,260,260,167,93,0.6423076923076924,0,93,103365376.25000039,397559.1394230784,106058.03571429077,1147943.8355191448,683124.0344311395,-115229.43548386991,12184635.714285722,-344053.571428567,785.8701253512992,3.0225774051973042,1.5,7.481606438813087,5.262695361385024,-1.0,40.548951048949085,-1.0,0.40400112327705096,0.0,6.514322372923443,157.17402507025983,716571.4285714237,5.0,10.645587986567365,397559.1394230785,3.0225774051973042,114081713.7500003,10716337.499999901,13,5,32.292307692307695,48.874251497005986,2.5161290322580645,156,105,0.6730769230769231,2.9622362943313765,104,62,0.5961538461538461,3.113089071496196,260,0.6423076923076924,260,0.6423076923076924,,,127,1.0,93,0.0,40,1.0,,,260.0,0.6423076923076924
H1@H4,wick_touch,with_daily,any,any,both,limit,zone,fixed_rr,H4,2.0,1.5,True,0.5,3.0,D1,none,any,until_broken,any,73122,3955,215,215,124,91,0.5767441860465117,0,91,47539545.892857105,221114.1669435214,54053.571428576106,796814.4909666311,453440.79349078354,-95462.77472527523,8108058.928571426,-395696.42857142753,536.487635192591,2.495291326477167,1.5,7.520753577306745,5.06038415477896,-1.0,58.38591065292384,-1.0,0.33178740678414237,0.0,4.864958366689008,46.65109871239922,1026892.857142888,11.5,6.472422038146376,221114.16694352147,2.495291326477168,56226658.39285716,8687112.500000047,11,9,21.6,36.61290322580645,1.1428571428571428,121,64,0.5289256198347108,2.778302267310081,94,60,0.6382978723404256,2.130990009022033,215,0.5767441860465117,215,0.5767441860465117,,,77,1.0,91,0.0,47,1.0,,,215.0,0.5767441860465117
H1@H4,wick_touch,any,any,any,both,limit,zone,fixed_rr,H4,2.0,1.5,True,0.5,3.0,D1,none,any,until_broken,4-10,73122,4093,291,291,181,110,0.6219931271477663,0,110,100198257.5000004,344323.90893470927,93589.28571428805,1165604.3440436036,624947.2099447532,-117428.97727272639,12184635.714285722,-395696.42857142753,774.123261295975,2.6602173927696726,1.5,7.300840455181333,4.884658902187706,-1.0,58.38591065292384,-1.0,0.36437139108850725,0.0,6.215710305133131,140.74968387199544,832357.1428571269,5.5,8.756971670497249,344323.9089347094,2.6602173927696726,113115445.00000033,12917187.499999903,13,5,25.95189003436426,39.0828729281768,4.345454545454546,183,118,0.644808743169399,2.5319088585213607,108,63,0.5833333333333334,2.877629075801534,291,0.6219931271477663,291,0.6219931271477663,,,117,1.0,110,0.0,64,1.0,,,291.0,0.6219931271477663
