tf_pair,touch_type,bias_filter,zone_role_filter,age_filter,direction,entry_mode,sl_mode,tp_mode,tp_htf,fixed_rr,sl_atr_mult,partial_tp,partial_unit1_pct,partial_unit1_rr,partial_unit2_tp,cascade_filter,session_filter,touch_policy,retest_number_filter,total_candidates,passed_filters,num_trades,total_trades,wins,losses,win_rate,tp_hits,sl_hits,total_pnl_pips,avg_pnl_pips,median_pnl_pips,std_pnl_pips,avg_win_pips,avg_loss_pips,largest_win_pips,largest_loss_pips,total_r,avg_r,median_r,std_r,avg_win_r,avg_loss_r,largest_win_r,largest_loss_r,sharpe,sortino,sqn,calmar,max_dd_pips,max_dd_r,profit_factor,expectancy_pips,expectancy_r,gross_profit_pips,gross_loss_pips,max_win_streak,max_loss_streak,avg_hold_hours,avg_win_hold_hours,avg_loss_hold_hours,long_trades,long_wins,long_win_rate,long_avg_r,short_trades,short_wins,short_win_rate,short_avg_r,signal_type_wick_touch_n,signal_type_wick_touch_wr,struct_cls_none_n,struct_cls_none_wr,zone_tf_m15_n,zone_tf_m15_wr,exit_reason_sl_hit_n,exit_reason_sl_hit_wr,exit_reason_tp_hit_n,exit_reason_tp_hit_wr,zone_tf_h1_n,zone_tf_h1_wr,zone_tf_h4_n,zone_tf_h4_wr
M5@M15,wick_touch,any,any,any,both,limit,zone,htf_zone,H1,2.0,1.5,False,0.5,3.0,H1,none,any,until_broken,any,180860,36656,1246,1246,156,1090,0.12520064205457465,156,1090,3694.339285714334,2.964959298326111,-0.8339285714287215,16.0273800519865,31.401304945055063,-1.1048296199213357,331.3928571428559,-5.964285714286088,3301.0138313977923,2.649288789243815,-1.0,11.782380811998829,28.147524560242264,-1.0,187.4545454544435,-1.0,0.2248517368022817,0.0,7.93697966575329,67.36762921219984,67.19821428571004,49.0,4.067714728020188,2.9649592983261113,2.6492887892438146,4898.60357142859,1204.264285714256,4,49,2.325040128410915,7.202457264957265,1.626987767584098,686,90,0.13119533527696792,2.7605826187939195,560,66,0.11785714285714285,2.5129538480449365,1246,0.12520064205457465,1246,0.12520064205457465,1246.0,0.12520064205457465,1090,0.0,156.0,1.0,,,,
M5@M15,wick_touch,with_daily,any,any,both,limit,zone,htf_zone,H1,2.0,1.5,False,0.5,3.0,H1,none,any,until_broken,any,180860,13644,587,587,89,498,0.151618398637138,89,498,2273.6742857142954,3.873380384521798,-0.8053571428567885,19.610020417369935,31.772182985553822,-1.1125502008032024,331.3928571428559,-5.857142857141895,1980.800119352341,3.3744465406343123,-1.0,13.79231794416698,27.85168673429597,-1.0,187.4545454544435,-1.0,0.24466130742450196,0.0,5.927674433607275,66.02667064507803,43.578928571428264,30.0,5.103734835690491,3.8733803845217984,3.3744465406343127,2827.72428571429,554.0499999999948,4,30,2.4808347529812607,6.052434456928839,1.8425368139223561,331,58,0.17522658610271905,3.789995284012179,256,31,0.12109375,2.8371550013449616,587,0.151618398637138,587,0.151618398637138,587.0,0.151618398637138,498,0.0,89.0,1.0,,,,
M5@M15,wick_touch,against_daily,any,any,both,limit,zone,htf_zone,H1,2.0,1.5,False,0.5,3.0,H1,none,any,until_broken,any,180860,14055,570,570,67,503,0.11754385964912281,67,503,1586.0271428571782,2.7825037593985584,-0.778571428570185,12.837891137002472,31.290597014925567,-1.0147969326895314,131.9842857142861,-5.83928571428638,1310.4218783018498,2.2989857514067538,-1.0,9.938045015095696,27.065998183609697,-1.0,57.715308150974415,-1.0,0.23133179090199726,0.0,5.522970809690874,42.271673493608056,31.2492857142895,31.0,4.107159049565013,2.7825037593985593,2.298985751406754,2096.470000000013,510.4428571428343,3,31,1.9596491228070176,7.713930348258707,1.1931742876076872,254,30,0.11811023622047244,2.672101180752055,316,37,0.11708860759493671,1.9990765138950244,570,0.11754385964912281,570,0.11754385964912281,570.0,0.11754385964912281,503,0.0,67.0,1.0,,,,
M5@M15,wick_touch,any,any,any,both,limit,zone,htf_zone,H1,2.0,1.5,False,0.5,3.0,H1,none,any,until_broken,4-10,180860,9756,637,637,96,541,0.15070643642072212,96,541,2344.30000000003,3.6802197802198275,-0.832142857143392,17.98344564089053,30.866406250000228,-1.143946395563756,331.3928571428559,-5.964285714286088,2109.9821532819374,3.3123738670046126,-1.0,13.038373443617148,27.61439743002019,-1.0,187.4545454544435,-1.0,0.2540480897658414,0.0,6.411883898590937,70.33273844273124,31.741071428565874,30.0,4.788002423752874,3.6802197802198267,3.312373867004612,2963.175000000022,618.874999999992,3,30,2.5741758241758244,8.276041666666666,1.5623844731977818,347,55,0.1585014409221902,3.5068360096478792,290,41,0.1413793103448276,3.079689854945258,637,0.15070643642072212,637,0.15070643642072212,637.0,0.15070643642072212,541,0.0,96.0,1.0,,,,
M5@M15,wick_touch,any,any,any,both,limit,zone,htf_zone,H4,2.0,1.5,False,0.5,3.0,H1,none,any,until_broken,any,180860,36656,1006,1006,93,913,0.09244532803180915,93,913,2713.818571428592,2.6976327747799123,-0.8446428571429188,18.352835061185875,39.961797235023134,-1.0981693005789253,331.3928571428559,-5.964285714286088,2528.2167268295193,2.5131378994329214,-1.0,15.780299549746413,37.00233039601633,-1.0,197.26101694904662,-1.0,0.15925793369830596,0.0,5.051263998498706,38.10853723866299,138.0328571428447,66.34252873564822,3.7067038071355847,2.697632774779913,2.5131378994329214,3716.4471428571514,1002.6285714285588,4,51,3.9729953611663356,15.093189964157707,2.840270171595473,562,49,0.08718861209964412,2.6107908400732933,444,44,0.0990990990990991,2.389532150243982,1006,0.09244532803180915,1006,0.09244532803180915,1006.0,0.09244532803180915,913,0.0,93.0,1.0,,,,
M5@M15,wick_touch,with_daily,any,any,both,limit,zone,htf_zone,H4,2.0,1.5,False,0.5,3.0,H1,none,any,until_broken,any,180860,13644,538,538,74,464,0.137546468401487,74,464,2286.6739285714343,4.2503232873074985,-0.8232142857145242,22.616524843776038,38.00198841698843,-1.132485375615754,331.3928571428559,-5.857142857141895,1998.051865245517,3.713851050642226,-1.0,16.814128161215322,33.27097115196646,-1.0,187.4545454544435,-1.0,0.22087681353642005,0.0,5.123199480383848,44.40115256101149,57.28749999999843,45.0,5.351646984860632,4.2503232873074985,3.7138510506422264,2812.147142857144,525.4732142857099,4,45,4.313351920693928,13.277027027027026,2.8838002873563218,287,40,0.13937282229965156,4.693473026091497,251,34,0.13545816733067728,2.593725524929314,538,0.137546468401487,538,0.137546468401487,538.0,0.137546468401487,464,0.0,74.0,1.0,,,,
M5@M15,wick_touch,against_daily,any,any,both,limit,zone,htf_zone,H4,2.0,1.5,False,0.5,3.0,H1,none,any,until_broken,any,180860,14055,479,479,27,452,0.05636743215031315,27,452,927.291428571435,1.93589024753953,-0.8142857142856563,13.596682962477118,51.6939947089949,-1.0363859039190872,108.5242857142865,-5.83928571428638,871.8439371566191,1.820133480493985,-1.0,14.772205004072415,49.03125693172662,-1.0,197.26101694904662,-1.0,0.12321339163599537,0.0,2.6966567452635197,14.424588901432159,47.30892857142561,60.44151019583353,2.9795036785728084,1.93589024753953,1.8201334804939848,1395.7378571428624,468.4464285714274,3,43,4.387091162143354,22.76234567901235,3.2894542772861355,209,12,0.05741626794258373,2.199066373055407,270,15,0.05555555555555555,1.5268113525482923,479,0.05636743215031315,479,0.05636743215031315,479.0,0.05636743215031315,452,0.0,27.0,1.0,,,,
M5@M15,wick_touch,any,any,any,both,limit,zone,htf_zone,H4,2.0,1.5,False,0.5,3.0,H1,none,any,until_broken,4-10,180860,9756,577,577,63,514,0.10918544194107452,63,514,2028.3139285714544,3.5152754394652588,-0.8446428571429188,19.98290028195513,41.41816326530644,-1.1304092551417335,331.3928571428559,-5.964285714286088,1857.535437976956,3.2192988526463715,-1.0,15.928922328890934,37.64341965042789,-1.0,187.4545454544435,-1.0,0.20210399587468628,0.0,4.8547045750172355,44.22703423754657,47.86214285714027,42.0,4.490891488949823,3.5152754394652588,3.219298852646372,2609.344285714306,581.030357142851,4,42,3.945984979780474,12.321428571428571,2.9194228274967573,323,38,0.11764705882352941,3.954241484967552,254,25,0.0984251968503937,2.284706450127706,577,0.10918544194107452,577,0.10918544194107452,577.0,0.10918544194107452,514,0.0,63.0,1.0,,,,
M5@M15,wick_touch,any,any,any,both,limit,zone,htf_zone,D1,2.0,1.5,False,0.5,3.0,H1,none,any,until_broken,any,180860,36656,790,790,113,677,0.14303797468354432,113,677,1066.296785714278,1.3497427667269342,-0.8133928571429916,17.96655999080812,16.235606826801448,-1.1348992403460654,387.49285714285486,-5.964285714286088,876.2585301402115,1.1091880128357108,-1.0,13.598330729069245,13.745650709205409,-1.0,219.18787878775908,-1.0,0.081567953812492,0.0,2.292625473214911,9.973439156162735,108.91857142855582,87.85921450162539,2.3878167539388584,1.3497427667269333,1.1091880128357103,1834.6235714285638,768.3267857142862,7,70,7.094936708860759,8.03834808259587,6.937469226981783,409,35,0.08557457212713937,1.3049997756798695,381,78,0.2047244094488189,0.8989858842182279,790,0.14303797468354432,790,0.14303797468354432,790.0,0.14303797468354432,677,0.0,113.0,1.0,,,,
M5@M15,wick_touch,with_daily,any,any,both,limit,zone,htf_zone,D1,2.0,1.5,False,0.5,3.0,H1,none,any,until_broken,any,180860,13644,481,481,76,405,0.158004158004158,76,405,1317.7114285714397,2.7395247995248226,-0.8053571428567885,24.227549938535677,23.415469924812125,-1.1404056437389676,387.49285714285486,-5.857142857141895,1434.8695410006424,2.9830967588370942,-1.0,25.991875581869742,24.208809750008456,-1.0,412.815017064457,-1.0,0.11477035389157951,0.0,2.517110370580446,25.173149842116533,73.67928571428081,57.0,3.853027327136962,2.739524799524823,2.983096758837095,1779.5757142857215,461.86428571428183,8,57,7.509009009009009,10.888157894736842,6.874897119341564,252,28,0.1111111111111111,2.853852848214991,229,48,0.2096069868995633,3.1253214989103264,481,0.158004158004158,481,0.158004158004158,481.0,0.158004158004158,405,0.0,76.0,1.0,,,,
M5@M15,wick_touch,against_daily,any,any,both,limit,zone,htf_zone,D1,2.0,1.5,False,0.5,3.0,H1,none,any,until_broken,any,180860,14055,456,456,29,427,0.06359649122807018,29,427,393.39749999999884,0.8627138157894712,-0.8187500000000902,13.595663863864077,28.74997536945817,-1.0312688190030166,157.2035714285702,-5.83928571428638,246.4574497375362,0.540476863459509,-1.0,12.784969501471593,23.222670680604693,-1.0,212.13012048187565,-1.0,0.042274395992677044,0.0,0.9027340681423434,2.156040161832813,92.02571428570181,114.31023136787346,1.8933709655835156,0.8627138157894713,0.5404768634595092,833.7492857142869,440.35178571428804,3,64,6.552448830409356,30.376436781609193,4.934426229508197,192,8,0.041666666666666664,1.4601730671401965,264,21,0.07954545454545454,-0.12839310285371797,456,0.06359649122807018,456,0.06359649122807018,456.0,0.06359649122807018,427,0.0,29.0,1.0,,,,
M5@M15,wick_touch,any,any,any,both,limit,zone,htf_zone,D1,2.0,1.5,False,0.5,3.0,H1,none,any,until_broken,4-10,180860,9756,472,472,76,396,0.16101694915254236,76,396,1493.3978571428418,3.163978510895851,-0.8107142857138872,24.43863847132682,25.52525375939848,-1.1275793650794004,387.49285714285486,-5.964285714286088,1305.6611138432063,2.7662311733966236,-1.0,20.192807520452764,22.390277813726396,-1.0,219.18787878775908,-1.0,0.1369909147400519,0.0,2.9762044722198158,27.780023698791624,83.96428571429306,47.0,4.344515540767382,3.1639785108958516,2.7662311733966227,1939.9192857142846,446.5214285714425,6,46,8.37552966101695,15.207236842105264,7.0643939393939394,254,28,0.11023622047244094,2.7943585272759885,218,48,0.22018348623853212,2.7334589353903898,472,0.16101694915254236,472,0.16101694915254236,472.0,0.16101694915254236,396,0.0,76.0,1.0,,,,
M5@H1,wick_touch,any,any,any,both,limit,zone,htf_zone,H4,2.0,1.5,False,0.5,3.0,H1,none,any,until_broken,any,140679,16893,244,244,27,217,0.11065573770491803,27,217,1139.430714285705,4.669798009367644,-1.0250000000011639,19.919439965371154,53.12005291005263,-1.3585747202106724,135.57285714285604,-7.973214285714736,924.686194597066,3.789697518840435,-1.0,15.703847792167108,42.2846738739654,-1.0,119.02168674695929,-1.0,0.24132286360612148,0.0,3.769583634537152,25.685727627696277,78.98035714285047,36.0,4.864956933625639,4.669798009367644,3.789697518840434,1434.241428571421,294.8107142857159,4,36,7.875341530054644,31.25617283950617,4.96620583717358,145,21,0.14482758620689656,5.2054495534871075,99,6,0.06060606060606061,1.7161213064791443,244,0.11065573770491803,244,0.11065573770491803,,,217,0.0,27.0,1.0,244.0,0.11065573770491803,,
M5@H1,wick_touch,with_daily,any,any,both,limit,zone,htf_zone,H4,2.0,1.5,False,0.5,3.0,H1,none,any,until_broken,any,140679,5765,119,119,15,104,0.12605042016806722,15,104,650.4314285714231,5.465810324129606,-1.3071428571431731,22.253604191667534,54.38352380952353,-1.5896291208791344,135.57285714285604,-7.973214285714736,491.3889987356737,4.129319317106502,-1.0,15.865074723917374,39.692599915711575,-1.0,92.20046189377524,-1.0,0.26027733174690637,0.0,2.839290481992536,17.54960709770263,68.46249999999941,28.0,4.934344350831646,5.465810324129604,4.129319317106502,815.7528571428529,165.32142857142998,3,28,5.111344537815126,18.9,3.1225961538461537,68,8,0.11764705882352941,3.345705362564164,51,7,0.13725490196078433,5.174137923162951,119,0.12605042016806722,119,0.12605042016806722,,,104,0.0,15.0,1.0,119.0,0.12605042016806722,,
M5@H1,wick_touch,against_daily,any,any,both,limit,zone,htf_zone,H4,2.0,1.5,False,0.5,3.0,H1,none,any,until_broken,any,140679,6796,102,102,11,91,0.10784313725490197,11,91,508.63178571428415,4.986586134453766,-0.911607142857207,20.10831891406739,55.88259740259733,-1.1656789638932568,110.02428571428524,-3.617857142856895,389.47483525117957,3.818380737756662,-1.0,17.09676472208083,43.67953047737996,-1.0,119.02168674695929,-1.0,0.2233393744270893,0.0,2.255617114957085,16.93368848918172,19.642857142860862,23.0,5.7949396495126075,4.986586134453767,3.8183807377566628,614.7085714285706,106.07678571428637,3,23,10.06045751633987,40.12121212121212,6.426739926739926,56,7,0.125,6.296051238575148,46,4,0.08695652173913043,0.8020862150211137,102,0.10784313725490197,102,0.10784313725490197,,,91,0.0,11.0,1.0,102.0,0.10784313725490197,,
M5@H1,wick_touch,any,any,any,both,limit,zone,htf_zone,H4,2.0,1.5,False,0.5,3.0,H1,none,any,until_broken,4-10,140679,2491,64,64,8,56,0.125,8,56,403.9578571428537,6.311841517857089,-0.9732142857155068,21.231350746093153,59.42151785714222,-1.2752551020407874,88.20357142857115,-4.312499999998831,327.026693755425,5.109792089928515,-1.0,19.683621627052666,47.87833671942813,-1.0,119.02168674695929,-1.0,0.2595961346313296,0.0,2.0767690770506366,18.16814965307917,30.46071428571163,18.0,6.656541308261732,6.311841517857088,5.109792089928516,475.37214285713776,71.41428571428409,1,18,8.013020833333334,42.802083333333336,3.043154761904762,36,6,0.16666666666666666,6.6939549241438865,28,2,0.07142857142857142,3.073011303080183,64,0.125,64,0.125,,,56,0.0,8.0,1.0,64.0,0.125,,
M5@H1,wick_touch,any,any,any,both,limit,zone,htf_zone,D1,2.0,1.5,False,0.5,3.0,H1,none,any,until_broken,any,140679,16893,191,191,18,173,0.09424083769633508,18,173,575.9103571428479,3.0152374719520836,-1.0553571428584263,25.684450045525114,45.43678571428529,-1.3985652353427007,207.45928571428428,-7.973214285714736,528.3639693087865,2.7663035042344846,-1.0,23.445560936763723,38.96466496159925,-1.0,212.13012048187565,-1.0,0.11798836938453423,0.0,1.6306317071043563,9.435070880514045,86.94464285714514,56.0,3.380269091392123,3.0152374719520836,2.766303504234484,817.8621428571353,241.9517857142872,2,52,16.56500872600349,70.32870370370371,10.971098265895954,121,9,0.0743801652892562,4.722016275279228,70,9,0.12857142857142856,-0.6142857142857143,191,0.09424083769633508,191,0.09424083769633508,,,173,0.0,18.0,1.0,191.0,0.09424083769633508,,
M5@H1,wick_touch,with_daily,any,any,both,limit,zone,htf_zone,D1,2.0,1.5,False,0.5,3.0,H1,none,any,until_broken,any,140679,5765,112,112,12,100,0.10714285714285714,12,100,164.50035714285605,1.4687531887755003,-1.195535714285656,22.007581009831245,26.743333333333158,-1.564196428571418,219.4928571428556,-7.973214285714736,68.12673463600692,0.6082744163929189,-1.0,12.039044754828423,14.010561219667244,-1.0,124.1575757575078,-1.0,0.05052513955884765,0.0,0.5347078169181704,1.1546904175594392,73.52142857143036,59.0,2.0516604829042757,1.4687531887755005,0.6082744163929189,320.9199999999979,156.4196428571418,2,43,11.972470238095239,7.1875,12.546666666666667,66,4,0.06060606060606061,-0.48531577456819514,46,8,0.17391304347826086,2.1773386034240825,112,0.10714285714285714,112,0.10714285714285714,,,100,0.0,12.0,1.0,112.0,0.10714285714285714,,
M5@H1,wick_touch,against_daily,any,any,both,limit,zone,htf_zone,D1,2.0,1.5,False,0.5,3.0,H1,none,any,until_broken,any,140679,6796,77,77,8,69,0.1038961038961039,8,69,933.945357142849,12.129160482374663,-0.9553571428577712,45.92399483505735,126.69607142857112,-1.1539596273292763,207.45928571428428,-3.617857142856895,745.9499026452319,9.687661073314699,-1.0,39.28418108899581,101.86873783065397,-1.0,212.13012048187565,-1.0,0.24660463333492735,0.0,2.16394687527988,31.081245943551327,21.987500000002683,24.0,12.729561102513117,12.129160482374662,9.6876610733147,1013.5685714285689,79.62321428572007,1,24,28.90151515151515,196.46875,9.473429951690822,46,6,0.13043478260869565,16.318098425043907,31,2,0.06451612903225806,-0.15105241634800046,77,0.1038961038961039,77,0.1038961038961039,,,69,0.0,8.0,1.0,77.0,0.1038961038961039,,
M5@H1,wick_touch,any,any,any,both,limit,zone,htf_zone,D1,2.0,1.5,False,0.5,3.0,H1,none,any,until_broken,4-10,140679,2491,57,57,6,51,0.10526315789473684,6,51,370.2735714285743,6.496027568922356,-1.0107142857140872,34.519516411896184,72.76345238095172,-1.3001400560222751,197.2285714285715,-4.312499999998831,358.4447339056339,6.288504103607612,-1.0,35.70392349635379,68.24078898427231,-1.0,212.13012048187565,-1.0,0.17612921740239043,0.0,1.3297464306018554,16.292942450256085,29.857142857141483,22.0,6.584218463859284,6.496027568922356,6.288504103607612,436.5807142857103,66.30714285713603,1,22,26.9093567251462,150.08333333333334,12.418300653594772,33,3,0.09090909090909091,11.316507088049512,24,3,0.125,-0.625,57,0.10526315789473684,57,0.10526315789473684,,,51,0.0,6.0,1.0,57.0,0.10526315789473684,,
M15@H1,wick_touch,any,any,any,both,limit,zone,htf_zone,H4,2.0,1.5,False,0.5,3.0,H1,none,any,until_broken,any,56417,10631,301,301,34,267,0.11295681063122924,34,267,1402.9846428571389,4.661078547698136,-1.526785714285328,22.456729915095284,57.578802521008164,-2.0775080256821674,146.1321428571427,-7.27499999999992,768.6171567609886,2.5535453712989655,-1.0,11.599172874714732,30.459328140029083,-1.0,87.52299465241076,-1.0,0.2201489191410786,0.0,3.8194409965719505,26.50403988830995,112.77678571429021,29.0,3.529291856201461,4.661078547698136,2.5535453712989664,1957.6792857142775,554.6946428571387,4,29,9.511627906976743,32.794117647058826,6.546816479400749,182,20,0.10989010989010989,3.0580171283416764,119,14,0.11764705882352941,1.7820003311159969,301,0.11295681063122924,301,0.11295681063122924,,,267,0.0,34.0,1.0,301.0,0.11295681063122924,,
M15@H1,wick_touch,with_daily,any,any,both,limit,zone,htf_zone,H4,2.0,1.5,False,0.5,3.0,H1,none,any,until_broken,any,56417,3681,149,149,18,131,0.12080536912751678,18,131,570.7346428571402,3.8304338446787933,-1.7464285714297034,20.252130493087222,48.77722222222207,-2.3454607415485276,135.3699999999991,-7.27499999999992,298.49555796204083,2.00332589236269,-1.0,9.060371679916715,23.86086433122449,-1.0,52.726408009968054,-1.0,0.2211085773449313,0.0,2.698974146476661,9.045319938243662,130.92857142856798,33.0,2.8575254412627844,3.8304338446787938,2.00332589236269,877.9899999999973,307.2553571428571,2,29,6.184563758389261,16.27777777777778,4.797709923664122,91,9,0.0989010989010989,1.2795150656065142,58,9,0.15517241379310345,3.138960120549104,149,0.12080536912751678,149,0.12080536912751678,,,131,0.0,18.0,1.0,149.0,0.12080536912751678,,
M15@H1,wick_touch,against_daily,any,any,both,limit,zone,htf_zone,H4,2.0,1.5,False,0.5,3.0,H1,none,any,until_broken,any,56417,4237,138,138,18,120,0.13043478260869565,18,120,897.8539285714372,6.506187888198821,-1.355357142857061,25.669150444410203,61.794166666666584,-1.7870089285713466,146.1321428571427,-5.753571428572801,448.40380388654745,3.2493029267141122,-1.0,13.64755438271038,31.577989104808196,-1.0,87.52299465241076,-1.0,0.23808682754402818,0.0,2.7968869423159055,16.60754829209435,55.74285714285537,27.0,5.186949461640541,6.506187888198818,3.2493029267141122,1112.2949999999985,214.4410714285616,3,27,12.634057971014492,47.083333333333336,7.466666666666667,71,11,0.15492957746478872,5.603274223163368,67,7,0.1044776119402985,0.7547960304768393,138,0.13043478260869565,138,0.13043478260869565,,,120,0.0,18.0,1.0,138.0,0.13043478260869565,,
M15@H1,wick_touch,any,any,any,both,limit,zone,htf_zone,H4,2.0,1.5,False,0.5,3.0,H1,none,any,until_broken,4-10,56417,2672,155,155,16,139,0.1032258064516129,16,139,456.46035714287166,2.944905529954011,-1.6089285714282475,18.196388186747257,47.24517857142854,-2.1544064748200364,114.84214285714333,-6.642857142857839,259.8578110230439,1.6765020066002836,-1.0,9.2924539853039,24.928613188940243,-1.0,60.61413760602337,-1.0,0.18041542193824006,0.0,2.2461538890598627,7.642876794795408,112.74821428570725,34.0,2.524265499496245,2.94490552995401,1.6765020066002834,755.9228571428566,299.4624999999851,3,34,7.801612903225807,23.4375,6.001798561151079,87,9,0.10344827586206896,2.119265615624696,68,7,0.10294117647058823,1.1100250362308146,155,0.1032258064516129,155,0.1032258064516129,,,139,0.0,16.0,1.0,155.0,0.1032258064516129,,
M15@H1,wick_touch,any,any,any,both,limit,zone,htf_zone,D1,2.0,1.5,False,0.5,3.0,H1,none,any,until_broken,any,56417,10631,240,240,32,208,0.13333333333333333,32,208,1360.2642857142746,5.6677678571428105,-1.5482142857137227,31.90778779873899,55.96908482142851,-2.0708962912088364,218.8871428571426,-7.27499999999992,736.5781264167917,3.0690755267366328,-1.0,17.88139334065706,29.518066450524742,-1.0,130.7657754010761,-1.0,0.17163514432392987,0.0,2.6589602223619475,16.740411964017994,68.27500000000867,44.0,4.157923538044329,5.66776785714281,3.0690755267366323,1791.0107142857123,430.746428571438,2,41,16.867708333333333,53.234375,11.272836538461538,143,11,0.07692307692307693,3.327509064486198,97,21,0.21649484536082475,2.688085878301706,240,0.13333333333333333,240,0.13333333333333333,,,208,0.0,32.0,1.0,240.0,0.13333333333333333,,
M15@H1,wick_touch,with_daily,any,any,both,limit,zone,htf_zone,D1,2.0,1.5,False,0.5,3.0,H1,none,any,until_broken,any,56417,3681,140,140,20,120,0.14285714285714285,20,120,530.0571428571432,3.786122448979594,-1.6973214285720406,27.66357035119054,40.249107142857234,-2.291041666666678,218.8871428571426,-7.27499999999992,247.3504072905181,1.7667886235037007,-1.0,13.289917978770193,18.367520364525905,-1.0,108.49368258869767,-1.0,0.13294202615291037,0.0,1.572991266495067,6.34231813565431,89.77857142856928,39.0,2.9280063393912545,3.7861224489795946,1.7667886235037007,804.9821428571447,274.9250000000014,6,35,14.510714285714286,20.7375,13.472916666666666,86,5,0.05813953488372093,1.2960091594656586,54,15,0.2777777777777778,2.5165485106753973,140,0.14285714285714285,140,0.14285714285714285,,,120,0.0,20.0,1.0,140.0,0.14285714285714285,,
M15@H1,wick_touch,against_daily,any,any,both,limit,zone,htf_zone,D1,2.0,1.5,False,0.5,3.0,H1,none,any,until_broken,any,56417,4237,114,114,11,103,0.09649122807017543,11,103,1139.6307142857063,9.996760651629003,-1.3937500000005265,41.90826013138938,119.80896103896056,-1.7307558945908716,218.33214285714274,-5.753571428572801,540.681090950937,4.742816587288921,-1.0,21.98925329732795,58.51646281372154,-1.0,130.7657754010761,-1.0,0.21568793278966186,0.0,2.30291693641409,19.310038962533465,48.85178571429003,28.0,7.392799759591166,9.996760651629003,4.74281658728892,1317.8985714285661,178.26785714285978,2,28,22.791666666666668,144.4318181818182,9.800970873786408,59,7,0.11864406779661017,7.785771404168695,55,4,0.07272727272727272,1.4785559655451623,114,0.09649122807017543,114,0.09649122807017543,,,103,0.0,11.0,1.0,114.0,0.09649122807017543,,
M15@H1,wick_touch,any,any,any,both,limit,zone,htf_zone,D1,2.0,1.5,False,0.5,3.0,H1,none,any,until_broken,4-10,56417,2672,134,134,14,120,0.1044776119402985,14,120,661.4964285714441,4.936540511727195,-1.5455357142846182,31.593686763658866,65.23341836734706,-2.098095238095121,197.0592857142872,-6.123214285713718,294.54603709127645,2.1981047544125114,-1.0,15.939999134821752,29.61043122080546,-1.0,123.02474916395772,-1.0,0.1378986746373554,0.0,1.596292566712961,6.26693695938886,68.34999999999481,47.0,3.627368928733753,4.936540511727195,2.1981047544125105,913.2678571428587,251.77142857141456,2,47,17.294776119402986,85.44642857142857,9.34375,78,7,0.08974358974358974,2.662735042913621,56,7,0.125,1.5509411382859644,134,0.1044776119402985,134,0.1044776119402985,,,120,0.0,14.0,1.0,134.0,0.1044776119402985,,
M15@H4,wick_touch,any,any,any,both,limit,zone,htf_zone,D1,2.0,1.5,False,0.5,3.0,H1,none,any,until_broken,any,34877,4231,49,49,3,46,0.061224489795918366,3,46,-71.92142857142426,-1.4677842565596788,-1.855357142857006,3.295521904910363,9.829761904763442,-2.2045807453416217,15.403571428573848,-7.27499999999992,-40.0,-0.8163265306122449,-1.0,0.7266782124777073,2.0,-1.0,2.0,-1.0,-1.1233672849896925,0.0,-7.863570994927848,-1.0,83.29999999999727,40.0,0.2907906321535927,-1.4677842565596793,-0.8163265306122449,29.489285714290325,101.4107142857146,1,34,20.617346938775512,0.3333333333333333,21.940217391304348,29,1,0.034482758620689655,-0.896551724137931,20,2,0.1,-0.7,49,0.061224489795918366,49,0.061224489795918366,,,46,0.0,3.0,1.0,,,49.0,0.061224489795918366
M15@H4,wick_touch,with_daily,any,any,both,limit,zone,htf_zone,D1,2.0,1.5,False,0.5,3.0,H1,none,any,until_broken,any,34877,1200,18,18,1,17,0.05555555555555555,1,17,-41.546428571428436,-2.308134920634913,-2.295535714286201,2.723625724685438,6.903571428571453,-2.8499999999999934,6.903571428571453,-7.27499999999992,-15.0,-0.8333333333333334,-1.0,0.7071067811865476,2.0,-1.0,2.0,-1.0,-1.1785113019775793,0.0,-5.0,-1.0714285714285714,39.93214285714198,14.0,0.14248857437712012,-2.3081349206349127,-0.8333333333333333,6.903571428571453,48.44999999999989,1,14,45.94444444444444,0.25,48.63235294117647,12,1,0.08333333333333333,-0.75,6,0,0.0,-1.0,18,0.05555555555555555,18,0.05555555555555555,,,17,0.0,1.0,1.0,,,18.0,0.05555555555555555
M15@H4,wick_touch,against_daily,any,any,both,limit,zone,htf_zone,D1,2.0,1.5,False,0.5,3.0,H1,none,any,until_broken,any,34877,1706,17,17,1,16,0.058823529411764705,1,16,-24.203571428569326,-1.4237394957981957,-1.5821428571438645,2.413892974176816,7.182142857145024,-1.9616071428571469,7.182142857145024,-4.923214285712518,-14.0,-0.8235294117647058,-1.0,0.7276068751089988,2.0,-1.0,2.0,-1.0,-1.1318329168362207,0.0,-4.666666666666667,-1.0,24.1839285714307,14.0,0.22883477469283142,-1.4237394957981955,-0.8235294117647058,7.182142857145024,31.38571428571435,1,14,6.897058823529412,0.5,7.296875,10,0,0.0,-1.0,7,1,0.14285714285714285,-0.5714285714285714,17,0.058823529411764705,17,0.058823529411764705,,,16,0.0,1.0,1.0,,,17.0,0.058823529411764705
M15@H4,wick_touch,any,any,any,both,limit,zone,htf_zone,D1,2.0,1.5,False,0.5,3.0,H1,none,any,until_broken,4-10,34877,572,6,6,0,6,0.0,0,6,-15.396428571428089,-2.566071428571348,-2.1758928571424807,1.186989954910808,0.0,-2.566071428571348,-1.7982142857153605,-4.923214285712518,-6.0,-1.0,-1.0,0.0,0.0,-1.0,-1.0,-1.0,0.0,0.0,0.0,-1.2,13.117857142856959,5.0,0.0,-2.566071428571348,-1.0,0.0,15.396428571428089,0,6,7.125,0.0,7.125,2,0,0.0,-1.0,4,0,0.0,-1.0,6,0.0,6,0.0,,,6,0.0,,,,,6.0,0.0
H1@H4,wick_touch,any,any,any,both,limit,zone,htf_zone,D1,2.0,1.5,False,0.5,3.0,H1,none,any,until_broken,any,11273,2404,77,77,12,65,0.15584415584415584,12,65,167.9471428571366,2.181131725417359,-2.9821428571441544,21.810334671838206,33.662559523809364,-3.6308241758242428,156.80642857142766,-16.060714285714983,31.52746275341496,0.4094475682261682,-1.0,5.996743927442872,8.043955229451246,-1.0,45.00850845720444,-1.0,0.06827831456207678,0.0,0.5991397787133808,1.3707592501484764,72.16249999999921,23.0,1.711629666621228,2.1811317254173583,0.40944756822616823,403.95071428571237,236.00357142857578,3,23,31.948051948051948,16.0,34.89230769230769,43,6,0.13953488372093023,0.6374439124659939,34,6,0.17647058823529413,0.12109925051109476,77,0.15584415584415584,77,0.15584415584415584,,,65,0.0,12.0,1.0,,,77.0,0.15584415584415584
H1@H4,wick_touch,with_daily,any,any,both,limit,zone,htf_zone,D1,2.0,1.5,False,0.5,3.0,H1,none,any,until_broken,any,11273,705,33,33,11,22,0.3333333333333333,11,22,169.18214285713603,5.126731601731395,-3.1178571428580604,19.545278376961434,23.498051948051497,-4.058928571428654,77.7735714285721,-6.292857142857766,55.76058972915277,1.6897148402773567,-1.0,7.644381946595673,7.06914452083207,-1.0,37.64321521177555,-1.0,0.22104008565791894,0.0,1.2697786194580474,9.293431621525462,20.775000000001768,6.0,2.8946126464823076,5.126731601731397,1.6897148402773563,258.47857142856645,89.29642857143038,3,6,31.696969696969695,1.7272727272727273,46.68181818181818,15,4,0.26666666666666666,-0.2,18,7,0.3888888888888889,3.2644772071751538,33,0.3333333333333333,33,0.3333333333333333,,,22,0.0,11.0,1.0,,,33.0,0.3333333333333333
H1@H4,wick_touch,against_daily,any,any,both,limit,zone,htf_zone,D1,2.0,1.5,False,0.5,3.0,H1,none,any,until_broken,any,11273,936,41,41,4,37,0.0975609756097561,4,37,271.4324999999995,6.620304878048768,-2.874999999999961,36.44735195806197,98.03803571428625,-3.2626930501931226,160.10285714285644,-5.910714285712881,50.55755247531033,1.2331110359831787,-1.0,8.637119674210574,21.889388118827583,-1.0,45.00850845720444,-1.0,0.14276877969690563,0.0,0.9141662336259672,2.9739736750182546,49.882142857149404,17.0,3.2484534709997535,6.620304878048768,1.2331110359831792,392.152142857145,120.71964285714553,2,17,20.5609756097561,52.0,17.16216216216216,21,2,0.09523809523809523,1.7814327731446542,20,2,0.1,0.6573732119636295,41,0.0975609756097561,41,0.0975609756097561,,,37,0.0,4.0,1.0,,,41.0,0.0975609756097561
H1@H4,wick_touch,any,any,any,both,limit,zone,htf_zone,D1,2.0,1.5,False,0.5,3.0,H1,none,any,until_broken,4-10,11273,627,23,23,7,16,0.30434782608695654,7,16,334.8978571428552,14.560776397515442,-2.4375000000009805,40.72153880337168,54.8741836734688,-3.076339285714158,156.80642857142766,-6.2750000000000306,95.35861379933672,4.146026686927684,-1.0,12.627879376876024,15.908373399905246,-1.0,45.00850845720444,-1.0,0.32832327290992525,0.0,1.5745831020586243,19.071722759867345,20.189285714282676,5.0,7.803903642432398,14.56077639751544,4.146026686927684,384.1192857142816,49.22142857142653,3,5,33.26086956521739,42.0,29.4375,12,4,0.3333333333333333,5.142949882296764,11,3,0.2727272727272727,3.0584741101614132,23,0.30434782608695654,23,0.30434782608695654,,,16,0.0,7.0,1.0,,,23.0,0.30434782608695654
M5@M15,wick_touch,any,any,any,both,limit,zone,fixed_rr,H4,2.0,1.5,False,0.5,3.0,H1,none,any,until_broken,any,180860,36656,1914,1914,1268,646,0.6624869383490073,1268,646,1943.6857142858098,1.015509777578793,1.2999999999996348,1.8692728187295367,2.101957525912618,-1.1170223352498287,10.964285714285538,-5.964285714286088,1890.0,0.987460815047022,2.0,1.4189552158655532,2.0,-1.0,2.0,-1.0,0.6959069630993798,0.0,30.44543255513782,171.8181818181818,16.417857142849726,11.0,3.6935910951415085,1.0155097775787931,0.9874608150470219,2665.2821428571997,721.5964285713894,17,11,0.16322709857192616,0.20070977917981073,0.08965428276573786,1025,686,0.6692682926829269,1.0078048780487805,889,582,0.6546681664791901,0.9640044994375703,1914,0.6624869383490073,1914,0.6624869383490073,1914.0,0.6624869383490073,646,0.0,1268.0,1.0,,,,
M5@M15,wick_touch,any,any,any,both,limit,zone,fixed_rr,H4,3.0,1.5,False,0.5,3.0,H1,none,any,until_broken,any,180860,36656,1868,1868,1186,682,0.6349036402569593,1186,682,2983.8642857143395,1.597357754665064,1.848214285715688,2.5771045553547767,3.156739339918112,-1.1144113950565127,16.446428571428306,-5.964285714286088,2876.0,1.5396145610278373,3.0,1.9263443712312063,3.0,-1.0,3.0,-1.0,0.7992416018760997,0.0,34.543514211796364,261.45454545454544,13.90357142856179,11.0,4.925989624450433,1.5973577546650637,1.5396145610278373,3743.8928571428805,760.0285714285416,16,11,0.17246609564596718,0.2157813378302417,0.0971407624633431,1004,644,0.6414342629482072,1.5657370517928286,864,542,0.6273148148148148,1.5092592592592593,1868,0.6349036402569593,1868,0.6349036402569593,1868.0,0.6349036402569593,682,0.0,1186.0,1.0,,,,
M5@M15,wick_touch,any,any,any,both,limit,zone,fixed_rr,H4,4.0,1.5,False,0.5,3.0,H1,none,any,until_broken,any,180860,36656,1808,1808,1056,752,0.584070796460177,1056,752,3602.7767857143413,1.9926862752844807,2.210714285713067,3.259109926608681,4.1963676948052155,-1.1018450797871895,21.928571428571075,-5.964285714286088,3472.0,1.920353982300885,4.0,2.4650889468783403,4.0,-1.0,4.0,-1.0,0.7790201585759089,0.0,33.124391506886326,315.6363636363636,13.149999999997362,11.0,5.348094541269916,1.9926862752844807,1.920353982300885,4431.364285714308,828.5874999999666,13,11,0.19293879056047197,0.2470801767676768,0.11691046099290779,973,580,0.5960945529290853,1.9804727646454265,835,476,0.5700598802395209,1.8502994011976048,1808,0.584070796460177,1808,0.584070796460177,1808.0,0.584070796460177,752,0.0,1056.0,1.0,,,,
M5@M15,wick_touch,any,any,any,both,limit,zone,fixed_rr,H4,6.0,1.5,False,0.5,3.0,H1,none,any,until_broken,any,180860,36656,1732,1732,832,900,0.48036951501154734,832,900,4243.950000000179,2.4503175519631517,-0.3821428571426644,4.550039853846857,6.27973042582434,-1.0897619047618583,32.89285714285661,-5.964285714286088,4092.0,2.3625866050808315,-1.0,3.4983115191040755,6.0,-1.0,6.0,-1.0,0.6753505490231169,0.0,28.106269168319187,372.0,16.755357142856155,11.0,5.327091981647733,2.4503175519631513,2.3625866050808315,5224.735714285851,980.7857142856725,10,11,0.2754522709776751,0.39743589743589747,0.16268518518518518,935,468,0.5005347593582887,2.5037433155080215,797,364,0.45671267252195735,2.1969887076537016,1732,0.48036951501154734,1732,0.48036951501154734,1732.0,0.48036951501154734,900,0.0,832.0,1.0,,,,
M5@M15,wick_touch,any,any,any,both,limit,zone,fixed_rr,H4,8.0,1.5,False,0.5,3.0,H1,none,any,until_broken,any,180860,36656,1681,1681,655,1026,0.3896490184414039,655,1026,4385.639285714468,2.6089466304071793,-0.6142857142843461,5.655539269119716,8.388658669574923,-1.080830548593671,43.85714285714215,-5.964285714286088,4214.0,2.5068411659726353,-1.0,4.390341897861017,8.0,-1.0,8.0,-1.0,0.5709899648576283,0.0,23.41058855916276,324.15384615384613,21.283928571424894,13.0,4.954831063346307,2.6089466304071793,2.5068411659726353,5494.571428571575,1108.9321428571063,7,13,0.452558001189768,0.6614503816793893,0.31920077972709554,910,376,0.41318681318681316,2.718681318681319,771,279,0.36186770428015563,2.2568093385214008,1681,0.3896490184414039,1681,0.3896490184414039,1681.0,0.3896490184414039,1026,0.0,655.0,1.0,,,,
M5@M15,wick_touch,any,any,any,both,limit,zone,fixed_rr,H4,10.0,1.5,False,0.5,3.0,H1,none,any,until_broken,any,180860,36656,1641,1641,523,1118,0.3187081048141377,523,1118,4308.964285714476,2.625816139984446,-0.692857142858827,6.542738894445911,10.551044796503989,-1.0816029900331938,50.89285714285907,-5.964285714286088,4112.0,2.505789152955515,-1.0,5.127293954372112,10.0,-1.0,10.0,-1.0,0.4887157192964907,0.0,19.79751125989742,274.1333333333333,37.133928571430715,15.0,4.563388809309584,2.6258161399844457,2.505789152955515,5518.196428571587,1209.2321428571106,6,15,0.5890717042453788,1.0310707456978967,0.38230471079308287,883,303,0.3431483578708947,2.7746319365798415,758,220,0.29023746701846964,2.192612137203166,1641,0.3187081048141377,1641,0.3187081048141377,1641.0,0.3187081048141377,1118,0.0,523.0,1.0,,,,
M15@H1,wick_touch,any,any,any,both,limit,zone,fixed_rr,H4,2.0,1.5,False,0.5,3.0,H1,none,any,until_broken,any,56417,10631,498,498,331,167,0.6646586345381527,331,167,970.7803571428242,1.949358146873141,2.3785714285695647,3.4777746651110433,3.9762192490288246,-2.0679533789563878,15.403571428573848,-7.27499999999992,495.0,0.9939759036144579,2.0,1.4177531517927218,2.0,-1.0,2.0,-1.0,0.7010923603714754,0.0,15.645516542769716,82.5,13.605357142858487,6.0,3.8110188991441234,1.949358146873141,0.993975903614458,1316.128571428541,345.3482142857167,15,6,0.5471887550200804,0.5445619335347432,0.5523952095808383,288,198,0.6875,1.0625,210,133,0.6333333333333333,0.9,498,0.6646586345381527,498,0.6646586345381527,,,167,0.0,331.0,1.0,498.0,0.6646586345381527,,
M15@H1,wick_touch,any,any,any,both,limit,zone,fixed_rr,H4,3.0,1.5,False,0.5,3.0,H1,none,any,until_broken,any,56417,10631,486,486,306,180,0.6296296296296297,306,180,1463.0696428570823,3.0104313639034617,3.313392857141606,4.806975706500063,5.985801820728121,-2.0476984126984608,23.105357142860772,-7.27499999999992,738.0,1.5185185185185186,3.0,1.9336058582659175,3.0,-1.0,3.0,-1.0,0.7853299120019969,0.0,17.312918077347366,123.0,13.419642857144254,6.0,4.969414945156907,3.010431363903461,1.5185185185185186,1831.655357142805,368.58571428572293,10,6,0.5879629629629629,0.5939542483660131,0.5777777777777777,280,182,0.65,1.6,206,124,0.6019417475728155,1.4077669902912622,486,0.6296296296296297,486,0.6296296296296297,,,180,0.0,306.0,1.0,486.0,0.6296296296296297,,
M15@H1,wick_touch,any,any,any,both,limit,zone,fixed_rr,H4,4.0,1.5,False,0.5,3.0,H1,none,any,until_broken,any,56417,10631,467,467,272,195,0.582441113490364,272,195,1764.549999999925,3.7784796573874195,3.9357142857188165,6.125677278228886,7.956013655461934,-2.048644688644724,30.807142857147696,-7.27499999999992,893.0,1.9122055674518201,4.0,2.4684274277837366,4.0,-1.0,4.0,-1.0,0.7746654999570649,0.0,16.74066305128568,111.625,17.7500000000025,8.0,5.417054069517688,3.778479657387419,1.91220556745182,2164.035714285646,399.48571428572114,8,8,0.6659528907922913,0.6792279411764706,0.6474358974358975,271,164,0.6051660516605166,2.025830258302583,196,108,0.5510204081632653,1.7551020408163265,467,0.582441113490364,467,0.582441113490364,,,195,0.0,272.0,1.0,467.0,0.582441113490364,,
M15@H1,wick_touch,any,any,any,both,limit,zone,fixed_rr,H4,6.0,1.5,False,0.5,3.0,H1,none,any,until_broken,any,56417,10631,447,447,229,218,0.5123042505592841,229,218,2241.8982142856557,5.015432246724062,4.542857142864065,8.46875594739614,11.745804741110176,-2.054546199213644,46.210714285721544,-7.27499999999992,1156.0,2.586129753914989,6.0,3.502860459705258,6.0,-1.0,6.0,-1.0,0.7382908293562439,0.0,15.609221212925842,165.14285714285714,23.96071428571568,7.0,6.0054541322625425,5.015432246724061,2.586129753914989,2689.78928571423,447.89107142857443,7,7,0.8629753914988815,0.972707423580786,0.7477064220183486,259,135,0.5212355212355212,2.6486486486486487,188,94,0.5,2.5,447,0.5123042505592841,447,0.5123042505592841,,,218,0.0,229.0,1.0,447.0,0.5123042505592841,,
M15@H1,wick_touch,any,any,any,both,limit,zone,fixed_rr,H4,8.0,1.5,False,0.5,3.0,H1,none,any,until_broken,any,56417,10631,437,437,183,254,0.41876430205949655,183,254,2321.4303571428,5.312197613599085,-1.0553571428584263,10.43623651517238,15.533489461357975,-2.0519614735657856,61.61428571429539,-7.27499999999992,1210.0,2.7688787185354693,-1.0,4.445298709938194,8.0,-1.0,8.0,-1.0,0.6228779884567008,0.0,13.020980914515981,172.85714285714286,30.608928571429487,7.0,5.4540259224108585,5.312197613599084,2.768878718535469,2842.6285714285095,521.1982142857096,7,7,1.3020594965675056,1.6885245901639345,1.0236220472440944,255,106,0.41568627450980394,2.7411764705882353,182,77,0.4230769230769231,2.8076923076923075,437,0.41876430205949655,437,0.41876430205949655,,,254,0.0,183.0,1.0,437.0,0.41876430205949655,,
M15@H1,wick_touch,any,any,any,both,limit,zone,fixed_rr,H4,10.0,1.5,False,0.5,3.0,H1,none,any,until_broken,any,56417,10631,423,423,143,280,0.3380614657210402,143,280,2249.083928571345,5.316983282674575,-1.203571428571859,12.361145065479114,19.67482517482457,-2.0157716836734587,77.01785714286923,-7.27499999999992,1150.0,2.7186761229314422,-1.0,5.209707139577342,10.0,-1.0,10.0,-1.0,0.5218481672948713,0.0,10.732832366477814,104.54545454545455,36.757142857142185,11.0,4.984797815694349,5.316983282674574,2.718676122931442,2813.4999999999136,564.4160714285684,4,11,1.8977541371158393,2.7867132867132867,1.44375,247,83,0.3360323886639676,2.6963562753036436,176,60,0.3409090909090909,2.75,423,0.3380614657210402,423,0.3380614657210402,,,280,0.0,143.0,1.0,423.0,0.3380614657210402,,
H1@H4,wick_touch,any,any,any,both,limit,zone,fixed_rr,H4,2.0,1.5,False,0.5,3.0,H1,none,any,until_broken,any,11273,2404,104,104,66,38,0.6346153846153846,66,38,417.7589285714279,4.016912774725268,5.762499999999449,6.654376183707171,8.277002164502148,-3.382189849624053,32.121428571429966,-6.292857142857766,94.0,0.9038461538461539,2.0,1.4516092895471653,2.0,-1.0,2.0,-1.0,0.6226511226916382,0.0,6.349820449530237,23.5,17.70178571428582,4.0,4.250455031748018,4.016912774725267,0.9038461538461537,546.2821428571418,128.523214285714,7,4,1.0673076923076923,1.106060606060606,1.0,57,35,0.6140350877192983,0.8421052631578947,47,31,0.6595744680851063,0.9787234042553191,104,0.6346153846153846,104,0.6346153846153846,,,38,0.0,66.0,1.0,,,104.0,0.6346153846153846
H1@H4,wick_touch,any,any,any,both,limit,zone,fixed_rr,H4,3.0,1.5,False,0.5,3.0,H1,none,any,until_broken,any,11273,2404,100,100,59,41,0.59,59,41,596.8339285714275,5.968339285714275,8.124107142858383,9.500863492879194,12.509564164648879,-3.4446428571428385,48.182142857144946,-6.292857142857766,136.0,1.36,3.0,1.9772442816948412,3.0,-1.0,3.0,-1.0,0.6878259872038898,0.0,6.878259872038898,17.0,32.58750000000089,8.0,5.225960626635831,5.968339285714275,1.3599999999999999,738.0642857142839,141.23035714285638,7,8,1.19,1.1864406779661016,1.1951219512195121,55,31,0.5636363636363636,1.2545454545454546,45,28,0.6222222222222222,1.488888888888889,100,0.59,100,0.59,,,41,0.0,59.0,1.0,,,100.0,0.59
H1@H4,wick_touch,any,any,any,both,limit,zone,fixed_rr,H4,4.0,1.5,False,0.5,3.0,H1,none,any,until_broken,any,11273,2404,97,97,53,44,0.5463917525773195,53,44,756.4196428571289,7.798140648011638,8.928571428574728,12.446319490894208,17.100269541778747,-3.4066964285714687,64.24285714285993,-6.292857142857766,168.0,1.731958762886598,4.0,2.502146844534733,4.0,-1.0,4.0,-1.0,0.6921890962033648,0.0,6.817271980460703,21.0,32.58750000000089,8.0,6.046342073599162,7.798140648011638,1.7319587628865976,906.3142857142736,149.89464285714462,6,8,1.3505154639175259,1.2452830188679245,1.4772727272727273,53,26,0.49056603773584906,1.4528301886792452,44,27,0.6136363636363636,2.0681818181818183,97,0.5463917525773195,97,0.5463917525773195,,,44,0.0,53.0,1.0,,,97.0,0.5463917525773195
H1@H4,wick_touch,any,any,any,both,limit,zone,fixed_rr,H4,6.0,1.5,False,0.5,3.0,H1,none,any,until_broken,any,11273,2404,96,96,45,51,0.46875,45,51,1014.2321428571275,10.564918154761745,-1.8642857142858738,18.093628118469464,26.43738095238065,-3.4401960784314007,96.36428571428989,-7.03750000000003,219.0,2.28125,-1.0,3.511494283814678,6.0,-1.0,6.0,-1.0,0.6496522037683018,0.0,6.365265638027769,27.375,32.587500000000944,8.0,6.780747465700311,10.564918154761749,2.28125,1189.6821428571293,175.45000000000144,6,8,2.0520833333333335,2.4,1.7450980392156863,52,21,0.40384615384615385,1.8269230769230769,44,24,0.5454545454545454,2.8181818181818183,96,0.46875,96,0.46875,,,51,0.0,45.0,1.0,,,96.0,0.46875
H1@H4,wick_touch,any,any,any,both,limit,zone,fixed_rr,H4,8.0,1.5,False,0.5,3.0,H1,none,any,until_broken,any,11273,2404,95,95,35,60,0.3684210526315789,35,60,1060.376785714261,11.161860902255379,-2.4375000000009805,23.406188637404686,36.33183673469327,-3.5206250000000545,128.48571428571987,-7.03750000000003,220.0,2.3157894736842106,-1.0,4.364418895526952,8.0,-1.0,8.0,-1.0,0.5306066005849346,0.0,5.171713413899549,27.5,32.58750000000089,8.0,6.019832111790022,11.16186090225538,2.3157894736842106,1271.6142857142645,211.23750000000328,6,8,2.7157894736842105,3.0,2.55,52,17,0.3269230769230769,1.9423076923076923,43,18,0.4186046511627907,2.7674418604651163,95,0.3684210526315789,95,0.3684210526315789,,,60,0.0,35.0,1.0,,,95.0,0.3684210526315789
H1@H4,wick_touch,any,any,any,both,limit,zone,fixed_rr,H4,10.0,1.5,False,0.5,3.0,H1,none,any,until_broken,any,11273,2404,92,92,28,64,0.30434782608695654,28,64,1151.7035714285196,12.518517080744777,-2.646428571428938,28.956600544485095,49.13584183673301,-3.501562500000076,160.60714285714982,-7.03750000000003,216.0,2.347826086956522,-1.0,5.089171401302914,10.0,-1.0,10.0,-1.0,0.4613375934548871,0.0,4.42499474716035,18.0,32.58750000000089,12.0,6.1392394976728895,12.518517080744775,2.347826086956522,1375.8035714285243,224.10000000000485,5,12,4.5,6.428571428571429,3.65625,50,14,0.28,2.08,42,14,0.3333333333333333,2.6666666666666665,92,0.30434782608695654,92,0.30434782608695654,,,64,0.0,28.0,1.0,,,92.0,0.30434782608695654
M5@M15,wick_touch,any,any,any,both,limit,zone,fixed_rr,H4,2.0,1.5,False,0.5,3.0,H1,none,any,until_broken,any,180860,36656,1914,1914,1268,646,0.6624869383490073,1268,646,1943.6857142858098,1.015509777578793,1.2999999999996348,1.8692728187295367,2.101957525912618,-1.1170223352498287,10.964285714285538,-5.964285714286088,1890.0,0.987460815047022,2.0,1.4189552158655532,2.0,-1.0,2.0,-1.0,0.6959069630993798,0.0,30.44543255513782,171.8181818181818,16.417857142849726,11.0,3.6935910951415085,1.0155097775787931,0.9874608150470219,2665.2821428571997,721.5964285713894,17,11,0.16322709857192616,0.20070977917981073,0.08965428276573786,1025,686,0.6692682926829269,1.0078048780487805,889,582,0.6546681664791901,0.9640044994375703,1914,0.6624869383490073,1914,0.6624869383490073,1914.0,0.6624869383490073,646,0.0,1268.0,1.0,,,,
M5@M15,wick_touch,any,any,any,both,limit,zone,fixed_rr,H4,3.0,1.5,False,0.5,3.0,H1,none,any,until_broken,any,180860,36656,1868,1868,1186,682,0.6349036402569593,1186,682,2983.8642857143395,1.597357754665064,1.848214285715688,2.5771045553547767,3.156739339918112,-1.1144113950565127,16.446428571428306,-5.964285714286088,2876.0,1.5396145610278373,3.0,1.9263443712312063,3.0,-1.0,3.0,-1.0,0.7992416018760997,0.0,34.543514211796364,261.45454545454544,13.90357142856179,11.0,4.925989624450433,1.5973577546650637,1.5396145610278373,3743.8928571428805,760.0285714285416,16,11,0.17246609564596718,0.2157813378302417,0.0971407624633431,1004,644,0.6414342629482072,1.5657370517928286,864,542,0.6273148148148148,1.5092592592592593,1868,0.6349036402569593,1868,0.6349036402569593,1868.0,0.6349036402569593,682,0.0,1186.0,1.0,,,,
M5@M15,wick_touch,any,any,any,both,limit,zone,fixed_rr,H4,4.0,1.5,False,0.5,3.0,H1,none,any,until_broken,any,180860,36656,1808,1808,1056,752,0.584070796460177,1056,752,3602.7767857143413,1.9926862752844807,2.210714285713067,3.259109926608681,4.1963676948052155,-1.1018450797871895,21.928571428571075,-5.964285714286088,3472.0,1.920353982300885,4.0,2.4650889468783403,4.0,-1.0,4.0,-1.0,0.7790201585759089,0.0,33.124391506886326,315.6363636363636,13.149999999997362,11.0,5.348094541269916,1.9926862752844807,1.920353982300885,4431.364285714308,828.5874999999666,13,11,0.19293879056047197,0.2470801767676768,0.11691046099290779,973,580,0.5960945529290853,1.9804727646454265,835,476,0.5700598802395209,1.8502994011976048,1808,0.584070796460177,1808,0.584070796460177,1808.0,0.584070796460177,752,0.0,1056.0,1.0,,,,
M15@H1,wick_touch,any,any,any,both,limit,zone,fixed_rr,H4,2.0,1.5,False,0.5,3.0,H1,none,any,until_broken,any,56417,10631,498,498,331,167,0.6646586345381527,331,167,970.7803571428242,1.949358146873141,2.3785714285695647,3.4777746651110433,3.9762192490288246,-2.0679533789563878,15.403571428573848,-7.27499999999992,495.0,0.9939759036144579,2.0,1.4177531517927218,2.0,-1.0,2.0,-1.0,0.7010923603714754,0.0,15.645516542769716,82.5,13.605357142858487,6.0,3.8110188991441234,1.949358146873141,0.993975903614458,1316.128571428541,345.3482142857167,15,6,0.5471887550200804,0.5445619335347432,0.5523952095808383,288,198,0.6875,1.0625,210,133,0.6333333333333333,0.9,498,0.6646586345381527,498,0.6646586345381527,,,167,0.0,331.0,1.0,498.0,0.6646586345381527,,
M15@H1,wick_touch,any,any,any,both,limit,zone,fixed_rr,H4,3.0,1.5,False,0.5,3.0,H1,none,any,until_broken,any,56417,10631,486,486,306,180,0.6296296296296297,306,180,1463.0696428570823,3.0104313639034617,3.313392857141606,4.806975706500063,5.985801820728121,-2.0476984126984608,23.105357142860772,-7.27499999999992,738.0,1.5185185185185186,3.0,1.9336058582659175,3.0,-1.0,3.0,-1.0,0.7853299120019969,0.0,17.312918077347366,123.0,13.419642857144254,6.0,4.969414945156907,3.010431363903461,1.5185185185185186,1831.655357142805,368.58571428572293,10,6,0.5879629629629629,0.5939542483660131,0.5777777777777777,280,182,0.65,1.6,206,124,0.6019417475728155,1.4077669902912622,486,0.6296296296296297,486,0.6296296296296297,,,180,0.0,306.0,1.0,486.0,0.6296296296296297,,
M15@H1,wick_touch,any,any,any,both,limit,zone,fixed_rr,H4,4.0,1.5,False,0.5,3.0,H1,none,any,until_broken,any,56417,10631,467,467,272,195,0.582441113490364,272,195,1764.549999999925,3.7784796573874195,3.9357142857188165,6.125677278228886,7.956013655461934,-2.048644688644724,30.807142857147696,-7.27499999999992,893.0,1.9122055674518201,4.0,2.4684274277837366,4.0,-1.0,4.0,-1.0,0.7746654999570649,0.0,16.74066305128568,111.625,17.7500000000025,8.0,5.417054069517688,3.778479657387419,1.91220556745182,2164.035714285646,399.48571428572114,8,8,0.6659528907922913,0.6792279411764706,0.6474358974358975,271,164,0.6051660516605166,2.025830258302583,196,108,0.5510204081632653,1.7551020408163265,467,0.582441113490364,467,0.582441113490364,,,195,0.0,272.0,1.0,467.0,0.582441113490364,,
H1@H4,wick_touch,any,any,any,both,limit,zone,fixed_rr,H4,2.0,1.5,False,0.5,3.0,H1,none,any,until_broken,any,11273,2404,104,104,66,38,0.6346153846153846,66,38,417.7589285714279,4.016912774725268,5.762499999999449,6.654376183707171,8.277002164502148,-3.382189849624053,32.121428571429966,-6.292857142857766,94.0,0.9038461538461539,2.0,1.4516092895471653,2.0,-1.0,2.0,-1.0,0.6226511226916382,0.0,6.349820449530237,23.5,17.70178571428582,4.0,4.250455031748018,4.016912774725267,0.9038461538461537,546.2821428571418,128.523214285714,7,4,1.0673076923076923,1.106060606060606,1.0,57,35,0.6140350877192983,0.8421052631578947,47,31,0.6595744680851063,0.9787234042553191,104,0.6346153846153846,104,0.6346153846153846,,,38,0.0,66.0,1.0,,,104.0,0.6346153846153846
H1@H4,wick_touch,any,any,any,both,limit,zone,fixed_rr,H4,3.0,1.5,False,0.5,3.0,H1,none,any,until_broken,any,11273,2404,100,100,59,41,0.59,59,41,596.8339285714275,5.968339285714275,8.124107142858383,9.500863492879194,12.509564164648879,-3.4446428571428385,48.182142857144946,-6.292857142857766,136.0,1.36,3.0,1.9772442816948412,3.0,-1.0,3.0,-1.0,0.6878259872038898,0.0,6.878259872038898,17.0,32.58750000000089,8.0,5.225960626635831,5.968339285714275,1.3599999999999999,738.0642857142839,141.23035714285638,7,8,1.19,1.1864406779661016,1.1951219512195121,55,31,0.5636363636363636,1.2545454545454546,45,28,0.6222222222222222,1.488888888888889,100,0.59,100,0.59,,,41,0.0,59.0,1.0,,,100.0,0.59
H1@H4,wick_touch,any,any,any,both,limit,zone,fixed_rr,H4,4.0,1.5,False,0.5,3.0,H1,none,any,until_broken,any,11273,2404,97,97,53,44,0.5463917525773195,53,44,756.4196428571289,7.798140648011638,8.928571428574728,12.446319490894208,17.100269541778747,-3.4066964285714687,64.24285714285993,-6.292857142857766,168.0,1.731958762886598,4.0,2.502146844534733,4.0,-1.0,4.0,-1.0,0.6921890962033648,0.0,6.817271980460703,21.0,32.58750000000089,8.0,6.046342073599162,7.798140648011638,1.7319587628865976,906.3142857142736,149.89464285714462,6,8,1.3505154639175259,1.2452830188679245,1.4772727272727273,53,26,0.49056603773584906,1.4528301886792452,44,27,0.6136363636363636,2.0681818181818183,97,0.5463917525773195,97,0.5463917525773195,,,44,0.0,53.0,1.0,,,97.0,0.5463917525773195
M5@M15,wick_touch,any,any,any,both,limit,zone,htf_zone,H1,2.0,1.5,False,0.5,3.0,H1,none,any,until_broken,any,180860,36656,1246,1246,156,1090,0.12520064205457465,156,1090,3694.339285714334,2.964959298326111,-0.8339285714287215,16.0273800519865,31.401304945055063,-1.1048296199213357,331.3928571428559,-5.964285714286088,3301.0138313977923,2.649288789243815,-1.0,11.782380811998829,28.147524560242264,-1.0,187.4545454544435,-1.0,0.2248517368022817,0.0,7.93697966575329,67.36762921219984,67.19821428571004,49.0,4.067714728020188,2.9649592983261113,2.6492887892438146,4898.60357142859,1204.264285714256,4,49,2.325040128410915,7.202457264957265,1.626987767584098,686,90,0.13119533527696792,2.7605826187939195,560,66,0.11785714285714285,2.5129538480449365,1246,0.12520064205457465,1246,0.12520064205457465,1246.0,0.12520064205457465,1090,0.0,156.0,1.0,,,,
M5@M15,wick_touch,any,any,any,both,limit,zone,htf_zone,H4,2.0,1.5,False,0.5,3.0,H1,none,any,until_broken,any,180860,36656,1006,1006,93,913,0.09244532803180915,93,913,2713.818571428592,2.6976327747799123,-0.8446428571429188,18.352835061185875,39.961797235023134,-1.0981693005789253,331.3928571428559,-5.964285714286088,2528.2167268295193,2.5131378994329214,-1.0,15.780299549746413,37.00233039601633,-1.0,197.26101694904662,-1.0,0.15925793369830596,0.0,5.051263998498706,38.10853723866299,138.0328571428447,66.34252873564822,3.7067038071355847,2.697632774779913,2.5131378994329214,3716.4471428571514,1002.6285714285588,4,51,3.9729953611663356,15.093189964157707,2.840270171595473,562,49,0.08718861209964412,2.6107908400732933,444,44,0.0990990990990991,2.389532150243982,1006,0.09244532803180915,1006,0.09244532803180915,1006.0,0.09244532803180915,913,0.0,93.0,1.0,,,,
M5@H1,wick_touch,any,any,any,both,limit,zone,htf_zone,H4,2.0,1.5,False,0.5,3.0,H1,none,any,until_broken,any,140679,16893,244,244,27,217,0.11065573770491803,27,217,1139.430714285705,4.669798009367644,-1.0250000000011639,19.919439965371154,53.12005291005263,-1.3585747202106724,135.57285714285604,-7.973214285714736,924.686194597066,3.789697518840435,-1.0,15.703847792167108,42.2846738739654,-1.0,119.02168674695929,-1.0,0.24132286360612148,0.0,3.769583634537152,25.685727627696277,78.98035714285047,36.0,4.864956933625639,4.669798009367644,3.789697518840434,1434.241428571421,294.8107142857159,4,36,7.875341530054644,31.25617283950617,4.96620583717358,145,21,0.14482758620689656,5.2054495534871075,99,6,0.06060606060606061,1.7161213064791443,244,0.11065573770491803,244,0.11065573770491803,,,217,0.0,27.0,1.0,244.0,0.11065573770491803,,
M5@H1,wick_touch,any,any,any,both,limit,zone,htf_zone,D1,2.0,1.5,False,0.5,3.0,H1,none,any,until_broken,any,140679,16893,191,191,18,173,0.09424083769633508,18,173,575.9103571428479,3.0152374719520836,-1.0553571428584263,25.684450045525114,45.43678571428529,-1.3985652353427007,207.45928571428428,-7.973214285714736,528.3639693087865,2.7663035042344846,-1.0,23.445560936763723,38.96466496159925,-1.0,212.13012048187565,-1.0,0.11798836938453423,0.0,1.6306317071043563,9.435070880514045,86.94464285714514,56.0,3.380269091392123,3.0152374719520836,2.766303504234484,817.8621428571353,241.9517857142872,2,52,16.56500872600349,70.32870370370371,10.971098265895954,121,9,0.0743801652892562,4.722016275279228,70,9,0.12857142857142856,-0.6142857142857143,191,0.09424083769633508,191,0.09424083769633508,,,173,0.0,18.0,1.0,191.0,0.09424083769633508,,
M15@H1,wick_touch,any,any,any,both,limit,zone,htf_zone,H4,2.0,1.5,False,0.5,3.0,H1,none,any,until_broken,any,56417,10631,301,301,34,267,0.11295681063122924,34,267,1402.9846428571389,4.661078547698136,-1.526785714285328,22.456729915095284,57.578802521008164,-2.0775080256821674,146.1321428571427,-7.27499999999992,768.6171567609886,2.5535453712989655,-1.0,11.599172874714732,30.459328140029083,-1.0,87.52299465241076,-1.0,0.2201489191410786,0.0,3.8194409965719505,26.50403988830995,112.77678571429021,29.0,3.529291856201461,4.661078547698136,2.5535453712989664,1957.6792857142775,554.6946428571387,4,29,9.511627906976743,32.794117647058826,6.546816479400749,182,20,0.10989010989010989,3.0580171283416764,119,14,0.11764705882352941,1.7820003311159969,301,0.11295681063122924,301,0.11295681063122924,,,267,0.0,34.0,1.0,301.0,0.11295681063122924,,
M15@H1,wick_touch,any,any,any,both,limit,zone,htf_zone,D1,2.0,1.5,False,0.5,3.0,H1,none,any,until_broken,any,56417,10631,240,240,32,208,0.13333333333333333,32,208,1360.2642857142746,5.6677678571428105,-1.5482142857137227,31.90778779873899,55.96908482142851,-2.0708962912088364,218.8871428571426,-7.27499999999992,736.5781264167917,3.0690755267366328,-1.0,17.88139334065706,29.518066450524742,-1.0,130.7657754010761,-1.0,0.17163514432392987,0.0,2.6589602223619475,16.740411964017994,68.27500000000867,44.0,4.157923538044329,5.66776785714281,3.0690755267366323,1791.0107142857123,430.746428571438,2,41,16.867708333333333,53.234375,11.272836538461538,143,11,0.07692307692307693,3.327509064486198,97,21,0.21649484536082475,2.688085878301706,240,0.13333333333333333,240,0.13333333333333333,,,208,0.0,32.0,1.0,240.0,0.13333333333333333,,
H1@H4,wick_touch,any,any,any,both,limit,zone,htf_zone,D1,2.0,1.5,False,0.5,3.0,H1,none,any,until_broken,any,11273,2404,77,77,12,65,0.15584415584415584,12,65,167.9471428571366,2.181131725417359,-2.9821428571441544,21.810334671838206,33.662559523809364,-3.6308241758242428,156.80642857142766,-16.060714285714983,31.52746275341496,0.4094475682261682,-1.0,5.996743927442872,8.043955229451246,-1.0,45.00850845720444,-1.0,0.06827831456207678,0.0,0.5991397787133808,1.3707592501484764,72.16249999999921,23.0,1.711629666621228,2.1811317254173583,0.40944756822616823,403.95071428571237,236.00357142857578,3,23,31.948051948051948,16.0,34.89230769230769,43,6,0.13953488372093023,0.6374439124659939,34,6,0.17647058823529413,0.12109925051109476,77,0.15584415584415584,77,0.15584415584415584,,,65,0.0,12.0,1.0,,,77.0,0.15584415584415584
