tf_pair,touch_type,bias_filter,zone_role_filter,age_filter,direction,entry_mode,sl_mode,tp_mode,tp_htf,fixed_rr,sl_atr_mult,partial_tp,partial_unit1_pct,partial_unit1_rr,partial_unit2_tp,cascade_filter,session_filter,touch_policy,retest_number_filter,total_candidates,passed_filters,num_trades,total_trades,wins,losses,win_rate,tp_hits,sl_hits,total_pnl_pips,avg_pnl_pips,median_pnl_pips,std_pnl_pips,avg_win_pips,avg_loss_pips,largest_win_pips,largest_loss_pips,total_r,avg_r,median_r,std_r,avg_win_r,avg_loss_r,largest_win_r,largest_loss_r,sharpe,sortino,sqn,calmar,max_dd_pips,max_dd_r,profit_factor,expectancy_pips,expectancy_r,gross_profit_pips,gross_loss_pips,max_win_streak,max_loss_streak,avg_hold_hours,avg_win_hold_hours,avg_loss_hold_hours,long_trades,long_wins,long_win_rate,long_avg_r,short_trades,short_wins,short_win_rate,short_avg_r,signal_type_wick_touch_n,signal_type_wick_touch_wr,struct_cls_none_n,struct_cls_none_wr,zone_tf_m15_n,zone_tf_m15_wr,exit_reason_tp_hit_n,exit_reason_tp_hit_wr,exit_reason_sl_hit_n,exit_reason_sl_hit_wr,zone_tf_h1_n,zone_tf_h1_wr,zone_tf_h4_n,zone_tf_h4_wr
M5@M15,wick_touch,any,any,any,both,limit,zone,htf_zone,H1,2.0,1.5,False,0.5,3.0,H1,none,any,until_broken,any,250131,49122,1702,1702,220,1482,0.12925969447708577,220,1482,4024.9914285714276,2.3648598287728717,-0.7589285714282301,12.233568573716662,24.821016233766265,-0.9687126470021258,223.2035714285707,-4.432142857143662,4266.42622937656,2.5067134132647237,-1.0,11.387208900592187,26.129210133529817,-1.0,139.128619528601,-1.0,0.220134137798628,0.0,9.081700487168456,118.51183970490443,40.29107142857447,36.0,3.803637024008821,2.3648598287728717,2.5067134132647233,5460.6235714285785,1435.6321428571505,7,36,2.4907461809635723,6.6477272727272725,1.873650472334683,866,105,0.12124711316397228,2.3271902179467983,836,115,0.1375598086124402,2.692678828510327,1702,0.12925969447708577,1702,0.12925969447708577,1702.0,0.12925969447708577,220,1.0,1482,0.0,,,,
M5@M15,wick_touch,with_daily,any,any,both,limit,zone,htf_zone,H1,2.0,1.5,False,0.5,3.0,H1,none,any,until_broken,any,250131,17470,745,745,112,633,0.15033557046979865,112,633,2233.400714285712,2.9978533077660567,-0.7499999999993623,14.626730922745748,25.267512755102008,-0.9424339878131311,217.0964285714283,-3.7874999999998327,2474.0973014766896,3.320935975136496,-1.0,13.190601449165214,27.741940191756157,-1.0,139.128619528601,-1.0,0.2517653185061297,0.0,6.871855850049333,95.15758851833422,33.29285714285311,26.0,4.743794488646239,2.997853307766057,3.3209359751364955,2829.9614285714247,596.560714285712,3,26,2.9616331096196866,7.145833333333334,2.2213006845708265,358,49,0.13687150837988826,2.596221860651017,387,63,0.16279069767441862,3.9913433471928315,745,0.15033557046979865,745,0.15033557046979865,745.0,0.15033557046979865,112,1.0,633,0.0,,,,
M5@M15,wick_touch,against_daily,any,any,both,limit,zone,htf_zone,H1,2.0,1.5,False,0.5,3.0,H1,none,any,until_broken,any,250131,17300,706,706,85,621,0.12039660056657224,85,621,1333.7571428571514,1.8891744233104126,-0.7428571428569342,9.388418621615248,22.763151260504234,-0.967972164711286,86.94142857142872,-4.110714285714412,1354.8709091176452,1.9190806078153608,-1.0,8.82260093179138,23.245540107266415,-1.0,51.07474747471876,-1.0,0.2175186912172511,0.0,5.7796152991682135,28.827040619524364,46.84321428571672,47.0,3.218821110919702,1.8891744233104126,1.9190806078153615,1934.86785714286,601.1107142857086,3,47,2.0140462700661,5.2176470588235295,1.5755501878690283,368,45,0.12228260869565218,1.8143650410715488,338,40,0.11834319526627218,2.033090455631108,706,0.12039660056657224,706,0.12039660056657224,706.0,0.12039660056657224,85,1.0,621,0.0,,,,
M5@M15,wick_touch,any,any,any,both,limit,zone,htf_zone,H1,2.0,1.5,False,0.5,3.0,H1,none,any,until_broken,4-10,250131,13216,909,909,129,780,0.1419141914191419,129,780,2442.662142857139,2.6871970768505378,-0.7696428571424274,13.873790344809802,24.98987818383169,-1.0013232600732676,223.23785714285725,-4.432142857143662,2319.7998647344184,2.5520350547133313,-1.0,11.467863739395591,24.02945631577068,-1.0,139.128619528601,-1.0,0.22253796458588154,0.0,6.709436595196545,72.49374577295058,32.07678571428926,32.0,4.127479662900254,2.6871970768505378,2.552035054713331,3223.6942857142876,781.0321428571488,7,32,2.2095709570957096,4.651808785529716,1.8056623931623932,492,68,0.13821138211382114,2.2793354709369926,417,61,0.14628297362110312,2.8737813262192273,909,0.1419141914191419,909,0.1419141914191419,909.0,0.1419141914191419,129,1.0,780,0.0,,,,
M5@M15,wick_touch,any,any,any,both,limit,zone,htf_zone,H4,2.0,1.5,False,0.5,3.0,H1,none,any,until_broken,any,250131,49122,1359,1359,128,1231,0.094186902133922,128,1231,3365.9328571428787,2.4767717859770997,-0.7839285714283939,15.586197300352543,35.71088727678578,-0.9789282813043872,217.0964285714283,-4.432142857143662,3671.572276495657,2.701672020968108,-1.0,15.800911198268786,38.301345910122336,-1.0,197.50735694829825,-1.0,0.17098203939429232,0.0,6.303187427325256,64.41354871045013,68.92499999999836,57.0,3.7931645412057393,2.4767717859771006,2.701672020968108,4570.99357142858,1205.0607142857007,5,57,4.589833210694137,15.134114583333334,3.493433522881127,689,52,0.07547169811320754,2.4564484310625936,670,76,0.11343283582089553,2.9538497126769134,1359,0.094186902133922,1359,0.094186902133922,1359.0,0.094186902133922,128,1.0,1231,0.0,,,,
M5@M15,wick_touch,with_daily,any,any,both,limit,zone,htf_zone,H4,2.0,1.5,False,0.5,3.0,H1,none,any,until_broken,any,250131,17470,722,722,83,639,0.1149584487534626,83,639,2025.1025000000066,2.80485110803325,-0.7741071428568613,15.437660662523019,31.6126161790017,-0.9370025709814305,217.0964285714283,-3.7874999999998327,2258.795534951469,3.1285256716779344,-1.0,15.329614471173729,34.91319921628276,-1.0,139.128619528601,-1.0,0.2040837802908161,0.0,5.483742949005219,52.53012871980161,38.98750000000399,43.0,4.382247380680473,2.804851108033251,3.1285256716779353,2623.847142857141,598.7446428571341,4,43,4.341412742382271,10.86546184738956,3.4940010432968176,332,29,0.08734939759036145,2.2080080758382756,390,54,0.13846153846153847,3.912145778905542,722,0.1149584487534626,722,0.1149584487534626,722.0,0.1149584487534626,83,1.0,639,0.0,,,,
M5@M15,wick_touch,against_daily,any,any,both,limit,zone,htf_zone,H4,2.0,1.5,False,0.5,3.0,H1,none,any,until_broken,any,250131,17300,605,605,35,570,0.05785123966942149,35,570,1156.8678571428625,1.9121782762691941,-0.7946428571437014,15.356633971596878,49.11602040816316,-0.9863032581453475,187.75428571428554,-4.110714285714412,1108.203000374579,1.8317404964869075,-1.0,14.720441277541275,47.9486571535594,-1.0,197.50735694829825,-1.0,0.12443516209541644,0.0,3.0607002936021197,19.106948282320328,59.98749999999831,58.0,3.057777580139039,1.9121782762691946,1.8317404964869075,1719.0607142857107,562.1928571428481,2,58,5.056473829201102,27.619047619047617,3.6710526315789473,322,17,0.052795031055900624,1.5287758271983567,283,18,0.0636042402826855,2.1764564806244104,605,0.05785123966942149,605,0.05785123966942149,605.0,0.05785123966942149,35,1.0,570,0.0,,,,
M5@M15,wick_touch,any,any,any,both,limit,zone,htf_zone,H4,2.0,1.5,False,0.5,3.0,H1,none,any,until_broken,4-10,250131,13216,794,794,77,717,0.09697732997481108,77,717,2058.1628571428646,2.592144656351215,-0.8053571428578987,15.501021052857238,36.16134508348797,-1.0129159195058706,172.4085714285717,-4.432142857143662,2114.611719003036,2.6632389408098693,-1.0,15.028132372390218,36.774178168870606,-1.0,139.128619528601,-1.0,0.17721689394370715,0.0,4.993618631238252,49.9394612615925,59.27964285714097,42.34350282487617,3.8339173752047238,2.592144656351215,2.66323894080987,2784.4235714285737,726.2607142857091,4,41,4.2477959697733,13.832251082251082,3.218503021850302,428,37,0.08644859813084112,2.4687688209341543,366,40,0.1092896174863388,2.8906520864568814,794,0.09697732997481108,794,0.09697732997481108,794.0,0.09697732997481108,77,1.0,717,0.0,,,,
M5@M15,wick_touch,any,any,any,both,limit,zone,htf_zone,D1,2.0,1.5,False,0.5,3.0,H1,none,any,until_broken,any,250131,49122,990,990,100,890,0.10101010101010101,100,890,1739.3632142857227,1.7569325396825481,-0.7812499999998446,16.89012292521032,26.111864285714223,-0.979576645264831,224.2085714285713,-4.432142857143662,1936.9273829126155,1.9564923059723387,-1.0,19.048391042214405,28.269273829126156,-1.0,243.9170731705877,-1.0,0.10271168318817196,0.0,3.2317476641461247,20.827176160350703,94.12321428571067,93.0,2.995087060982672,1.7569325396825484,1.9564923059723391,2611.1864285714223,871.8232142856996,7,73,8.418265993265994,16.548333333333332,7.504775280898876,471,28,0.059447983014861996,1.5171841193825655,519,72,0.13872832369942195,2.3551708336867567,990,0.10101010101010101,990,0.10101010101010101,990.0,0.10101010101010101,100,1.0,890,0.0,,,,
M5@M15,wick_touch,with_daily,any,any,both,limit,zone,htf_zone,D1,2.0,1.5,False,0.5,3.0,H1,none,any,until_broken,any,250131,17470,658,658,70,588,0.10638297872340426,70,588,1270.18071428571,1.9303658271819302,-0.7758928571421908,16.667061696718736,26.027785714285578,-0.9383746355685036,224.2085714285713,-3.7874999999998327,1627.464801762836,2.4733507625575015,-1.0,20.787585875312583,31.649497168040515,-1.0,243.9170731705877,-1.0,0.11898210679167234,0.0,3.0520707827101385,21.699530690171148,53.830357142850744,75.0,3.302035030486637,1.9303658271819304,2.4733507625575015,1821.9449999999904,551.7642857142802,5,63,6.334853090172238,12.341666666666667,5.619756235827664,310,19,0.06129032258064516,1.3271224279649347,348,51,0.14655172413793102,3.494416233027892,658,0.10638297872340426,658,0.10638297872340426,658.0,0.10638297872340426,70,1.0,588,0.0,,,,
M5@M15,wick_touch,against_daily,any,any,both,limit,zone,htf_zone,D1,2.0,1.5,False,0.5,3.0,H1,none,any,until_broken,any,250131,17300,477,477,11,466,0.023060796645702306,11,466,393.1457142857274,0.824204851752049,-0.8482142857146879,14.648330387365593,78.28467532467525,-1.0042611894542925,185.8164285714281,-4.110714285714412,431.6867496616788,0.9050036680538338,-1.0,15.690440019386406,81.6078863328799,-1.0,193.7750465549629,-1.0,0.05767866719707362,0.0,1.2597211063858065,4.572493733991278,81.68499999999801,94.40947867300068,1.8400805885406069,0.824204851752049,0.9050036680538341,861.1314285714277,467.9857142857003,2,73,11.587875611460518,78.95454545454545,9.997675250357654,274,5,0.01824817518248175,0.8066278669309751,203,6,0.029556650246305417,1.037786769076806,477,0.023060796645702306,477,0.023060796645702306,477.0,0.023060796645702306,11,1.0,466,0.0,,,,
M5@M15,wick_touch,any,any,any,both,limit,zone,htf_zone,D1,2.0,1.5,False,0.5,3.0,H1,none,any,until_broken,4-10,250131,13216,632,632,63,569,0.09968354430379747,63,569,1150.5607142857089,1.8205074593128305,-0.8053571428578987,17.346899039161812,27.415249433106514,-1.0133567662565934,224.2085714285713,-4.432142857143662,919.2798766109045,1.4545567667894055,-1.0,14.872232740530878,23.62349010493499,-1.0,193.7750465549629,-1.0,0.09780352366496678,0.0,2.45874245916308,10.689300890824471,90.05357142857753,86.0,2.995422674793107,1.8205074593128303,1.4545567667894055,1727.1607142857104,576.6000000000016,8,86,9.205432489451477,19.043650793650794,8.11613942589338,326,16,0.049079754601226995,1.1104563198462218,306,47,0.15359477124183007,1.8211474390229938,632,0.09968354430379747,632,0.09968354430379747,632.0,0.09968354430379747,63,1.0,569,0.0,,,,
M5@H1,wick_touch,any,any,any,both,limit,zone,htf_zone,H4,2.0,1.5,False,0.5,3.0,H1,none,any,until_broken,any,189356,23768,378,378,35,343,0.09259259259259259,35,343,1082.8689285714265,2.8647326152683243,-0.931249999999717,15.92178634820521,42.338551020408204,-1.1632080383173782,158.94142857142967,-3.6321428571428616,1112.8057482025413,2.9439305508003746,-1.0,16.079640213003522,41.59444994864405,-1.0,197.50735694829825,-1.0,0.18308435461258848,0.0,3.559566684538617,21.400110542356565,61.96071428571713,52.0,3.714090829749018,2.8647326152683235,2.9439305508003746,1481.8492857142871,398.9803571428607,2,52,6.244708994708994,20.10952380952381,4.829931972789116,230,22,0.09565217391304348,3.8744837205166722,148,13,0.08783783783783784,1.4978006248899098,378,0.09259259259259259,378,0.09259259259259259,,,35,1.0,343,0.0,378.0,0.09259259259259259,,
M5@H1,wick_touch,with_daily,any,any,both,limit,zone,htf_zone,H4,2.0,1.5,False,0.5,3.0,H1,none,any,until_broken,any,189356,7727,136,136,11,125,0.08088235294117647,11,125,289.0967857142845,2.125711659663857,-1.0133928571431916,12.82252808806996,39.74435064935071,-1.1847285714285862,86.41357142857075,-3.6321428571428616,297.79014282242247,2.1896334031060474,-1.0,11.778111476255551,38.43546752931113,-1.0,58.9422655298217,-1.0,0.18590700279245162,0.0,2.168029580395313,6.335960485583457,48.923214285715574,47.0,2.952155406301592,2.125711659663857,2.189633403106048,437.1878571428578,148.0910714285733,1,47,4.7120098039215685,15.65151515151515,3.7493333333333334,86,9,0.10465116279069768,3.668877629718078,50,2,0.04,-0.3546666666666447,136,0.08088235294117647,136,0.08088235294117647,,,11,1.0,125,0.0,136.0,0.08088235294117647,,
M5@H1,wick_touch,against_daily,any,any,both,limit,zone,htf_zone,H4,2.0,1.5,False,0.5,3.0,H1,none,any,until_broken,any,189356,8855,150,150,14,136,0.09333333333333334,14,136,631.1767857142879,4.207845238095253,-0.9169642857143057,20.754999788263653,56.42270408163263,-1.167213760504181,158.94142857142967,-3.1678571428572777,625.9525419271309,4.173016946180874,-1.0,20.921082284113837,54.425181566223635,-1.0,197.50735694829825,-1.0,0.19946467823749262,0.0,2.442933416951426,29.80726390129195,26.685714285714624,21.0,4.97614039034825,4.2078452380952545,4.173016946180873,789.9178571428569,158.74107142856863,2,21,8.779444444444445,33.988095238095234,6.184436274509804,83,8,0.0963855421686747,5.206897516720877,67,6,0.08955223880597014,2.8922395229746,150,0.09333333333333334,150,0.09333333333333334,,,14,1.0,136,0.0,150.0,0.09333333333333334,,
M5@H1,wick_touch,any,any,any,both,limit,zone,htf_zone,H4,2.0,1.5,False,0.5,3.0,H1,none,any,until_broken,4-10,189356,3515,86,86,9,77,0.10465116279069768,9,77,296.6728571428644,3.4496843853821444,-1.063392857142964,15.207273974415983,43.889047619047886,-1.2769944341372264,86.41357142857075,-3.1678571428572777,289.2250273631401,3.3630817135248847,-1.0,14.33806999549086,40.69166970701557,-1.0,74.31090047396312,-1.0,0.2345560953867941,0.0,2.175183744410228,19.281668490876008,20.919642857140047,15.0,4.017158215894461,3.4496843853821457,3.3630817135248856,395.00142857143095,98.32857142856643,2,15,5.1937984496124034,16.10185185185185,3.918831168831169,47,6,0.1276595744680851,3.957918730597711,39,3,0.07692307692307693,2.646226846796094,86,0.10465116279069768,86,0.10465116279069768,,,9,1.0,77,0.0,86.0,0.10465116279069768,,
M5@H1,wick_touch,any,any,any,both,limit,zone,htf_zone,D1,2.0,1.5,False,0.5,3.0,H1,none,any,until_broken,any,189356,23768,347,347,39,308,0.11239193083573487,39,308,1026.9796428571365,2.9595955125565894,-0.939285714285365,21.101350692529742,35.72168498168495,-1.1888508812616116,192.14071428571344,-3.6321428571428616,988.22201248597,2.847902053273688,-1.0,19.656702252240596,33.23646185861462,-1.0,178.16603773572635,-1.0,0.14488198563159627,0.0,2.6988523573756793,24.70555031214925,50.80535714286134,40.0,3.804682691791823,2.9595955125565903,2.847902053273689,1393.145714285713,366.1660714285764,4,40,9.949087415946206,18.13888888888889,8.9120670995671,201,13,0.06467661691542288,2.3067910475104516,146,26,0.1780821917808219,3.592856246139514,347,0.11239193083573487,347,0.11239193083573487,,,39,1.0,308,0.0,347.0,0.11239193083573487,,
M5@H1,wick_touch,with_daily,any,any,both,limit,zone,htf_zone,D1,2.0,1.5,False,0.5,3.0,H1,none,any,until_broken,any,189356,7727,134,134,10,124,0.07462686567164178,10,124,189.7182142857134,1.4158075692963688,-1.0044642857143238,15.171441291690469,33.55164285714285,-1.1757920506912505,128.01357142857128,-3.6321428571428616,152.2117108062577,1.135908289598938,-1.0,11.66495111082209,27.62117108062577,-1.0,87.31741778316226,-1.0,0.09737788686873328,0.0,1.1272305363308144,2.536861846770962,61.7875000000011,60.0,2.3012382573762533,1.415807569296369,1.1359082895989379,335.5164285714285,145.79821428571506,3,60,5.54726368159204,15.533333333333335,4.741935483870968,84,7,0.08333333333333333,2.3001394143602107,50,3,0.06,-0.82,134,0.07462686567164178,134,0.07462686567164178,,,10,1.0,124,0.0,134.0,0.07462686567164178,,
M5@H1,wick_touch,against_daily,any,any,both,limit,zone,htf_zone,D1,2.0,1.5,False,0.5,3.0,H1,none,any,until_broken,any,189356,8855,137,137,8,129,0.058394160583941604,8,129,608.1467857142851,4.439027632950986,-0.9571428571431007,28.29551815577112,95.27482142857119,-1.1941998892580172,192.14071428571344,-3.1678571428572777,450.08795603546196,3.2853135477041016,-1.0,21.222841326177605,72.38599450443273,-1.0,157.99416058392993,-1.0,0.15480083449767806,0.0,1.811897313724296,6.523013855586405,82.65892857143184,69.0,4.947677613047596,4.439027632950988,3.285313547704101,762.1985714285695,154.05178571428422,1,69,18.76338199513382,74.30208333333333,15.319121447028424,76,3,0.039473684210526314,2.9077819247264194,61,5,0.08196721311475409,3.7556808156762957,137,0.058394160583941604,137,0.058394160583941604,,,8,1.0,129,0.0,137.0,0.058394160583941604,,
M5@H1,wick_touch,any,any,any,both,limit,zone,htf_zone,D1,2.0,1.5,False,0.5,3.0,H1,none,any,until_broken,4-10,189356,3515,82,82,10,72,0.12195121951219512,10,72,322.5903571428612,3.9340287456446488,-1.047321428571668,26.696279236502157,41.48242857142847,-1.281026785714216,192.14071428571344,-3.1678571428572777,244.08965543807008,2.976703115098416,-1.0,19.318698198005777,31.608965543807006,-1.0,116.57508125676438,-1.0,0.15408404254721955,0.0,1.3952903489062254,7.179107512884414,43.19999999999769,34.0,4.497523765270993,3.9340287456446488,2.9767031150984153,414.8242857142847,92.23392857142355,2,19,10.059959349593495,31.65833333333333,7.060185185185185,43,2,0.046511627906976744,1.123660878678192,39,8,0.20512820512820512,5.019800965510457,82,0.12195121951219512,82,0.12195121951219512,,,10,1.0,72,0.0,82.0,0.12195121951219512,,
M15@H1,wick_touch,any,any,any,both,limit,zone,htf_zone,H4,2.0,1.5,False,0.5,3.0,H1,none,any,until_broken,any,212624,40023,1196,1196,164,1032,0.13712374581939799,164,1032,6671.902500000009,5.5785137959866296,-1.5214285714287845,23.818176969758575,52.45679878048773,-1.8711361434108322,243.4228571428576,-8.178571428569814,3551.185627816313,2.969218752354777,-1.0,12.048989524911887,27.946253828148258,-1.0,128.3801418438992,-1.0,0.24642885996504263,0.0,8.522306665235066,95.97798994098143,73.37321428571136,37.0,4.455131699043938,5.578513795986629,2.9692187523547777,8602.914999999988,1931.012499999979,3,37,8.90698160535117,26.620426829268293,6.092054263565892,671,96,0.14307004470938897,3.1697953403379757,525,68,0.1295238095238095,2.7128627703800587,1196,0.13712374581939799,1196,0.13712374581939799,,,164,1.0,1032,0.0,1196.0,0.13712374581939799,,
M15@H1,wick_touch,with_daily,any,any,both,limit,zone,htf_zone,H4,2.0,1.5,False,0.5,3.0,H1,none,any,until_broken,any,212624,12830,509,509,72,437,0.14145383104125736,72,437,2274.087857142869,4.467756104406422,-1.532142857143537,18.835399310941884,42.67329365079355,-1.826977770513197,171.44428571428614,-8.178571428569814,1279.3371436954137,2.513432502348553,-1.0,10.133693701189816,23.838015884658525,-1.0,77.66060606058184,-1.0,0.24802728170612123,0.0,5.595750532993636,39.97928574048168,54.43035714285497,32.0,3.8483446582181897,4.467756104406422,2.5134325023485533,3072.4771428571357,798.3892857142671,3,32,5.553536345776031,16.447916666666668,3.7585812356979407,283,38,0.13427561837455831,2.415698526659673,226,34,0.1504424778761062,2.6358161975695835,509,0.14145383104125736,509,0.14145383104125736,,,72,1.0,437,0.0,509.0,0.14145383104125736,,
M15@H1,wick_touch,against_daily,any,any,both,limit,zone,htf_zone,H4,2.0,1.5,False,0.5,3.0,H1,none,any,until_broken,any,212624,14990,502,502,53,449,0.10557768924302789,53,449,2517.785357142862,5.0155086795674535,-1.4696428571436826,23.746175712523822,62.53951482479781,-1.7746301304486012,175.6442857142859,-5.057142857143315,1399.518757507783,2.787885971131042,-1.0,13.298098860339971,34.87771240580722,-1.0,128.3801418438992,-1.0,0.20964545386600988,0.0,4.697181132977097,49.982812768135105,54.80000000000041,28.0,4.159835773498339,5.015508679567455,2.7878859711310415,3314.594285714284,796.8089285714219,2,28,11.355577689243027,41.617924528301884,7.783407572383074,272,31,0.11397058823529412,3.4016456271192124,230,22,0.09565217391304348,2.0620484649189454,502,0.10557768924302789,502,0.10557768924302789,,,53,1.0,449,0.0,502.0,0.10557768924302789,,
M15@H1,wick_touch,any,any,any,both,limit,zone,htf_zone,H4,2.0,1.5,False,0.5,3.0,H1,none,any,until_broken,4-10,212624,9473,558,558,85,473,0.15232974910394265,85,473,3481.3560714285813,6.238989375320038,-1.415178571428366,24.60396616641614,51.02660504201671,-1.809525067955264,226.1814285714292,-8.178571428569814,1813.7450209046406,3.250439105563872,-1.0,11.992039212681371,26.90288259887813,-1.0,78.57435897438043,-1.0,0.2710497395744495,0.0,6.402743350974198,67.50941875572857,39.34642857142825,26.866547725249575,5.0674544707255365,6.2389893753200365,3.2504391055638724,4337.261428571421,855.9053571428399,3,25,9.44399641577061,22.53235294117647,7.091966173361522,312,49,0.15705128205128205,3.103758283337652,246,36,0.14634146341463414,3.4364733191190786,558,0.15232974910394265,558,0.15232974910394265,,,85,1.0,473,0.0,558.0,0.15232974910394265,,
M15@H1,wick_touch,any,any,any,both,limit,zone,htf_zone,D1,2.0,1.5,False,0.5,3.0,H1,none,any,until_broken,any,212624,40023,918,918,99,819,0.10784313725490197,99,819,5027.597499999998,5.4766857298474925,-1.5803571428574248,30.06899291319754,66.36352092352084,-1.883261381475658,250.08142857142923,-8.178571428569814,2797.4374336752326,3.047317465877159,-1.0,17.681978287357236,36.529671047224575,-1.0,256.1730659025625,-1.0,0.17234030131436237,0.0,5.221655172609633,41.752797517540785,131.69285714285797,67.0,4.259612683924209,5.476685729847494,3.0473174658771605,6569.988571428563,1542.391071428564,4,55,17.747004357298476,50.21969696969697,13.821733821733822,536,61,0.11380597014925373,3.144857698421183,382,38,0.09947643979057591,2.9104547312080586,918,0.10784313725490197,918,0.10784313725490197,,,99,1.0,819,0.0,918.0,0.10784313725490197,,
M15@H1,wick_touch,with_daily,any,any,both,limit,zone,htf_zone,D1,2.0,1.5,False,0.5,3.0,H1,none,any,until_broken,any,212624,12830,482,482,51,431,0.10580912863070539,51,431,1282.4035714285774,2.6605883224659284,-1.5812499999995344,20.733632755097936,40.73340336134438,-1.8445475638050712,222.2442857142859,-8.178571428569814,744.4617204267026,1.544526390926769,-1.0,11.800907334220769,23.048269027974555,-1.0,116.53883357037725,-1.0,0.1308820031530869,0.0,2.8734487288263493,16.919584555152333,78.94285714285422,44.0,2.613086253369309,2.6605883224659292,1.5445263909267686,2077.4035714285633,794.9999999999857,6,37,11.101141078838173,21.357843137254903,9.887470997679815,263,25,0.09505703422053231,0.7322376022487271,219,26,0.1187214611872146,2.5200147535857877,482,0.10580912863070539,482,0.10580912863070539,,,51,1.0,431,0.0,482.0,0.10580912863070539,,
M15@H1,wick_touch,against_daily,any,any,both,limit,zone,htf_zone,D1,2.0,1.5,False,0.5,3.0,H1,none,any,until_broken,any,212624,14990,458,458,28,430,0.0611353711790393,28,430,2744.663571428577,5.992715221459775,-1.539285714285965,33.07034092304261,125.10150510204095,-1.7632059800664404,225.3285714285713,-5.057142857143315,1574.7919149185057,3.43841029458189,-1.0,20.63150988168822,71.5997112470895,-1.0,218.57435897442028,-1.0,0.16665819972941961,0.0,3.5666412261355096,20.99722553224674,182.3410714285757,75.0,4.620075368599574,5.992715221459775,3.438410294581891,3502.8421428571464,758.1785714285694,2,75,18.782205240174672,124.53571428571429,11.89593023255814,246,16,0.06504065040650407,2.799311185576423,212,12,0.05660377358490566,4.180006430503329,458,0.0611353711790393,458,0.0611353711790393,,,28,1.0,430,0.0,458.0,0.0611353711790393,,
M15@H1,wick_touch,any,any,any,both,limit,zone,htf_zone,D1,2.0,1.5,False,0.5,3.0,H1,none,any,until_broken,4-10,212624,9473,504,504,54,450,0.10714285714285714,54,450,2682.231428571441,5.321887755102066,-1.4339285714282113,29.25419150777438,64.46572751322749,-1.7753730158729857,250.08142857142923,-8.178571428569814,1534.8078149383402,3.0452536010681364,-1.0,18.331258250950878,36.755700276635935,-1.0,218.57435897442028,-1.0,0.16612354478777655,0.0,3.729464330833535,41.481292295630816,54.392857142854496,37.0,4.357330674975597,5.321887755102066,3.045253601068136,3481.1492857142844,798.9178571428436,5,37,17.09672619047619,36.291666666666664,14.793333333333333,285,30,0.10526315789473684,2.195591812642874,219,24,0.1095890410958904,4.150977846279094,504,0.10714285714285714,504,0.10714285714285714,,,54,1.0,450,0.0,504.0,0.10714285714285714,,
M15@H4,wick_touch,any,any,any,both,limit,zone,htf_zone,D1,2.0,1.5,False,0.5,3.0,H1,none,any,until_broken,any,146307,17872,202,202,13,189,0.06435643564356436,13,189,858.9600000000006,4.252277227722775,-1.794642857142481,28.76765610446165,95.45543956043943,-2.0209561602418615,218.44642857142824,-5.0678571428575125,393.93975735467194,1.9501968185874852,-1.0,13.389374726739444,44.841519796513225,-1.0,102.36820083677699,-1.0,0.14565256842747232,0.0,2.070111948490453,7.501054198110682,70.90535714285751,52.51791907514746,3.248817660754208,4.252277227722777,1.950196818587485,1240.9207142857126,381.9607142857118,1,39,23.521039603960396,68.46153846153847,20.42989417989418,126,8,0.06349206349206349,1.2955007469948907,76,5,0.06578947368421052,3.0356139899120484,202,0.06435643564356436,202,0.06435643564356436,,,13,1.0,189,0.0,,,202.0,0.06435643564356436
M15@H4,wick_touch,with_daily,any,any,both,limit,zone,htf_zone,D1,2.0,1.5,False,0.5,3.0,H1,none,any,until_broken,any,146307,5048,81,81,3,78,0.037037037037037035,3,78,61.982142857145405,0.7652116402116717,-1.6499999999997073,19.227665092019684,70.49761904761881,-1.9168040293039879,165.74428571428544,-4.2517857142854165,20.904840482891885,0.25808445040607264,-1.0,8.401601683176187,32.968280160963964,-1.0,69.36980568011168,-1.0,0.030718482039308603,0.0,0.27646633835377743,0.4266293976100385,82.33571428571283,49.0,1.4145665623581942,0.7652116402116711,0.25808445040607264,211.49285714285645,149.51071428571106,1,49,14.416666666666666,32.25,13.73076923076923,47,1,0.02127659574468085,-0.3928715999408468,34,2,0.058823529411764705,1.1579354611797554,81,0.037037037037037035,81,0.037037037037037035,,,3,1.0,78,0.0,,,81.0,0.037037037037037035
M15@H4,wick_touch,against_daily,any,any,both,limit,zone,htf_zone,D1,2.0,1.5,False,0.5,3.0,H1,none,any,until_broken,any,146307,7383,75,75,5,70,0.06666666666666667,5,70,565.7628571428529,7.543504761904705,-2.026785714285273,38.212795003295895,143.61114285714268,-2.1756122448980078,218.44642857142824,-4.292857142856876,225.19410187675467,3.002588025023396,-1.0,16.659760063716668,59.03882037535093,-1.0,102.36820083677699,-1.0,0.18022996811116984,0.0,1.5608373090753238,13.246711875103216,46.81607142857258,17.0,4.71496646498746,7.543504761904705,3.002588025023395,718.0557142857134,152.29285714286056,1,18,27.966666666666665,138.65,20.060714285714287,50,2,0.04,0.3371448864710136,25,3,0.12,8.33347430212816,75,0.06666666666666667,75,0.06666666666666667,,,5,1.0,70,0.0,,,75.0,0.06666666666666667
M15@H4,wick_touch,any,any,any,both,limit,zone,htf_zone,D1,2.0,1.5,False,0.5,3.0,H1,none,any,until_broken,4-10,146307,2235,54,54,6,48,0.1111111111111111,6,48,364.3539285714281,6.747294973544966,-1.5803571428574248,26.42192147292355,77.50869047619032,-2.097879464285704,111.87357142857124,-4.351785714284961,276.455170430636,5.119540193159927,-1.0,17.989985982402523,54.07586173843933,-1.0,71.43580387685142,-1.0,0.284577219691431,0.0,2.091206941991746,12.566144110483453,40.8999999999982,22.0,4.61827596602296,6.747294973544966,5.119540193159926,465.0521428571419,100.69821428571379,2,22,26.685185185185187,23.958333333333332,27.026041666666668,37,4,0.10810810810810811,4.675151083029442,17,2,0.11764705882352941,6.086740021090979,54,0.1111111111111111,54,0.1111111111111111,,,6,1.0,48,0.0,,,54.0,0.1111111111111111
H1@H4,wick_touch,any,any,any,both,limit,zone,htf_zone,D1,2.0,1.5,False,0.5,3.0,H1,none,any,until_broken,any,161789,33050,948,948,100,848,0.10548523206751055,100,848,11164.976785714292,11.7774016726944,-3.041964285714349,63.91731149059733,142.5722142857143,-3.6465149090296465,1251.6135714285713,-15.867857142857211,3057.9496595234828,3.225685294855992,-1.0,15.44238801604011,39.059496595234805,-1.0,156.65263157902018,-1.0,0.20888513431377656,0.0,6.431491535541789,59.959797245558484,195.64285714285484,51.0,4.610638249953662,11.777401672694397,3.2256852948559924,14257.22142857143,3092.24464285714,4,51,46.139240506329116,184.62,29.808962264150942,480,48,0.1,2.70353574878756,468,52,0.1111111111111111,3.7612232908236147,948,0.10548523206751055,948,0.10548523206751055,,,100,1.0,848,0.0,,,948.0,0.10548523206751055
H1@H4,wick_touch,with_daily,any,any,both,limit,zone,htf_zone,D1,2.0,1.5,False,0.5,3.0,H1,none,any,until_broken,any,161789,8926,414,414,53,361,0.1280193236714976,53,361,5026.796785714278,12.14202122153207,-2.8303571428578422,72.56904557370866,118.657385444744,-3.4959685397705096,1251.6135714285713,-10.719642857143219,1339.3267011920107,3.235088650222248,-1.0,13.765605320386536,32.08163587154738,-1.0,132.22101490285405,-1.0,0.23501245131815293,0.0,4.781795984948628,46.183679351448646,135.0839285714278,29.0,4.983057821420697,12.142021221532072,3.2350886502222496,6288.841428571432,1262.044642857154,3,28,48.14975845410628,200.11320754716982,25.8393351800554,205,19,0.09268292682926829,2.5336632944698607,209,34,0.16267942583732056,3.923089597252102,414,0.1280193236714976,414,0.1280193236714976,,,53,1.0,361,0.0,,,414.0,0.1280193236714976
H1@H4,wick_touch,against_daily,any,any,both,limit,zone,htf_zone,D1,2.0,1.5,False,0.5,3.0,H1,none,any,until_broken,any,161789,13964,468,468,51,417,0.10897435897435898,51,417,6514.38142857144,13.91961843711846,-3.0196428571427347,58.87219453475555,157.28352941176473,-3.614097293593673,477.59071428571383,-11.924999999999297,1945.6669046979146,4.157407916021184,-1.0,17.95551951566557,46.32680205290029,-1.0,156.65263157902018,-1.0,0.23153927194331467,0.0,5.008960303651331,26.292796009431278,187.0928571428567,74.0,5.322522761634418,13.919618437118462,4.157407916021185,8021.460000000001,1507.0785714285616,2,74,45.43589743589744,144.33333333333334,33.34052757793765,237,29,0.12236286919831224,3.913770675230652,231,22,0.09523809523809523,4.407373396832251,468,0.10897435897435898,468,0.10897435897435898,,,51,1.0,417,0.0,,,468.0,0.10897435897435898
H1@H4,wick_touch,any,any,any,both,limit,zone,htf_zone,D1,2.0,1.5,False,0.5,3.0,H1,none,any,until_broken,4-10,161789,8113,405,405,59,346,0.145679012345679,59,346,6505.088571428574,16.061947089947097,-3.0071428571420977,78.32691423478661,132.04895883777243,-3.7161849710982637,1251.6135714285713,-11.924999999999297,1767.7245979744594,4.364752093764096,-1.0,17.17513286932377,35.825840643634905,-1.0,156.65263157902018,-1.0,0.2541320714647809,0.0,5.114309283522762,50.506417084984555,141.12857142857047,35.0,6.059176054929677,16.061947089947097,4.364752093764098,7790.888571428573,1285.7999999999993,4,35,63.906172839506176,216.15254237288136,37.945086705202314,210,34,0.1619047619047619,4.288281821817057,195,25,0.1282051282051282,4.447104694322447,405,0.145679012345679,405,0.145679012345679,,,59,1.0,346,0.0,,,405.0,0.145679012345679
M5@M15,wick_touch,any,any,any,both,limit,zone,fixed_rr,H4,2.0,1.5,False,0.5,3.0,H1,none,any,until_broken,any,250131,49122,2570,2570,1714,856,0.6669260700389105,1714,856,2493.27857142864,0.9701473040578367,1.1857142857141234,1.7088291509134987,1.9325325054175992,-0.9568716622162675,17.482142857143668,-3.930357142857277,2572.0,1.0007782101167315,2.0,1.4142133481739152,2.0,-1.0,2.0,-1.0,0.7076571660202285,0.0,35.87479850916013,514.4,9.516071428571422,5.0,4.043990878291618,0.9701473040578366,1.0007782101167315,3312.360714285765,819.082142857125,16,5,0.16235408560311285,0.14196810579541036,0.20317367601246106,1271,860,0.6766325727773407,1.029897718332022,1299,854,0.657428791377983,0.9722863741339491,2570,0.6669260700389105,2570,0.6669260700389105,2570.0,0.6669260700389105,1714,1.0,856,0.0,,,,
M5@M15,wick_touch,any,any,any,both,limit,zone,fixed_rr,H4,3.0,1.5,False,0.5,3.0,H1,none,any,until_broken,any,250131,49122,2492,2492,1571,921,0.6304173354735152,1571,921,3620.2660714286817,1.452755245356614,1.6875000000027285,2.313799460271959,2.867357006456361,-0.9602082363889903,26.2232142857155,-3.7874999999998327,3792.0,1.521669341894061,3.0,1.931154481050634,3.0,-1.0,3.0,-1.0,0.7879583724789355,0.0,39.33483144396395,758.4,9.516071428571422,5.0,5.093694534132387,1.452755245356614,1.5216693418940608,4504.617857142943,884.3517857142601,13,5,0.17592964151952917,0.15658816040738383,0.20892146217879115,1237,799,0.6459175424413904,1.5836701697655617,1255,772,0.6151394422310758,1.4605577689243028,2492,0.6304173354735152,2492,0.6304173354735152,2492.0,0.6304173354735152,1571,1.0,921,0.0,,,,
M5@M15,wick_touch,any,any,any,both,limit,zone,fixed_rr,H4,4.0,1.5,False,0.5,3.0,H1,none,any,until_broken,any,250131,49122,2419,2419,1397,1022,0.5775113683340223,1397,1022,4337.392857142992,1.7930520285832958,1.9999999999997797,2.9424590559203487,3.807178648123609,-0.9601132233715154,34.964285714287335,-3.7874999999998327,4566.0,1.8875568416701116,4.0,2.470287909881453,4.0,-1.0,4.0,-1.0,0.7641039872800469,0.0,37.58117894996918,570.75,10.571428571428442,8.0,5.420337329752097,1.7930520285832958,1.8875568416701114,5318.628571428681,981.2357142856887,12,8,0.19539754719581096,0.1785373419231687,0.21844422700587085,1206,720,0.5970149253731343,1.9850746268656716,1213,677,0.5581203627370157,1.7906018136850783,2419,0.5775113683340223,2419,0.5775113683340223,2419.0,0.5775113683340223,1397,1.0,1022,0.0,,,,
M5@M15,wick_touch,any,any,any,both,limit,zone,fixed_rr,H4,6.0,1.5,False,0.5,3.0,H1,none,any,until_broken,any,250131,49122,2315,2315,1102,1213,0.4760259179265659,1102,1213,5075.982142857165,2.1926488738043908,-0.36428571428603895,4.07618654332321,5.654566372828643,-0.9524732069249789,52.446428571431,-4.432142857143662,5399.0,2.332181425485961,-1.0,3.4967297034166025,6.0,-1.0,6.0,-1.0,0.6669607385458537,0.0,32.09044703573284,359.93333333333334,16.221428571428987,15.0,5.3934583830503025,2.1926488738043908,2.3321814254859614,6231.332142857164,1155.3499999999995,10,15,0.2584593232541397,0.2700393224440411,0.24793899422918383,1168,589,0.5042808219178082,2.5299657534246576,1147,513,0.44725370531822145,2.13077593722755,2315,0.4760259179265659,2315,0.4760259179265659,2315.0,0.4760259179265659,1102,1.0,1213,0.0,,,,
M5@M15,wick_touch,any,any,any,both,limit,zone,fixed_rr,H4,8.0,1.5,False,0.5,3.0,H1,none,any,until_broken,any,250131,49122,2260,2260,889,1371,0.3933628318584071,889,1371,5326.142857142902,2.356700379266771,-0.5303571428572074,5.0791219710432935,7.470094809577419,-0.9589871834948381,69.92857142857467,-4.432142857143662,5741.0,2.5402654867256635,-1.0,4.397438580008112,8.0,-1.0,8.0,-1.0,0.5776693501244939,0.0,27.46208740146234,382.73333333333335,19.01785714286416,15.0,5.051002890236268,2.356700379266771,2.540265486725664,6640.914285714325,1314.771428571423,7,15,0.34107669616519176,0.41357330333708286,0.2940675905664965,1147,485,0.42284219703574544,2.8055797733217087,1113,404,0.36298292902066487,2.266846361185984,2260,0.3933628318584071,2260,0.3933628318584071,2260.0,0.3933628318584071,889,1.0,1371,0.0,,,,
M5@M15,wick_touch,any,any,any,both,limit,zone,fixed_rr,H4,10.0,1.5,False,0.5,3.0,H1,none,any,until_broken,any,250131,49122,2214,2214,720,1494,0.3252032520325203,720,1494,5327.369642857291,2.406219350884052,-0.5892857142864028,5.968773022419163,9.381448412698596,-0.955336823484403,87.41071428571833,-4.432142857143662,5706.0,2.5772357723577235,-1.0,5.154122268554344,10.0,-1.0,10.0,-1.0,0.5000338831854294,0.0,23.528175023030755,335.6470588235294,21.876785714286598,17.0,4.732550705453727,2.406219350884052,2.5772357723577235,6754.64285714299,1427.273214285698,6,17,0.47011442336645587,0.6143518518518518,0.4006024096385542,1124,399,0.35498220640569395,2.9048042704626336,1090,321,0.2944954128440367,2.2394495412844035,2214,0.3252032520325203,2214,0.3252032520325203,2214.0,0.3252032520325203,720,1.0,1494,0.0,,,,
M15@H1,wick_touch,any,any,any,both,limit,zone,fixed_rr,H4,2.0,1.5,False,0.5,3.0,H1,none,any,until_broken,any,212624,40023,1831,1831,1230,601,0.6717640633533588,1230,601,3530.5071428571787,1.9281852227510534,2.442857142856969,3.0512884086204033,3.731495354239276,-1.7624494889469724,15.092857142857685,-8.178571428569814,1859.0,1.0152921900600764,2.0,1.4090984248314486,2.0,-1.0,2.0,-1.0,0.7205260982259079,0.0,30.83144561011266,309.8333333333333,23.453571428568807,6.0,4.3330815786368895,1.9281852227510534,1.0152921900600764,4589.7392857143095,1059.2321428571304,15,6,0.2923265974877116,0.2607723577235772,0.35690515806988354,1020,679,0.6656862745098039,0.9970588235294118,811,551,0.6794081381011098,1.0382244143033292,1831,0.6717640633533588,1831,0.6717640633533588,,,1230,1.0,601,0.0,1831.0,0.6717640633533588,,
M15@H1,wick_touch,any,any,any,both,limit,zone,fixed_rr,H4,3.0,1.5,False,0.5,3.0,H1,none,any,until_broken,any,212624,40023,1792,1792,1155,637,0.64453125,1155,637,5281.387500000066,2.9472028459821797,3.449999999999287,4.198713860338348,5.54943413729132,-1.771128616281647,22.639285714286526,-8.178571428569814,2828.0,1.578125,3.0,1.9151548913747027,3.0,-1.0,3.0,-1.0,0.824019512524764,0.0,34.88241128968319,404.0,23.45357142856892,7.0,5.681214060845631,2.9472028459821793,1.578125,6409.5964285714745,1128.2089285714092,15,7,0.3232421875,0.29004329004329005,0.3834379905808477,999,637,0.6376376376376376,1.5505505505505506,793,518,0.6532156368221942,1.6128625472887768,1792,0.64453125,1792,0.64453125,,,1155,1.0,637,0.0,1792.0,0.64453125,,
M15@H1,wick_touch,any,any,any,both,limit,zone,fixed_rr,H4,4.0,1.5,False,0.5,3.0,H1,none,any,until_broken,any,212624,40023,1745,1745,1049,696,0.6011461318051576,1049,696,6463.733928571541,3.7041455178060403,4.3142857142886015,5.321755113946058,7.351940623723358,-1.793752565681409,30.18571428571537,-8.178571428569814,3500.0,2.005730659025788,4.0,2.4490148147234523,4.0,-1.0,4.0,-1.0,0.8189949064282321,0.0,34.212035689770836,437.5,23.178571428568148,8.0,6.177399722227582,3.704145517806041,2.0057306590257884,7712.1857142858025,1248.4517857142607,10,8,0.4455587392550143,0.40395614871306007,0.5082614942528736,979,585,0.5975485188968335,1.9877425944841676,766,464,0.6057441253263708,2.028720626631854,1745,0.6011461318051576,1745,0.6011461318051576,,,1049,1.0,696,0.0,1745.0,0.6011461318051576,,
M15@H1,wick_touch,any,any,any,both,limit,zone,fixed_rr,H4,6.0,1.5,False,0.5,3.0,H1,none,any,until_broken,any,212624,40023,1671,1671,838,833,0.5014961101137043,838,833,7344.908928571576,4.395517012909381,2.828571428568072,7.2106659124361085,10.60812734401651,-1.854383896415678,45.27857142857305,-8.178571428569814,4195.0,2.5104727707959307,6.0,3.5010320742228527,6.0,-1.0,6.0,-1.0,0.7170664871309975,0.0,29.312148399270157,419.5,48.14285714285552,10.0,5.75490414816562,4.39551701290938,2.5104727707959302,8889.610714285835,1544.7017857142598,10,10,0.6862657091561939,0.5865155131264916,0.7866146458583433,935,466,0.4983957219251337,2.488770053475936,736,372,0.5054347826086957,2.5380434782608696,1671,0.5014961101137043,1671,0.5014961101137043,,,838,1.0,833,0.0,1671.0,0.5014961101137043,,
M15@H1,wick_touch,any,any,any,both,limit,zone,fixed_rr,H4,8.0,1.5,False,0.5,3.0,H1,none,any,until_broken,any,212624,40023,1642,1642,689,953,0.41961023142509135,689,953,7981.0339285716,4.860556594745189,-0.9955357142860111,9.079367036893158,14.130852166701436,-1.8416822815169882,60.37142857143074,-8.178571428569814,4559.0,2.7764920828258224,-1.0,4.4428096222626,8.0,-1.0,8.0,-1.0,0.6249405936533989,0.0,25.323592246527873,284.9375,49.83571428571304,16.0,5.547278426728443,4.860556594745189,2.776492082825822,9736.15714285729,1755.1232142856898,7,16,1.0287758830694276,1.1208272859216255,0.9622245540398741,920,385,0.41847826086956524,2.766304347826087,722,304,0.42105263157894735,2.789473684210526,1642,0.41961023142509135,1642,0.41961023142509135,,,689,1.0,953,0.0,1642.0,0.41961023142509135,,
M15@H1,wick_touch,any,any,any,both,limit,zone,fixed_rr,H4,10.0,1.5,False,0.5,3.0,H1,none,any,until_broken,any,212624,40023,1608,1608,571,1037,0.35509950248756217,571,1037,8077.701785714546,5.023446384150837,-1.1687499999996076,10.591363042755969,17.499249437078213,-1.8460652293704083,75.46428571428842,-8.178571428569814,4673.0,2.906094527363184,-1.0,5.265615664109057,10.0,-1.0,10.0,-1.0,0.5519002359346893,0.0,22.131130645383287,292.0625,49.83571428571304,16.0,5.2195099655147725,5.023446384150837,2.906094527363184,9992.071428571659,1914.3696428571134,6,16,1.566542288557214,1.9973730297723293,1.3293153326904532,899,319,0.3548387096774194,2.903225806451613,709,252,0.3554301833568406,2.909732016925247,1608,0.35509950248756217,1608,0.35509950248756217,,,571,1.0,1037,0.0,1608.0,0.35509950248756217,,
H1@H4,wick_touch,any,any,any,both,limit,zone,fixed_rr,H4,2.0,1.5,False,0.5,3.0,H1,none,any,until_broken,any,161789,33050,1485,1485,1007,478,0.6781144781144781,1007,478,5816.812499999996,3.9170454545454523,5.2035714285714185,5.951735810437785,7.462026528585616,-3.5511468918111286,31.735714285714423,-11.882142857142508,1535.9999999999998,1.0343434343434341,2.0,1.402070207158281,1.9999999999999998,-1.0,2.0,-1.0,0.7377258492924144,0.0,28.428780340362966,219.4285714285714,24.54821428571347,7.0,4.426798208655626,3.917045454545452,1.0343434343434341,7514.260714285715,1697.4482142857196,17,7,1.3218855218855219,1.404170804369414,1.1485355648535565,740,508,0.6864864864864865,1.059459459459459,745,499,0.6697986577181209,1.0093959731543625,1485,0.6781144781144781,1485,0.6781144781144781,,,1007,1.0,478,0.0,,,1485.0,0.6781144781144781
H1@H4,wick_touch,any,any,any,both,limit,zone,fixed_rr,H4,3.0,1.5,False,0.5,3.0,H1,none,any,until_broken,any,161789,33050,1457,1457,950,507,0.6520247083047358,950,507,8742.242857142863,6.000166683008142,7.537499999997754,8.211552123594087,11.113855263157907,-3.5816955480417114,47.603571428571634,-11.882142857142508,2343.0,1.608098833218943,3.0,1.90596670724501,3.0,-1.0,3.0000000000002127,-1.0,0.8437182176929934,0.0,32.20528912730453,334.7142857142857,34.014285714283346,7.0,5.814223411002877,6.000166683008143,1.6080988332189432,10558.162500000011,1815.9196428571477,17,7,1.5401509951956074,1.6421052631578947,1.349112426035503,729,482,0.6611796982167353,1.6447187928669413,728,468,0.6428571428571429,1.5714285714285714,1457,0.6520247083047358,1457,0.6520247083047358,,,950,1.0,507,0.0,,,1457.0,0.6520247083047358
H1@H4,wick_touch,any,any,any,both,limit,zone,fixed_rr,H4,4.0,1.5,False,0.5,3.0,H1,none,any,until_broken,any,161789,33050,1416,1416,868,548,0.6129943502824858,868,548,10757.385714285716,7.597023809523811,9.221428571428714,10.379894586773663,14.679748189598428,-3.6215980187695607,56.96428571428491,-15.867857142857211,2924.0,2.0649717514124295,4.0,2.4361851947436954,4.0,-1.0,4.0,-1.0,0.8476251131760447,0.0,31.895942669894094,417.7142857142857,41.90178571428231,7.0,6.420332626714497,7.59702380952381,2.064971751412429,12742.021428571436,1984.6357142857194,16,7,2.0430790960451977,2.2085253456221197,1.781021897810219,704,428,0.6079545454545454,2.039772727272727,712,440,0.6179775280898876,2.0898876404494384,1416,0.6129943502824858,1416,0.6129943502824858,,,868,1.0,548,0.0,,,1416.0,0.6129943502824858
H1@H4,wick_touch,any,any,any,both,limit,zone,fixed_rr,H4,6.0,1.5,False,0.5,3.0,H1,none,any,until_broken,any,161789,33050,1362,1362,706,656,0.5183553597650514,706,656,12795.848214285681,9.394895898888166,9.380357142857454,14.428565199339866,21.55383447996759,-3.6907910496515846,85.44642857142736,-15.867857142857211,3579.9999999999995,2.6284875183553593,5.999999999999999,3.4989254868170843,6.0,-1.0,6.0,-1.0,0.7512270633537989,0.0,27.72424825264095,447.49999999999994,41.90178571428231,8.0,6.285009613902395,9.394895898888166,2.62848751835536,15217.00714285712,2421.1589285714394,12,8,3.3722466960352424,3.7067988668555243,3.0121951219512195,685,354,0.5167883211678832,2.6175182481751817,677,352,0.5199409158050221,2.639586410635155,1362,0.5183553597650514,1362,0.5183553597650514,,,706,1.0,656,0.0,,,1362.0,0.5183553597650514
H1@H4,wick_touch,any,any,any,both,limit,zone,fixed_rr,H4,8.0,1.5,False,0.5,3.0,H1,none,any,until_broken,any,161789,33050,1333,1333,586,747,0.43960990247561893,586,747,14056.330357142793,10.544883988854309,-2.0839285714280287,18.19928117369371,28.696928327644965,-3.694872346528995,113.92857142856982,-15.867857142857211,3940.999999999999,2.9564891222805696,-1.0,4.468733249330606,8.0,-1.0,8.0,-1.0,0.6615944513410902,0.0,24.154993720852197,394.0999999999999,64.50000000000318,10.0,6.092744812986679,10.544883988854307,2.9564891222805705,16816.39999999995,2760.069642857159,7,10,4.897224306076519,6.1331058020477816,3.927710843373494,672,286,0.4255952380952381,2.8303571428571415,661,300,0.45385779122541603,3.0847201210287443,1333,0.43960990247561893,1333,0.43960990247561893,,,586,1.0,747,0.0,,,1333.0,0.43960990247561893
H1@H4,wick_touch,any,any,any,both,limit,zone,fixed_rr,H4,10.0,1.5,False,0.5,3.0,H1,none,any,until_broken,any,161789,33050,1307,1307,488,819,0.37337413925019125,488,819,14290.707142857018,10.933976390862293,-2.367857142857588,21.217555463603084,35.52016247072578,-3.7156680620966545,142.4107142857123,-15.867857142857211,4060.9999999999995,3.1071155317521035,-1.0,5.32273892246452,10.0,-1.0,10.000000000000563,-1.0,0.5837437411477352,0.0,21.103769312973558,290.07142857142856,64.50000000000318,14.0,5.696052117355524,10.933976390862295,3.107115531752104,17333.83928571418,3043.13214285716,7,14,6.5791889824024485,8.098360655737705,5.673992673992674,657,240,0.365296803652968,3.018264840182647,650,248,0.38153846153846155,3.1969230769230768,1307,0.37337413925019125,1307,0.37337413925019125,,,488,1.0,819,0.0,,,1307.0,0.37337413925019125
M5@M15,wick_touch,any,any,any,both,limit,zone,fixed_rr,H4,2.0,1.5,False,0.5,3.0,H1,none,any,until_broken,any,250131,49122,2570,2570,1714,856,0.6669260700389105,1714,856,2493.27857142864,0.9701473040578367,1.1857142857141234,1.7088291509134987,1.9325325054175992,-0.9568716622162675,17.482142857143668,-3.930357142857277,2572.0,1.0007782101167315,2.0,1.4142133481739152,2.0,-1.0,2.0,-1.0,0.7076571660202285,0.0,35.87479850916013,514.4,9.516071428571422,5.0,4.043990878291618,0.9701473040578366,1.0007782101167315,3312.360714285765,819.082142857125,16,5,0.16235408560311285,0.14196810579541036,0.20317367601246106,1271,860,0.6766325727773407,1.029897718332022,1299,854,0.657428791377983,0.9722863741339491,2570,0.6669260700389105,2570,0.6669260700389105,2570.0,0.6669260700389105,1714,1.0,856,0.0,,,,
M5@M15,wick_touch,any,any,any,both,limit,zone,fixed_rr,H4,3.0,1.5,False,0.5,3.0,H1,none,any,until_broken,any,250131,49122,2492,2492,1571,921,0.6304173354735152,1571,921,3620.2660714286817,1.452755245356614,1.6875000000027285,2.313799460271959,2.867357006456361,-0.9602082363889903,26.2232142857155,-3.7874999999998327,3792.0,1.521669341894061,3.0,1.931154481050634,3.0,-1.0,3.0,-1.0,0.7879583724789355,0.0,39.33483144396395,758.4,9.516071428571422,5.0,5.093694534132387,1.452755245356614,1.5216693418940608,4504.617857142943,884.3517857142601,13,5,0.17592964151952917,0.15658816040738383,0.20892146217879115,1237,799,0.6459175424413904,1.5836701697655617,1255,772,0.6151394422310758,1.4605577689243028,2492,0.6304173354735152,2492,0.6304173354735152,2492.0,0.6304173354735152,1571,1.0,921,0.0,,,,
M5@M15,wick_touch,any,any,any,both,limit,zone,fixed_rr,H4,4.0,1.5,False,0.5,3.0,H1,none,any,until_broken,any,250131,49122,2419,2419,1397,1022,0.5775113683340223,1397,1022,4337.392857142992,1.7930520285832958,1.9999999999997797,2.9424590559203487,3.807178648123609,-0.9601132233715154,34.964285714287335,-3.7874999999998327,4566.0,1.8875568416701116,4.0,2.470287909881453,4.0,-1.0,4.0,-1.0,0.7641039872800469,0.0,37.58117894996918,570.75,10.571428571428442,8.0,5.420337329752097,1.7930520285832958,1.8875568416701114,5318.628571428681,981.2357142856887,12,8,0.19539754719581096,0.1785373419231687,0.21844422700587085,1206,720,0.5970149253731343,1.9850746268656716,1213,677,0.5581203627370157,1.7906018136850783,2419,0.5775113683340223,2419,0.5775113683340223,2419.0,0.5775113683340223,1397,1.0,1022,0.0,,,,
M15@H1,wick_touch,any,any,any,both,limit,zone,fixed_rr,H4,2.0,1.5,False,0.5,3.0,H1,none,any,until_broken,any,212624,40023,1831,1831,1230,601,0.6717640633533588,1230,601,3530.5071428571787,1.9281852227510534,2.442857142856969,3.0512884086204033,3.731495354239276,-1.7624494889469724,15.092857142857685,-8.178571428569814,1859.0,1.0152921900600764,2.0,1.4090984248314486,2.0,-1.0,2.0,-1.0,0.7205260982259079,0.0,30.83144561011266,309.8333333333333,23.453571428568807,6.0,4.3330815786368895,1.9281852227510534,1.0152921900600764,4589.7392857143095,1059.2321428571304,15,6,0.2923265974877116,0.2607723577235772,0.35690515806988354,1020,679,0.6656862745098039,0.9970588235294118,811,551,0.6794081381011098,1.0382244143033292,1831,0.6717640633533588,1831,0.6717640633533588,,,1230,1.0,601,0.0,1831.0,0.6717640633533588,,
M15@H1,wick_touch,any,any,any,both,limit,zone,fixed_rr,H4,3.0,1.5,False,0.5,3.0,H1,none,any,until_broken,any,212624,40023,1792,1792,1155,637,0.64453125,1155,637,5281.387500000066,2.9472028459821797,3.449999999999287,4.198713860338348,5.54943413729132,-1.771128616281647,22.639285714286526,-8.178571428569814,2828.0,1.578125,3.0,1.9151548913747027,3.0,-1.0,3.0,-1.0,0.824019512524764,0.0,34.88241128968319,404.0,23.45357142856892,7.0,5.681214060845631,2.9472028459821793,1.578125,6409.5964285714745,1128.2089285714092,15,7,0.3232421875,0.29004329004329005,0.3834379905808477,999,637,0.6376376376376376,1.5505505505505506,793,518,0.6532156368221942,1.6128625472887768,1792,0.64453125,1792,0.64453125,,,1155,1.0,637,0.0,1792.0,0.64453125,,
M15@H1,wick_touch,any,any,any,both,limit,zone,fixed_rr,H4,4.0,1.5,False,0.5,3.0,H1,none,any,until_broken,any,212624,40023,1745,1745,1049,696,0.6011461318051576,1049,696,6463.733928571541,3.7041455178060403,4.3142857142886015,5.321755113946058,7.351940623723358,-1.793752565681409,30.18571428571537,-8.178571428569814,3500.0,2.005730659025788,4.0,2.4490148147234523,4.0,-1.0,4.0,-1.0,0.8189949064282321,0.0,34.212035689770836,437.5,23.178571428568148,8.0,6.177399722227582,3.704145517806041,2.0057306590257884,7712.1857142858025,1248.4517857142607,10,8,0.4455587392550143,0.40395614871306007,0.5082614942528736,979,585,0.5975485188968335,1.9877425944841676,766,464,0.6057441253263708,2.028720626631854,1745,0.6011461318051576,1745,0.6011461318051576,,,1049,1.0,696,0.0,1745.0,0.6011461318051576,,
H1@H4,wick_touch,any,any,any,both,limit,zone,fixed_rr,H4,2.0,1.5,False,0.5,3.0,H1,none,any,until_broken,any,161789,33050,1485,1485,1007,478,0.6781144781144781,1007,478,5816.812499999996,3.9170454545454523,5.2035714285714185,5.951735810437785,7.462026528585616,-3.5511468918111286,31.735714285714423,-11.882142857142508,1535.9999999999998,1.0343434343434341,2.0,1.402070207158281,1.9999999999999998,-1.0,2.0,-1.0,0.7377258492924144,0.0,28.428780340362966,219.4285714285714,24.54821428571347,7.0,4.426798208655626,3.917045454545452,1.0343434343434341,7514.260714285715,1697.4482142857196,17,7,1.3218855218855219,1.404170804369414,1.1485355648535565,740,508,0.6864864864864865,1.059459459459459,745,499,0.6697986577181209,1.0093959731543625,1485,0.6781144781144781,1485,0.6781144781144781,,,1007,1.0,478,0.0,,,1485.0,0.6781144781144781
H1@H4,wick_touch,any,any,any,both,limit,zone,fixed_rr,H4,3.0,1.5,False,0.5,3.0,H1,none,any,until_broken,any,161789,33050,1457,1457,950,507,0.6520247083047358,950,507,8742.242857142863,6.000166683008142,7.537499999997754,8.211552123594087,11.113855263157907,-3.5816955480417114,47.603571428571634,-11.882142857142508,2343.0,1.608098833218943,3.0,1.90596670724501,3.0,-1.0,3.0000000000002127,-1.0,0.8437182176929934,0.0,32.20528912730453,334.7142857142857,34.014285714283346,7.0,5.814223411002877,6.000166683008143,1.6080988332189432,10558.162500000011,1815.9196428571477,17,7,1.5401509951956074,1.6421052631578947,1.349112426035503,729,482,0.6611796982167353,1.6447187928669413,728,468,0.6428571428571429,1.5714285714285714,1457,0.6520247083047358,1457,0.6520247083047358,,,950,1.0,507,0.0,,,1457.0,0.6520247083047358
H1@H4,wick_touch,any,any,any,both,limit,zone,fixed_rr,H4,4.0,1.5,False,0.5,3.0,H1,none,any,until_broken,any,161789,33050,1416,1416,868,548,0.6129943502824858,868,548,10757.385714285716,7.597023809523811,9.221428571428714,10.379894586773663,14.679748189598428,-3.6215980187695607,56.96428571428491,-15.867857142857211,2924.0,2.0649717514124295,4.0,2.4361851947436954,4.0,-1.0,4.0,-1.0,0.8476251131760447,0.0,31.895942669894094,417.7142857142857,41.90178571428231,7.0,6.420332626714497,7.59702380952381,2.064971751412429,12742.021428571436,1984.6357142857194,16,7,2.0430790960451977,2.2085253456221197,1.781021897810219,704,428,0.6079545454545454,2.039772727272727,712,440,0.6179775280898876,2.0898876404494384,1416,0.6129943502824858,1416,0.6129943502824858,,,868,1.0,548,0.0,,,1416.0,0.6129943502824858
M5@M15,wick_touch,any,any,any,both,limit,zone,htf_zone,H1,2.0,1.5,False,0.5,3.0,H1,none,any,until_broken,any,250131,49122,1702,1702,220,1482,0.12925969447708577,220,1482,4024.9914285714276,2.3648598287728717,-0.7589285714282301,12.233568573716662,24.821016233766265,-0.9687126470021258,223.2035714285707,-4.432142857143662,4266.42622937656,2.5067134132647237,-1.0,11.387208900592187,26.129210133529817,-1.0,139.128619528601,-1.0,0.220134137798628,0.0,9.081700487168456,118.51183970490443,40.29107142857447,36.0,3.803637024008821,2.3648598287728717,2.5067134132647233,5460.6235714285785,1435.6321428571505,7,36,2.4907461809635723,6.6477272727272725,1.873650472334683,866,105,0.12124711316397228,2.3271902179467983,836,115,0.1375598086124402,2.692678828510327,1702,0.12925969447708577,1702,0.12925969447708577,1702.0,0.12925969447708577,220,1.0,1482,0.0,,,,
M5@M15,wick_touch,any,any,any,both,limit,zone,htf_zone,H4,2.0,1.5,False,0.5,3.0,H1,none,any,until_broken,any,250131,49122,1359,1359,128,1231,0.094186902133922,128,1231,3365.9328571428787,2.4767717859770997,-0.7839285714283939,15.586197300352543,35.71088727678578,-0.9789282813043872,217.0964285714283,-4.432142857143662,3671.572276495657,2.701672020968108,-1.0,15.800911198268786,38.301345910122336,-1.0,197.50735694829825,-1.0,0.17098203939429232,0.0,6.303187427325256,64.41354871045013,68.92499999999836,57.0,3.7931645412057393,2.4767717859771006,2.701672020968108,4570.99357142858,1205.0607142857007,5,57,4.589833210694137,15.134114583333334,3.493433522881127,689,52,0.07547169811320754,2.4564484310625936,670,76,0.11343283582089553,2.9538497126769134,1359,0.094186902133922,1359,0.094186902133922,1359.0,0.094186902133922,128,1.0,1231,0.0,,,,
M5@H1,wick_touch,any,any,any,both,limit,zone,htf_zone,H4,2.0,1.5,False,0.5,3.0,H1,none,any,until_broken,any,189356,23768,378,378,35,343,0.09259259259259259,35,343,1082.8689285714265,2.8647326152683243,-0.931249999999717,15.92178634820521,42.338551020408204,-1.1632080383173782,158.94142857142967,-3.6321428571428616,1112.8057482025413,2.9439305508003746,-1.0,16.079640213003522,41.59444994864405,-1.0,197.50735694829825,-1.0,0.18308435461258848,0.0,3.559566684538617,21.400110542356565,61.96071428571713,52.0,3.714090829749018,2.8647326152683235,2.9439305508003746,1481.8492857142871,398.9803571428607,2,52,6.244708994708994,20.10952380952381,4.829931972789116,230,22,0.09565217391304348,3.8744837205166722,148,13,0.08783783783783784,1.4978006248899098,378,0.09259259259259259,378,0.09259259259259259,,,35,1.0,343,0.0,378.0,0.09259259259259259,,
M5@H1,wick_touch,any,any,any,both,limit,zone,htf_zone,D1,2.0,1.5,False,0.5,3.0,H1,none,any,until_broken,any,189356,23768,347,347,39,308,0.11239193083573487,39,308,1026.9796428571365,2.9595955125565894,-0.939285714285365,21.101350692529742,35.72168498168495,-1.1888508812616116,192.14071428571344,-3.6321428571428616,988.22201248597,2.847902053273688,-1.0,19.656702252240596,33.23646185861462,-1.0,178.16603773572635,-1.0,0.14488198563159627,0.0,2.6988523573756793,24.70555031214925,50.80535714286134,40.0,3.804682691791823,2.9595955125565903,2.847902053273689,1393.145714285713,366.1660714285764,4,40,9.949087415946206,18.13888888888889,8.9120670995671,201,13,0.06467661691542288,2.3067910475104516,146,26,0.1780821917808219,3.592856246139514,347,0.11239193083573487,347,0.11239193083573487,,,39,1.0,308,0.0,347.0,0.11239193083573487,,
M15@H1,wick_touch,any,any,any,both,limit,zone,htf_zone,H4,2.0,1.5,False,0.5,3.0,H1,none,any,until_broken,any,212624,40023,1196,1196,164,1032,0.13712374581939799,164,1032,6671.902500000009,5.5785137959866296,-1.5214285714287845,23.818176969758575,52.45679878048773,-1.8711361434108322,243.4228571428576,-8.178571428569814,3551.185627816313,2.969218752354777,-1.0,12.048989524911887,27.946253828148258,-1.0,128.3801418438992,-1.0,0.24642885996504263,0.0,8.522306665235066,95.97798994098143,73.37321428571136,37.0,4.455131699043938,5.578513795986629,2.9692187523547777,8602.914999999988,1931.012499999979,3,37,8.90698160535117,26.620426829268293,6.092054263565892,671,96,0.14307004470938897,3.1697953403379757,525,68,0.1295238095238095,2.7128627703800587,1196,0.13712374581939799,1196,0.13712374581939799,,,164,1.0,1032,0.0,1196.0,0.13712374581939799,,
M15@H1,wick_touch,any,any,any,both,limit,zone,htf_zone,D1,2.0,1.5,False,0.5,3.0,H1,none,any,until_broken,any,212624,40023,918,918,99,819,0.10784313725490197,99,819,5027.597499999998,5.4766857298474925,-1.5803571428574248,30.06899291319754,66.36352092352084,-1.883261381475658,250.08142857142923,-8.178571428569814,2797.4374336752326,3.047317465877159,-1.0,17.681978287357236,36.529671047224575,-1.0,256.1730659025625,-1.0,0.17234030131436237,0.0,5.221655172609633,41.752797517540785,131.69285714285797,67.0,4.259612683924209,5.476685729847494,3.0473174658771605,6569.988571428563,1542.391071428564,4,55,17.747004357298476,50.21969696969697,13.821733821733822,536,61,0.11380597014925373,3.144857698421183,382,38,0.09947643979057591,2.9104547312080586,918,0.10784313725490197,918,0.10784313725490197,,,99,1.0,819,0.0,918.0,0.10784313725490197,,
H1@H4,wick_touch,any,any,any,both,limit,zone,htf_zone,D1,2.0,1.5,False,0.5,3.0,H1,none,any,until_broken,any,161789,33050,948,948,100,848,0.10548523206751055,100,848,11164.976785714292,11.7774016726944,-3.041964285714349,63.91731149059733,142.5722142857143,-3.6465149090296465,1251.6135714285713,-15.867857142857211,3057.9496595234828,3.225685294855992,-1.0,15.44238801604011,39.059496595234805,-1.0,156.65263157902018,-1.0,0.20888513431377656,0.0,6.431491535541789,59.959797245558484,195.64285714285484,51.0,4.610638249953662,11.777401672694397,3.2256852948559924,14257.22142857143,3092.24464285714,4,51,46.139240506329116,184.62,29.808962264150942,480,48,0.1,2.70353574878756,468,52,0.1111111111111111,3.7612232908236147,948,0.10548523206751055,948,0.10548523206751055,,,100,1.0,848,0.0,,,948.0,0.10548523206751055
