symbol,tf_pair,ltf_nesting,entry_tf_override,trigger_window_bars,spread_pips,partial_tp,min_sl_pips,min_sl_spread_mult,require_ltf_push,total_trades,win_rate,sqn,pf,avg_r,total_r,max_dd_r,avg_sl_pips
BTCUSD,H1@H4,none,,48,0.0,False,0.0,0.0,False,751,0.35019973368841545,0.9247724432495404,0.9353978477690852,0.04826597669869851,36.24774850072257,31.0,0
BTCUSD,H1@H4,none,,48,0.0,True,0.0,0.0,False,1724,0.5382830626450116,20.047221723461323,3.1218172785820726,0.8229520477421738,1418.7693303075073,12.563793390680985,0
BTCUSD,H1@H4,none,,48,1200.0,False,0.0,0.0,False,751,0.3488681757656458,0.14043650155728793,0.9224311914271236,0.0070916082887002505,5.325797824813871,31.178157493644363,0
BTCUSD,H1@H4,none,,48,1200.0,True,0.0,0.0,False,1724,0.5359628770301624,19.222114647300327,3.077694701548259,0.7703128085969696,1328.0192820211755,17.020467814763826,0
BTCUSD,H1@H4,none,,48,1800.0,False,0.0,0.0,False,751,0.3488681757656458,-0.14507586578348808,0.9160332193168746,-0.007240704356368437,-5.437768971632695,34.65874797509852,0
BTCUSD,H1@H4,none,,48,1800.0,True,0.0,0.0,False,1724,0.5359628770301624,18.927602586599132,3.055965721029287,0.7515652486163147,1295.698488614526,20.5302079876916,0
BTCUSD,H1@H4,none,,48,2400.0,False,0.0,0.0,False,751,0.34753661784287615,-0.4070530784992428,0.9096912149349557,-0.020102694356350686,-15.097123461619354,39.605309199310085,0
BTCUSD,H1@H4,none,,48,2400.0,True,0.0,0.0,False,1724,0.5359628770301624,18.64964741140067,3.0344586216668437,0.7341983443261703,1265.7579456183182,22.99831777608653,0
BTCUSD,H1@H4,static,M15,48,0.0,False,0.0,0.0,False,1755,0.3943019943019943,12.366436422126194,1.6061002014974775,0.5772079772079772,1013.0,24.0,0
BTCUSD,H1@H4,static,M15,48,0.0,True,0.0,0.0,False,1534,0.44784876140808344,14.28970994997243,2.010923168581165,0.7783190585987361,1193.9414358904603,19.878503163316395,0
BTCUSD,H1@H4,static,M15,48,0.0,False,0.0,0.0,True,37,0.43243243243243246,2.2094561386394225,2.410640400225962,0.7297297297297297,27.0,8.0,0
BTCUSD,H1@H4,static,M15,48,0.0,True,0.0,0.0,True,34,0.4117647058823529,1.464189877163606,1.9081641000039482,0.4563729202973358,15.516679290109417,8.0,0
BTCUSD,H1@H4,static,M15,48,0.0,False,0.0,2.0,False,1755,0.3943019943019943,12.366436422126194,1.6061002014974775,0.5772079772079772,1013.0,24.0,0
BTCUSD,H1@H4,static,M15,48,0.0,True,0.0,2.0,False,1534,0.44784876140808344,14.28970994997243,2.010923168581165,0.7783190585987361,1193.9414358904603,19.878503163316395,0
BTCUSD,H1@H4,static,M15,48,0.0,False,0.0,2.0,True,37,0.43243243243243246,2.2094561386394225,2.410640400225962,0.7297297297297297,27.0,8.0,0
BTCUSD,H1@H4,static,M15,48,0.0,True,0.0,2.0,True,34,0.4117647058823529,1.464189877163606,1.9081641000039482,0.4563729202973358,15.516679290109417,8.0,0
BTCUSD,H1@H4,static,M15,48,0.0,False,0.0,3.0,False,1755,0.3943019943019943,12.366436422126194,1.6061002014974775,0.5772079772079772,1013.0,24.0,0
BTCUSD,H1@H4,static,M15,48,0.0,True,0.0,3.0,False,1534,0.44784876140808344,14.28970994997243,2.010923168581165,0.7783190585987361,1193.9414358904603,19.878503163316395,0
BTCUSD,H1@H4,static,M15,48,0.0,False,0.0,3.0,True,37,0.43243243243243246,2.2094561386394225,2.410640400225962,0.7297297297297297,27.0,8.0,0
BTCUSD,H1@H4,static,M15,48,0.0,True,0.0,3.0,True,34,0.4117647058823529,1.464189877163606,1.9081641000039482,0.4563729202973358,15.516679290109417,8.0,0
BTCUSD,H1@H4,static,M15,48,0.0,False,0.0,5.0,False,1755,0.3943019943019943,12.366436422126194,1.6061002014974775,0.5772079772079772,1013.0,24.0,0
BTCUSD,H1@H4,static,M15,48,0.0,True,0.0,5.0,False,1534,0.44784876140808344,14.28970994997243,2.010923168581165,0.7783190585987361,1193.9414358904603,19.878503163316395,0
BTCUSD,H1@H4,static,M15,48,0.0,False,0.0,5.0,True,37,0.43243243243243246,2.2094561386394225,2.410640400225962,0.7297297297297297,27.0,8.0,0
BTCUSD,H1@H4,static,M15,48,0.0,True,0.0,5.0,True,34,0.4117647058823529,1.464189877163606,1.9081641000039482,0.4563729202973358,15.516679290109417,8.0,0
BTCUSD,H1@H4,static,M15,48,1200.0,False,0.0,0.0,False,1755,0.3943019943019943,10.355689324610399,1.5249789784490486,0.4455279999143777,781.901639849733,24.0,0
BTCUSD,H1@H4,static,M15,48,1200.0,True,0.0,0.0,False,1534,0.44784876140808344,12.76940401127638,1.9128010518681027,0.6361059629967825,975.7865472370637,20.463391827678947,0
BTCUSD,H1@H4,static,M15,48,1200.0,False,0.0,0.0,True,37,0.43243243243243246,1.9188991851799817,2.2294214198715,0.5835577738478476,21.59163763237036,8.0,0
BTCUSD,H1@H4,static,M15,48,1200.0,True,0.0,0.0,True,34,0.4117647058823529,1.1439886667686017,1.7597259526057212,0.3270045937096454,11.118156186127948,8.0,0
BTCUSD,H1@H4,static,M15,48,1200.0,False,0.0,2.0,False,1751,0.39406053683609366,10.393173102510277,1.5251158428323635,0.448127289067324,784.6708831568845,24.0,0
BTCUSD,H1@H4,static,M15,48,1200.0,True,0.0,2.0,False,1534,0.4491525423728814,12.865084612997123,1.9136271896694963,0.6407035055765608,982.8391775544433,20.463391827678947,0
BTCUSD,H1@H4,static,M15,48,1200.0,False,0.0,2.0,True,37,0.43243243243243246,1.9188991851799817,2.224145684900281,0.5835577738478476,21.59163763237036,8.0,0
BTCUSD,H1@H4,static,M15,48,1200.0,True,0.0,2.0,True,34,0.4117647058823529,1.1439886667686017,1.7553699068711082,0.3270045937096454,11.118156186127948,8.0,0
BTCUSD,H1@H4,static,M15,48,1200.0,False,0.0,3.0,False,1744,0.39392201834862384,10.427133000830237,1.5256011041284903,0.45127004988243163,787.0149669949609,24.0,0
BTCUSD,H1@H4,static,M15,48,1200.0,True,0.0,3.0,False,1533,0.44879321591650356,12.886232291786971,1.9140672992398402,0.640224916299593,981.4647966872751,20.463391827678947,0
BTCUSD,H1@H4,static,M15,48,1200.0,False,0.0,3.0,True,36,0.4166666666666667,1.7699925123548803,2.2027214862419124,0.5501371849073728,19.804938656665424,8.0,0
BTCUSD,H1@H4,static,M15,48,1200.0,True,0.0,3.0,True,33,0.3939393939393939,0.970255818165422,1.7337795895458574,0.28223056802232965,9.313608744736879,8.0,0
BTCUSD,H1@H4,static,M15,48,1200.0,False,0.0,5.0,False,1722,0.39314750290360045,10.479949935934174,1.5299152218763927,0.45896394199871154,790.3359081217817,24.0,0
BTCUSD,H1@H4,static,M15,48,1200.0,True,0.0,5.0,False,1527,0.449901768172888,13.014558913672136,1.9216181851780019,0.6464233509900574,987.0884569618167,20.463391827678947,0
BTCUSD,H1@H4,static,M15,48,1200.0,False,0.0,5.0,True,36,0.3888888888888889,1.5015652591742716,2.1348515115706284,0.4668038515740395,16.804938656665424,9.0,0
BTCUSD,H1@H4,static,M15,48,1200.0,True,0.0,5.0,True,33,0.36363636363636365,0.7264506810189225,1.680718524408696,0.2117760225677842,6.9886087447368785,9.0,0
BTCUSD,H1@H4,static,M15,48,1800.0,False,0.0,0.0,False,1755,0.39373219373219376,9.442473639786735,1.4865614657691162,0.3932234765011682,690.1072012595511,24.0,0
BTCUSD,H1@H4,static,M15,48,1800.0,True,0.0,0.0,False,1534,0.4471968709256845,12.042577221281906,1.8662449286748948,0.5795495427697702,889.0289986088272,20.721229581022726,0
BTCUSD,H1@H4,static,M15,48,1800.0,False,0.0,0.0,True,37,0.43243243243243246,1.785137846312297,2.146359913702049,0.5252472657016074,19.434148830959472,8.0,0
BTCUSD,H1@H4,static,M15,48,1800.0,True,0.0,0.0,True,34,0.4117647058823529,1.0000585458459392,1.6916675992929684,0.2763194302287144,9.39486062777629,8.0,0
BTCUSD,H1@H4,static,M15,48,1800.0,False,0.0,2.0,False,1744,0.39392201834862384,9.548765405854537,1.4874148052878862,0.40004571564090796,697.6797280777438,24.0,0
BTCUSD,H1@H4,static,M15,48,1800.0,True,0.0,2.0,False,1533,0.44879321591650356,12.166562622304752,1.8675747272058447,0.5845955279243802,896.1849443080745,20.721229581022726,0
BTCUSD,H1@H4,static,M15,48,1800.0,False,0.0,2.0,True,36,0.4166666666666667,1.6600211080730811,2.122122648009212,0.5004790735141902,18.017246646510845,8.0,0
BTCUSD,H1@H4,static,M15,48,1800.0,True,0.0,2.0,True,33,0.3939393939393939,0.8543566337394062,1.6681624856727535,0.2412550083968388,7.96141527709568,8.0,0
BTCUSD,H1@H4,static,M15,48,1800.0,False,0.0,3.0,False,1725,0.3936231884057971,9.668919142737375,1.4915113197259444,0.4094590441184469,706.3168511043212,24.0,0
BTCUSD,H1@H4,static,M15,48,1800.0,True,0.0,3.0,False,1528,0.4489528795811518,12.260545252921807,1.8727052589937934,0.5902787704411908,901.9459612341392,20.721229581022726,0
BTCUSD,H1@H4,static,M15,48,1800.0,False,0.0,3.0,True,36,0.4166666666666667,1.6842345000552637,2.1255742141236484,0.5097383327734496,18.350579979844177,8.0,0
BTCUSD,H1@H4,static,M15,48,1800.0,True,0.0,3.0,True,33,0.3939393939393939,0.8795175138763831,1.6699381999583116,0.2490832912251216,8.219748610429013,8.0,0
BTCUSD,H1@H4,static,M15,48,1800.0,False,0.0,5.0,False,1671,0.38539796529024534,9.279165683087696,1.4917273059631035,0.40341245043378826,674.1022046748611,24.0,0
BTCUSD,H1@H4,static,M15,48,1800.0,True,0.0,5.0,False,1503,0.4471057884231537,12.241538606971847,1.8806388273601973,0.5934197323060805,891.909857656039,20.721229581022726,0
BTCUSD,H1@H4,static,M15,48,1800.0,False,0.0,5.0,True,35,0.4,1.5151288543254655,2.061641317698594,0.467159427995548,16.350579979844177,8.0,0
BTCUSD,H1@H4,static,M15,48,1800.0,True,0.0,5.0,True,32,0.375,0.7426336769976156,1.6214293239509607,0.21546089407590663,6.894748610429014,8.0,0
BTCUSD,H1@H4,static,M15,48,2400.0,False,0.0,0.0,False,1755,0.39373219373219376,8.573795503837479,1.4494747133073806,0.3467087198967015,608.4738034187113,24.0,0
BTCUSD,H1@H4,static,M15,48,2400.0,True,0.0,0.0,False,1534,0.4471968709256845,11.33874227513475,1.8212473641000968,0.52913672338581,811.6957336738317,20.959498313931135,0
BTCUSD,H1@H4,static,M15,48,2400.0,False,0.0,0.0,True,37,0.43243243243243246,1.6577761056135076,2.067786594779892,0.47332540713034077,17.51304006382261,8.0,0
BTCUSD,H1@H4,static,M15,48,2400.0,True,0.0,0.0,True,34,0.4117647058823529,0.8641432520468983,1.6272740677332413,0.2315571798959995,7.872944116463983,8.0,0
BTCUSD,H1@H4,static,M15,48,2400.0,False,0.0,2.0,False,1731,0.3957250144425188,8.957688458237314,1.4561102333357623,0.36718253161348174,635.5929622229372,24.0,0
BTCUSD,H1@H4,static,M15,48,2400.0,True,0.0,2.0,False,1531,0.44937949052906595,11.561680902342534,1.8252535925433984,0.539126989188984,825.4034204483337,20.959498313931135,0
BTCUSD,H1@H4,static,M15,48,2400.0,False,0.0,2.0,True,36,0.4166666666666667,1.5740125271654795,2.048295115896478,0.4624135038370669,16.64688613813441,8.0,0
BTCUSD,H1@H4,static,M15,48,2400.0,True,0.0,2.0,True,33,0.3939393939393939,0.7633742399585258,1.6073807087166048,0.21003932575233222,6.931297749826963,8.0,0
BTCUSD,H1@H4,static,M15,48,2400.0,False,0.0,3.0,False,1707,0.38957234915055655,8.747584105701215,1.4526056285471753,0.3636832765086682,620.8073530002969,24.0,0
BTCUSD,H1@H4,static,M15,48,2400.0,True,0.0,3.0,False,1525,0.4478688524590164,11.61225373436556,1.830924438365165,0.5431424857656273,828.2922907925808,20.959498313931135,0
BTCUSD,H1@H4,static,M15,48,2400.0,False,0.0,3.0,True,36,0.3888888888888889,1.3188977815202585,1.9723748341515794,0.38833942976299274,13.980219471467741,9.0,0
BTCUSD,H1@H4,static,M15,48,2400.0,True,0.0,3.0,True,33,0.36363636363636365,0.5337607457660971,1.5488987743239353,0.14741306312606958,4.864631083160297,9.0,0
BTCUSD,H1@H4,static,M15,48,2400.0,False,0.0,5.0,False,1599,0.36647904940587867,7.354921113162923,1.4216072202681924,0.3200242986825574,511.718853593409,24.0,0
BTCUSD,H1@H4,static,M15,48,2400.0,True,0.0,5.0,False,1480,0.43716216216216214,11.118835845772203,1.8191186453016042,0.529806901115404,784.1142136507975,20.959498313931135,0
BTCUSD,H1@H4,static,M15,48,2400.0,False,0.0,5.0,True,35,0.4,1.4256575310914792,1.9159500300365648,0.428006270613364,14.980219471467741,8.0,0
BTCUSD,H1@H4,static,M15,48,2400.0,True,0.0,5.0,True,32,0.375,0.6486594445482201,1.5026615933135867,0.18326972134875924,5.864631083160297,8.0,0
BTCUSD,H1@H4,static,M5,48,0.0,False,0.0,0.0,False,725,0.4703448275862069,11.878657167592863,2.2790202296423905,0.8813793103448276,639.0,12.0,0
BTCUSD,H1@H4,static,M5,48,0.0,True,0.0,0.0,False,613,0.48613376835236544,10.815876507129296,2.516282959321141,1.049917646498627,643.5995173036599,9.900000000000006,0
BTCUSD,H1@H4,static,M5,48,0.0,False,0.0,0.0,True,18,0.3333333333333333,0.7288689868556625,1.4903524670793789,0.3333333333333333,6.0,8.0,0
BTCUSD,H1@H4,static,M5,48,0.0,True,0.0,0.0,True,17,0.35294117647058826,0.6973562970275801,1.310677868211738,0.3445550804299761,5.857436367309593,8.0,0
BTCUSD,H1@H4,static,M5,48,0.0,False,0.0,2.0,False,725,0.4703448275862069,11.878657167592863,2.2790202296423905,0.8813793103448276,639.0,12.0,0
BTCUSD,H1@H4,static,M5,48,0.0,True,0.0,2.0,False,613,0.48613376835236544,10.815876507129296,2.516282959321141,1.049917646498627,643.5995173036599,9.900000000000006,0
BTCUSD,H1@H4,static,M5,48,0.0,False,0.0,2.0,True,18,0.3333333333333333,0.7288689868556625,1.4903524670793789,0.3333333333333333,6.0,8.0,0
BTCUSD,H1@H4,static,M5,48,0.0,True,0.0,2.0,True,17,0.35294117647058826,0.6973562970275801,1.310677868211738,0.3445550804299761,5.857436367309593,8.0,0
BTCUSD,H1@H4,static,M5,48,0.0,False,0.0,3.0,False,725,0.4703448275862069,11.878657167592863,2.2790202296423905,0.8813793103448276,639.0,12.0,0
BTCUSD,H1@H4,static,M5,48,0.0,True,0.0,3.0,False,613,0.48613376835236544,10.815876507129296,2.516282959321141,1.049917646498627,643.5995173036599,9.900000000000006,0
BTCUSD,H1@H4,static,M5,48,0.0,False,0.0,3.0,True,18,0.3333333333333333,0.7288689868556625,1.4903524670793789,0.3333333333333333,6.0,8.0,0
BTCUSD,H1@H4,static,M5,48,0.0,True,0.0,3.0,True,17,0.35294117647058826,0.6973562970275801,1.310677868211738,0.3445550804299761,5.857436367309593,8.0,0
BTCUSD,H1@H4,static,M5,48,0.0,False,0.0,5.0,False,725,0.4703448275862069,11.878657167592863,2.2790202296423905,0.8813793103448276,639.0,12.0,0
BTCUSD,H1@H4,static,M5,48,0.0,True,0.0,5.0,False,613,0.48613376835236544,10.815876507129296,2.516282959321141,1.049917646498627,643.5995173036599,9.900000000000006,0
BTCUSD,H1@H4,static,M5,48,0.0,False,0.0,5.0,True,18,0.3333333333333333,0.7288689868556625,1.4903524670793789,0.3333333333333333,6.0,8.0,0
BTCUSD,H1@H4,static,M5,48,0.0,True,0.0,5.0,True,17,0.35294117647058826,0.6973562970275801,1.310677868211738,0.3445550804299761,5.857436367309593,8.0,0
BTCUSD,H1@H4,static,M5,48,1200.0,False,0.0,0.0,False,725,0.4703448275862069,10.868831207033542,2.1438632915483185,0.7524812715232603,545.5489218543639,12.565711095152182,0
BTCUSD,H1@H4,static,M5,48,1200.0,True,0.0,0.0,False,613,0.48613376835236544,10.106500887338536,2.37064595522794,0.9077060303559735,556.4237966082119,10.112334913478009,0
BTCUSD,H1@H4,static,M5,48,1200.0,False,0.0,0.0,True,18,0.3333333333333333,0.6254209293440869,1.4293276445075633,0.27327250000962855,4.9189050001733134,8.0,0
BTCUSD,H1@H4,static,M5,48,1200.0,True,0.0,0.0,True,17,0.35294117647058826,0.5974452999729981,1.2569600751606396,0.27794470712100894,4.725060021057151,8.03755853930687,0
BTCUSD,H1@H4,static,M5,48,1200.0,False,0.0,2.0,False,725,0.4703448275862069,10.868831207033542,2.1438632915483185,0.7524812715232603,545.5489218543639,12.565711095152182,0
BTCUSD,H1@H4,static,M5,48,1200.0,True,0.0,2.0,False,613,0.48613376835236544,10.106500887338536,2.37064595522794,0.9077060303559735,556.4237966082119,10.112334913478009,0
BTCUSD,H1@H4,static,M5,48,1200.0,False,0.0,2.0,True,18,0.3333333333333333,0.6254209293440869,1.4293276445075633,0.27327250000962855,4.9189050001733134,8.0,0
BTCUSD,H1@H4,static,M5,48,1200.0,True,0.0,2.0,True,17,0.35294117647058826,0.5974452999729981,1.2569600751606396,0.27794470712100894,4.725060021057151,8.03755853930687,0
BTCUSD,H1@H4,static,M5,48,1200.0,False,0.0,3.0,False,725,0.4703448275862069,10.868831207033542,2.1438632915483185,0.7524812715232603,545.5489218543639,12.565711095152182,0
BTCUSD,H1@H4,static,M5,48,1200.0,True,0.0,3.0,False,613,0.48613376835236544,10.106500887338536,2.37064595522794,0.9077060303559735,556.4237966082119,10.112334913478009,0
BTCUSD,H1@H4,static,M5,48,1200.0,False,0.0,3.0,True,18,0.3333333333333333,0.6254209293440869,1.4293276445075633,0.27327250000962855,4.9189050001733134,8.0,0
BTCUSD,H1@H4,static,M5,48,1200.0,True,0.0,3.0,True,17,0.35294117647058826,0.5974452999729981,1.2569600751606396,0.27794470712100894,4.725060021057151,8.03755853930687,0
BTCUSD,H1@H4,static,M5,48,1200.0,False,0.0,5.0,False,725,0.4703448275862069,10.890810902794113,2.146604266419493,0.7547195325025108,547.1716610643206,12.565711095152182,0
BTCUSD,H1@H4,static,M5,48,1200.0,True,0.0,5.0,False,613,0.48613376835236544,10.109481410169948,2.3724011482938185,0.9073239299832865,556.189569079755,10.112334913478009,0
BTCUSD,H1@H4,static,M5,48,1200.0,False,0.0,5.0,True,18,0.3333333333333333,0.6254209293440869,1.4293276445075633,0.27327250000962855,4.9189050001733134,8.0,0
BTCUSD,H1@H4,static,M5,48,1200.0,True,0.0,5.0,True,17,0.35294117647058826,0.5974452999729981,1.2569600751606396,0.27794470712100894,4.725060021057151,8.03755853930687,0
BTCUSD,H1@H4,static,M5,48,1800.0,False,0.0,0.0,False,725,0.4703448275862069,10.373730977179127,2.0805204206297754,0.6963844102169159,504.8786974072642,12.819561885184584,0
BTCUSD,H1@H4,static,M5,48,1800.0,True,0.0,0.0,False,613,0.48613376835236544,9.750916297455062,2.3023273126739423,0.8459146896215666,518.5457047380199,10.207955638935033,0
BTCUSD,H1@H4,static,M5,48,1800.0,False,0.0,0.0,True,18,0.3333333333333333,0.5745945021979268,1.4001973254918227,0.24577989398619918,4.424038091751585,8.0,0
BTCUSD,H1@H4,static,M5,48,1800.0,True,0.0,0.0,True,17,0.35294117647058826,0.5474590501634375,1.231250520618772,0.24769356529915174,4.21079061008558,8.101859187196368,0
BTCUSD,H1@H4,static,M5,48,1800.0,False,0.0,2.0,False,725,0.4703448275862069,10.373730977179127,2.0805204206297754,0.6963844102169159,504.8786974072642,12.819561885184584,0
BTCUSD,H1@H4,static,M5,48,1800.0,True,0.0,2.0,False,613,0.48613376835236544,9.750916297455062,2.3023273126739423,0.8459146896215666,518.5457047380199,10.207955638935033,0
BTCUSD,H1@H4,static,M5,48,1800.0,False,0.0,2.0,True,18,0.3333333333333333,0.5745945021979268,1.4001973254918227,0.24577989398619918,4.424038091751585,8.0,0
BTCUSD,H1@H4,static,M5,48,1800.0,True,0.0,2.0,True,17,0.35294117647058826,0.5474590501634375,1.231250520618772,0.24769356529915174,4.21079061008558,8.101859187196368,0
BTCUSD,H1@H4,static,M5,48,1800.0,False,0.0,3.0,False,725,0.4703448275862069,10.393907066070357,2.0822450696296553,0.6982048914254069,506.1985462834202,12.819561885184584,0
BTCUSD,H1@H4,static,M5,48,1800.0,True,0.0,3.0,False,613,0.48613376835236544,9.758435910812656,2.3035178731663457,0.8464400587852065,518.8677560353311,10.207955638935033,0
BTCUSD,H1@H4,static,M5,48,1800.0,False,0.0,3.0,True,18,0.3333333333333333,0.5745945021979268,1.4001973254918227,0.24577989398619918,4.424038091751585,8.0,0
BTCUSD,H1@H4,static,M5,48,1800.0,True,0.0,3.0,True,17,0.35294117647058826,0.5474590501634375,1.231250520618772,0.24769356529915174,4.21079061008558,8.101859187196368,0
BTCUSD,H1@H4,static,M5,48,1800.0,False,0.0,5.0,False,721,0.47156726768377255,10.50563186794525,2.0937739909211257,0.7102668036565027,512.1023654363382,12.819561885184584,0
BTCUSD,H1@H4,static,M5,48,1800.0,True,0.0,5.0,False,610,0.4885245901639344,9.849171317601991,2.312657821848989,0.8545422215191883,521.2707551267044,10.207955638935033,0
BTCUSD,H1@H4,static,M5,48,1800.0,False,0.0,5.0,True,18,0.3333333333333333,0.5745945021979268,1.4001973254918227,0.24577989398619918,4.424038091751585,8.0,0
BTCUSD,H1@H4,static,M5,48,1800.0,True,0.0,5.0,True,17,0.35294117647058826,0.5474590501634375,1.231250520618772,0.24769356529915174,4.21079061008558,8.101859187196368,0
BTCUSD,H1@H4,static,M5,48,2400.0,False,0.0,0.0,False,725,0.4703448275862069,9.886078826951044,2.019770134553409,0.6447200686163344,467.4220497468424,13.05663473538658,0
BTCUSD,H1@H4,static,M5,48,2400.0,True,0.0,0.0,False,613,0.48613376835236544,9.396217105050935,2.2367663906291266,0.7890593875405879,483.69340456238046,10.297446664649442,0
BTCUSD,H1@H4,static,M5,48,2400.0,False,0.0,0.0,True,18,0.3333333333333333,0.5243631202761613,1.3719335816099516,0.21976975749863392,3.9558556349754106,8.0,0
BTCUSD,H1@H4,static,M5,48,2400.0,True,0.0,0.0,True,17,0.35294117647058826,0.49753334275983646,1.206264091129046,0.21921111188883174,3.726588902110139,8.16342780627688,0
BTCUSD,H1@H4,static,M5,48,2400.0,False,0.0,2.0,False,725,0.4703448275862069,9.898586877864052,2.0206586587462776,0.6457352526549709,468.1580581748539,13.05663473538658,0
BTCUSD,H1@H4,static,M5,48,2400.0,True,0.0,2.0,False,613,0.48613376835236544,9.401927680617177,2.237448621044636,0.7895266121977172,483.9798132772006,10.297446664649442,0
BTCUSD,H1@H4,static,M5,48,2400.0,False,0.0,2.0,True,18,0.3333333333333333,0.5243631202761613,1.3719335816099516,0.21976975749863392,3.9558556349754106,8.0,0
BTCUSD,H1@H4,static,M5,48,2400.0,True,0.0,2.0,True,17,0.35294117647058826,0.49753334275983646,1.206264091129046,0.21921111188883174,3.726588902110139,8.16342780627688,0
BTCUSD,H1@H4,static,M5,48,2400.0,False,0.0,3.0,False,725,0.4689655172413793,9.889922752727202,2.0214746857142285,0.6465590508489925,468.7553118655196,13.05663473538658,0
BTCUSD,H1@H4,static,M5,48,2400.0,True,0.0,3.0,False,613,0.48613376835236544,9.418043787159117,2.239571780209184,0.7904268420761966,484.5316541927085,10.297446664649442,0
BTCUSD,H1@H4,static,M5,48,2400.0,False,0.0,3.0,True,18,0.3333333333333333,0.5243631202761613,1.3719335816099516,0.21976975749863392,3.9558556349754106,8.0,0
BTCUSD,H1@H4,static,M5,48,2400.0,True,0.0,3.0,True,17,0.35294117647058826,0.49753334275983646,1.206264091129046,0.21921111188883174,3.726588902110139,8.16342780627688,0
BTCUSD,H1@H4,static,M5,48,2400.0,False,0.0,5.0,False,715,0.4699300699300699,10.053938797824202,2.035394758935774,0.6680231431518219,477.636547353552,13.05663473538658,0
BTCUSD,H1@H4,static,M5,48,2400.0,True,0.0,5.0,False,605,0.4859504132231405,9.423330830505114,2.2496317181379877,0.787201038723073,476.25662842745896,10.297446664649442,0
BTCUSD,H1@H4,static,M5,48,2400.0,False,0.0,5.0,True,18,0.3333333333333333,0.5243631202761613,1.3719335816099516,0.21976975749863392,3.9558556349754106,8.0,0
BTCUSD,H1@H4,static,M5,48,2400.0,True,0.0,5.0,True,17,0.35294117647058826,0.49753334275983646,1.206264091129046,0.21921111188883174,3.726588902110139,8.16342780627688,0
BTCUSD,H1@H4,dynamic,M15,24,0.0,False,0.0,0.0,False,1252,0.2723642172523962,1.776848124460325,1.0665446048428444,0.08945686900958467,112.00000000000001,34.0,0
BTCUSD,H1@H4,dynamic,M15,24,0.0,True,0.0,0.0,False,1200,0.31416666666666665,4.321045034303103,1.265757011174911,0.2366055481586589,283.9266577903907,31.036247386197374,0
BTCUSD,H1@H4,dynamic,M15,48,0.0,False,0.0,0.0,False,1309,0.2734912146676853,1.9059750898026,1.0688862467823044,0.09396485867074103,123.00000000000001,40.0,0
BTCUSD,H1@H4,dynamic,M15,48,0.0,True,0.0,0.0,False,1265,0.31620553359683795,4.5257984517603,1.3085848714275432,0.240362278518313,304.0582823256662,28.296107864459287,0
BTCUSD,H1@H4,dynamic,M15,24,0.0,False,0.0,0.0,True,0,0.0,0.0,0.0,0.0,0.0,0.0,0
BTCUSD,H1@H4,dynamic,M15,24,0.0,True,0.0,0.0,True,0,0.0,0.0,0.0,0.0,0.0,0.0,0
BTCUSD,H1@H4,dynamic,M15,48,0.0,False,0.0,0.0,True,0,0.0,0.0,0.0,0.0,0.0,0.0,0
BTCUSD,H1@H4,dynamic,M15,48,0.0,True,0.0,0.0,True,0,0.0,0.0,0.0,0.0,0.0,0.0,0
BTCUSD,H1@H4,dynamic,M15,24,0.0,False,0.0,2.0,False,1252,0.2723642172523962,1.776848124460325,1.0665446048428444,0.08945686900958467,112.00000000000001,34.0,0
BTCUSD,H1@H4,dynamic,M15,24,0.0,True,0.0,2.0,False,1200,0.31416666666666665,4.321045034303103,1.265757011174911,0.2366055481586589,283.9266577903907,31.036247386197374,0
BTCUSD,H1@H4,dynamic,M15,48,0.0,False,0.0,2.0,False,1309,0.2734912146676853,1.9059750898026,1.0688862467823044,0.09396485867074103,123.00000000000001,40.0,0
BTCUSD,H1@H4,dynamic,M15,48,0.0,True,0.0,2.0,False,1265,0.31620553359683795,4.5257984517603,1.3085848714275432,0.240362278518313,304.0582823256662,28.296107864459287,0
BTCUSD,H1@H4,dynamic,M15,24,0.0,False,0.0,2.0,True,0,0.0,0.0,0.0,0.0,0.0,0.0,0
BTCUSD,H1@H4,dynamic,M15,24,0.0,True,0.0,2.0,True,0,0.0,0.0,0.0,0.0,0.0,0.0,0
BTCUSD,H1@H4,dynamic,M15,48,0.0,False,0.0,2.0,True,0,0.0,0.0,0.0,0.0,0.0,0.0,0
BTCUSD,H1@H4,dynamic,M15,48,0.0,True,0.0,2.0,True,0,0.0,0.0,0.0,0.0,0.0,0.0,0
BTCUSD,H1@H4,dynamic,M15,24,0.0,False,0.0,3.0,False,1252,0.2723642172523962,1.776848124460325,1.0665446048428444,0.08945686900958467,112.00000000000001,34.0,0
BTCUSD,H1@H4,dynamic,M15,24,0.0,True,0.0,3.0,False,1200,0.31416666666666665,4.321045034303103,1.265757011174911,0.2366055481586589,283.9266577903907,31.036247386197374,0
BTCUSD,H1@H4,dynamic,M15,48,0.0,False,0.0,3.0,False,1309,0.2734912146676853,1.9059750898026,1.0688862467823044,0.09396485867074103,123.00000000000001,40.0,0
BTCUSD,H1@H4,dynamic,M15,48,0.0,True,0.0,3.0,False,1265,0.31620553359683795,4.5257984517603,1.3085848714275432,0.240362278518313,304.0582823256662,28.296107864459287,0
BTCUSD,H1@H4,dynamic,M15,24,0.0,False,0.0,3.0,True,0,0.0,0.0,0.0,0.0,0.0,0.0,0
BTCUSD,H1@H4,dynamic,M15,24,0.0,True,0.0,3.0,True,0,0.0,0.0,0.0,0.0,0.0,0.0,0
BTCUSD,H1@H4,dynamic,M15,48,0.0,False,0.0,3.0,True,0,0.0,0.0,0.0,0.0,0.0,0.0,0
BTCUSD,H1@H4,dynamic,M15,48,0.0,True,0.0,3.0,True,0,0.0,0.0,0.0,0.0,0.0,0.0,0
BTCUSD,H1@H4,dynamic,M15,24,0.0,False,0.0,5.0,False,1252,0.2723642172523962,1.776848124460325,1.0665446048428444,0.08945686900958467,112.00000000000001,34.0,0
BTCUSD,H1@H4,dynamic,M15,24,0.0,True,0.0,5.0,False,1200,0.31416666666666665,4.321045034303103,1.265757011174911,0.2366055481586589,283.9266577903907,31.036247386197374,0
BTCUSD,H1@H4,dynamic,M15,48,0.0,False,0.0,5.0,False,1309,0.2734912146676853,1.9059750898026,1.0688862467823044,0.09396485867074103,123.00000000000001,40.0,0
BTCUSD,H1@H4,dynamic,M15,48,0.0,True,0.0,5.0,False,1265,0.31620553359683795,4.5257984517603,1.3085848714275432,0.240362278518313,304.0582823256662,28.296107864459287,0
BTCUSD,H1@H4,dynamic,M15,24,0.0,False,0.0,5.0,True,0,0.0,0.0,0.0,0.0,0.0,0.0,0
BTCUSD,H1@H4,dynamic,M15,24,0.0,True,0.0,5.0,True,0,0.0,0.0,0.0,0.0,0.0,0.0,0
BTCUSD,H1@H4,dynamic,M15,48,0.0,False,0.0,5.0,True,0,0.0,0.0,0.0,0.0,0.0,0.0,0
BTCUSD,H1@H4,dynamic,M15,48,0.0,True,0.0,5.0,True,0,0.0,0.0,0.0,0.0,0.0,0.0,0
BTCUSD,H1@H4,dynamic,M15,24,1200.0,False,0.0,0.0,False,1252,0.2723642172523962,-0.2122554595046379,0.9999335964369701,-0.009763783951597861,-12.22425750740054,62.654174348042105,0
BTCUSD,H1@H4,dynamic,M15,24,1200.0,True,0.0,0.0,False,1200,0.31416666666666665,2.4452477781301902,1.1861987302601822,0.1223455896414156,146.81470756969875,33.25601613366955,0
BTCUSD,H1@H4,dynamic,M15,48,1200.0,False,0.0,0.0,False,1309,0.2734912146676853,-0.018667654353174162,1.004148283059144,-0.0008445982137441524,-1.1055790617911012,69.91726418972932,0
BTCUSD,H1@H4,dynamic,M15,48,1200.0,True,0.0,0.0,False,1265,0.31620553359683795,2.731568163958918,1.2284137728344668,0.13340310781939177,168.7549313915308,30.705433879408943,0
BTCUSD,H1@H4,dynamic,M15,24,1200.0,False,0.0,0.0,True,0,0.0,0.0,0.0,0.0,0.0,0.0,0
BTCUSD,H1@H4,dynamic,M15,24,1200.0,True,0.0,0.0,True,0,0.0,0.0,0.0,0.0,0.0,0.0,0
BTCUSD,H1@H4,dynamic,M15,48,1200.0,False,0.0,0.0,True,0,0.0,0.0,0.0,0.0,0.0,0.0,0
BTCUSD,H1@H4,dynamic,M15,48,1200.0,True,0.0,0.0,True,0,0.0,0.0,0.0,0.0,0.0,0.0,0
BTCUSD,H1@H4,dynamic,M15,24,1200.0,False,0.0,2.0,False,1251,0.2717825739408473,-0.20989652494330177,0.9996713013835566,-0.009666785281235716,-12.093148386825906,63.98639921362447,0
BTCUSD,H1@H4,dynamic,M15,24,1200.0,True,0.0,2.0,False,1199,0.31609674728940784,2.5738039828231534,1.1871900897119672,0.12896473776512063,154.6287205803798,33.25601613366955,0
BTCUSD,H1@H4,dynamic,M15,48,1200.0,False,0.0,2.0,False,1308,0.27293577981651373,-0.017069354603485312,1.0039685510560095,-0.0007731473775775616,-1.0112767698714689,71.30807781007194,0
BTCUSD,H1@H4,dynamic,M15,48,1200.0,True,0.0,2.0,False,1264,0.3180379746835443,2.859875415372515,1.2294979608605796,0.13986435521966734,176.78854499765967,30.70543387940893,0
BTCUSD,H1@H4,dynamic,M15,24,1200.0,False,0.0,2.0,True,0,0.0,0.0,0.0,0.0,0.0,0.0,0
BTCUSD,H1@H4,dynamic,M15,24,1200.0,True,0.0,2.0,True,0,0.0,0.0,0.0,0.0,0.0,0.0,0
BTCUSD,H1@H4,dynamic,M15,48,1200.0,False,0.0,2.0,True,0,0.0,0.0,0.0,0.0,0.0,0.0,0
BTCUSD,H1@H4,dynamic,M15,48,1200.0,True,0.0,2.0,True,0,0.0,0.0,0.0,0.0,0.0,0.0,0
BTCUSD,H1@H4,dynamic,M15,24,1200.0,False,0.0,3.0,False,1248,0.2708333333333333,-0.2030126716029002,0.9992730564533404,-0.009377371405592303,-11.702959514179216,65.63946535584368,0
BTCUSD,H1@H4,dynamic,M15,24,1200.0,True,0.0,3.0,False,1197,0.3141186299081036,2.5198478476390944,1.1863859919959316,0.12648840825090304,151.40662467633106,33.25601613366955,0
BTCUSD,H1@H4,dynamic,M15,48,1200.0,False,0.0,3.0,False,1304,0.27300613496932513,0.049151174817170455,1.0042201587258062,0.002234345290827111,2.91358625923856,69.3939936183213,0
BTCUSD,H1@H4,dynamic,M15,48,1200.0,True,0.0,3.0,False,1260,0.31666666666666665,2.847018917133124,1.2290341072245958,0.13968033179947847,175.99721806734297,30.70543387940893,0
BTCUSD,H1@H4,dynamic,M15,24,1200.0,False,0.0,3.0,True,0,0.0,0.0,0.0,0.0,0.0,0.0,0
BTCUSD,H1@H4,dynamic,M15,24,1200.0,True,0.0,3.0,True,0,0.0,0.0,0.0,0.0,0.0,0.0,0
BTCUSD,H1@H4,dynamic,M15,48,1200.0,False,0.0,3.0,True,0,0.0,0.0,0.0,0.0,0.0,0.0,0
BTCUSD,H1@H4,dynamic,M15,48,1200.0,True,0.0,3.0,True,0,0.0,0.0,0.0,0.0,0.0,0.0,0
BTCUSD,H1@H4,dynamic,M15,24,1200.0,False,0.0,5.0,False,1237,0.26839126919967665,-0.1930628676423947,0.9984691068221522,-0.009003107248869997,-11.136843666852204,60.20494071305877,0
BTCUSD,H1@H4,dynamic,M15,24,1200.0,True,0.0,5.0,False,1189,0.32043734230445753,2.969319076915391,1.1957702622248982,0.1502393191390832,178.63455045637014,33.256016133669505,0
BTCUSD,H1@H4,dynamic,M15,48,1200.0,False,0.0,5.0,False,1294,0.27279752704791344,0.2051047306565496,1.006039259331094,0.009419124129380336,12.188346623418148,59.00006169658976,0
BTCUSD,H1@H4,dynamic,M15,48,1200.0,True,0.0,5.0,False,1257,0.31821797931583135,3.0102886573790295,1.231134770327945,0.14820426569365786,186.292761976928,30.7054338794089,0
BTCUSD,H1@H4,dynamic,M15,24,1200.0,False,0.0,5.0,True,0,0.0,0.0,0.0,0.0,0.0,0.0,0
BTCUSD,H1@H4,dynamic,M15,24,1200.0,True,0.0,5.0,True,0,0.0,0.0,0.0,0.0,0.0,0.0,0
BTCUSD,H1@H4,dynamic,M15,48,1200.0,False,0.0,5.0,True,0,0.0,0.0,0.0,0.0,0.0,0.0,0
BTCUSD,H1@H4,dynamic,M15,48,1200.0,True,0.0,5.0,True,0,0.0,0.0,0.0,0.0,0.0,0.0,0
BTCUSD,H1@H4,dynamic,M15,24,1800.0,False,0.0,0.0,False,1252,0.2723642172523962,-1.0964526001360329,0.9688854867425711,-0.04865765187268563,-60.91938014460239,84.9106640827638,0
BTCUSD,H1@H4,dynamic,M15,24,1800.0,True,0.0,0.0,False,1200,0.31416666666666665,1.609440657984654,1.1491112977001905,0.07768615875285323,93.22339050342396,34.271461548134496,0
BTCUSD,H1@H4,dynamic,M15,48,1800.0,False,0.0,0.0,False,1309,0.2734912146676853,-0.8783120842704165,0.9739064248852879,-0.03839137654643593,-50.254311899284595,85.97711034752928,0
BTCUSD,H1@H4,dynamic,M15,48,1800.0,True,0.0,0.0,False,1265,0.31620553359683795,1.9292186326308953,1.1909898980272953,0.09109090956583663,115.23000060078326,31.94652829951994,0
BTCUSD,H1@H4,dynamic,M15,24,1800.0,False,0.0,0.0,True,0,0.0,0.0,0.0,0.0,0.0,0.0,0
BTCUSD,H1@H4,dynamic,M15,24,1800.0,True,0.0,0.0,True,0,0.0,0.0,0.0,0.0,0.0,0.0,0
BTCUSD,H1@H4,dynamic,M15,48,1800.0,False,0.0,0.0,True,0,0.0,0.0,0.0,0.0,0.0,0.0,0
BTCUSD,H1@H4,dynamic,M15,48,1800.0,True,0.0,0.0,True,0,0.0,0.0,0.0,0.0,0.0,0.0,0
BTCUSD,H1@H4,dynamic,M15,24,1800.0,False,0.0,2.0,False,1248,0.2708333333333333,-1.0556372074787568,0.9683900919544947,-0.04705741495861429,-58.72765386835062,86.41669965981775,0
BTCUSD,H1@H4,dynamic,M15,24,1800.0,True,0.0,2.0,False,1197,0.3141186299081036,1.7090015723698957,1.1494398935119237,0.08278023651859377,99.08794311275679,34.27146154813451,0
BTCUSD,H1@H4,dynamic,M15,48,1800.0,False,0.0,2.0,False,1304,0.27300613496932513,-0.7851486099972994,0.97412121315413,-0.034488724841185314,-44.9732971929056,84.37839878384513,0
BTCUSD,H1@H4,dynamic,M15,48,1800.0,True,0.0,2.0,False,1260,0.31666666666666665,2.066915558997551,1.191780863428705,0.09805064903883426,123.54381778893111,31.94652829951994,0
BTCUSD,H1@H4,dynamic,M15,24,1800.0,False,0.0,2.0,True,0,0.0,0.0,0.0,0.0,0.0,0.0,0
BTCUSD,H1@H4,dynamic,M15,24,1800.0,True,0.0,2.0,True,0,0.0,0.0,0.0,0.0,0.0,0.0,0
BTCUSD,H1@H4,dynamic,M15,48,1800.0,False,0.0,2.0,True,0,0.0,0.0,0.0,0.0,0.0,0.0,0
BTCUSD,H1@H4,dynamic,M15,48,1800.0,True,0.0,2.0,True,0,0.0,0.0,0.0,0.0,0.0,0.0,0
BTCUSD,H1@H4,dynamic,M15,24,1800.0,False,0.0,3.0,False,1240,0.2685483870967742,-1.0303647751640497,0.9674397137779801,-0.046287562280562626,-57.39657722789769,81.83607130105149,0
BTCUSD,H1@H4,dynamic,M15,24,1800.0,True,0.0,3.0,False,1192,0.3196308724832215,2.1096203050134426,1.1560447175123554,0.10282554896676753,122.56805436838687,34.27146154813451,0
BTCUSD,H1@H4,dynamic,M15,48,1800.0,False,0.0,3.0,False,1297,0.27293754818812643,-0.6257063138443246,0.9755044405605554,-0.02770696890870496,-35.935938674590346,73.65775520758667,0
BTCUSD,H1@H4,dynamic,M15,48,1800.0,True,0.0,3.0,False,1259,0.3193010325655282,2.2890824353497607,1.1946217321726742,0.10889690415041918,137.10120232537776,31.94652829951994,0
BTCUSD,H1@H4,dynamic,M15,24,1800.0,False,0.0,3.0,True,0,0.0,0.0,0.0,0.0,0.0,0.0,0
BTCUSD,H1@H4,dynamic,M15,24,1800.0,True,0.0,3.0,True,0,0.0,0.0,0.0,0.0,0.0,0.0,0
BTCUSD,H1@H4,dynamic,M15,48,1800.0,False,0.0,3.0,True,0,0.0,0.0,0.0,0.0,0.0,0.0,0
BTCUSD,H1@H4,dynamic,M15,48,1800.0,True,0.0,3.0,True,0,0.0,0.0,0.0,0.0,0.0,0.0,0
BTCUSD,H1@H4,dynamic,M15,24,1800.0,False,0.0,5.0,False,1194,0.26716917922948075,-0.6920388909713274,0.9750172958423631,-0.03217913377053226,-38.42188572201555,63.62555007901342,0
BTCUSD,H1@H4,dynamic,M15,24,1800.0,True,0.0,5.0,False,1169,0.32506415739948674,2.7200618185675447,1.1784245201391939,0.13526562999154396,158.1255214601148,34.271461548134496,0
BTCUSD,H1@H4,dynamic,M15,48,1800.0,False,0.0,5.0,False,1255,0.2749003984063745,-0.07379458922335443,0.9869681416497028,-0.0033797463694669864,-4.241581693681095,53.554789389789335,0
BTCUSD,H1@H4,dynamic,M15,48,1800.0,True,0.0,5.0,False,1232,0.3287337662337662,3.128059814014722,1.2180760690051353,0.15226604422925052,187.5917664904367,31.946528299519898,0
BTCUSD,H1@H4,dynamic,M15,24,1800.0,False,0.0,5.0,True,0,0.0,0.0,0.0,0.0,0.0,0.0,0
BTCUSD,H1@H4,dynamic,M15,24,1800.0,True,0.0,5.0,True,0,0.0,0.0,0.0,0.0,0.0,0.0,0
BTCUSD,H1@H4,dynamic,M15,48,1800.0,False,0.0,5.0,True,0,0.0,0.0,0.0,0.0,0.0,0.0,0
BTCUSD,H1@H4,dynamic,M15,48,1800.0,True,0.0,5.0,True,0,0.0,0.0,0.0,0.0,0.0,0.0,0
BTCUSD,H1@H4,dynamic,M15,24,2400.0,False,0.0,0.0,False,1252,0.2723642172523962,-1.9305816282100785,0.9392093091647377,-0.08294969885644835,-103.85302296827348,119.61195247364833,0
BTCUSD,H1@H4,dynamic,M15,24,2400.0,True,0.0,0.0,False,1200,0.31416666666666665,0.8212879634545811,1.1136600078499381,0.038382350304616494,46.05882036553975,52.08652383344194,0
BTCUSD,H1@H4,dynamic,M15,48,2400.0,False,0.0,0.0,False,1309,0.2734912146676853,-1.6913606261242036,0.9449610604127185,-0.07166180738106902,-93.80530586181938,105.34233343650298,0
BTCUSD,H1@H4,dynamic,M15,48,2400.0,True,0.0,0.0,False,1265,0.31620553359683795,1.1706146318561264,1.155186777082357,0.053609028306478276,67.81542080769502,46.23094752365347,0
BTCUSD,H1@H4,dynamic,M15,24,2400.0,False,0.0,0.0,True,0,0.0,0.0,0.0,0.0,0.0,0.0,0
BTCUSD,H1@H4,dynamic,M15,24,2400.0,True,0.0,0.0,True,0,0.0,0.0,0.0,0.0,0.0,0.0,0
BTCUSD,H1@H4,dynamic,M15,48,2400.0,False,0.0,0.0,True,0,0.0,0.0,0.0,0.0,0.0,0.0,0
BTCUSD,H1@H4,dynamic,M15,48,2400.0,True,0.0,0.0,True,0,0.0,0.0,0.0,0.0,0.0,0.0,0
BTCUSD,H1@H4,dynamic,M15,24,2400.0,False,0.0,2.0,False,1244,0.27009646302250806,-1.785342777637855,0.9390417808714323,-0.07744698187646626,-96.3440454543242,112.10297495969905,0
BTCUSD,H1@H4,dynamic,M15,24,2400.0,True,0.0,2.0,False,1196,0.3177257525083612,1.206174797984415,1.1179797904865432,0.056729359520195435,67.84831398615371,39.41148849066755,0
BTCUSD,H1@H4,dynamic,M15,48,2400.0,False,0.0,2.0,False,1300,0.2723076923076923,-1.5075240867035382,0.9454631430437085,-0.06448200154333165,-83.82660200633121,96.93309405283932,0
BTCUSD,H1@H4,dynamic,M15,48,2400.0,True,0.0,2.0,False,1261,0.31958762886597936,1.5387851675039852,1.1589197728384013,0.07088670899780182,89.38814004622812,40.052759553115564,0
BTCUSD,H1@H4,dynamic,M15,24,2400.0,False,0.0,2.0,True,0,0.0,0.0,0.0,0.0,0.0,0.0,0
BTCUSD,H1@H4,dynamic,M15,24,2400.0,True,0.0,2.0,True,0,0.0,0.0,0.0,0.0,0.0,0.0,0
BTCUSD,H1@H4,dynamic,M15,48,2400.0,False,0.0,2.0,True,0,0.0,0.0,0.0,0.0,0.0,0.0,0
BTCUSD,H1@H4,dynamic,M15,48,2400.0,True,0.0,2.0,True,0,0.0,0.0,0.0,0.0,0.0,0.0,0
BTCUSD,H1@H4,dynamic,M15,24,2400.0,False,0.0,3.0,False,1225,0.26857142857142857,-1.5252386342240196,0.9429287795787308,-0.06742700018791042,-82.59807523019043,100.00387074436124,0
BTCUSD,H1@H4,dynamic,M15,24,2400.0,True,0.0,3.0,False,1181,0.32091447925486877,1.6331611674194264,1.1288838321377925,0.07788387495069589,91.98085631677178,35.23229981144117,0
BTCUSD,H1@H4,dynamic,M15,48,2400.0,False,0.0,3.0,False,1284,0.2733644859813084,-1.0995125314590746,0.9521433307578672,-0.0478817743792561,-61.48019830296483,77.58451113388315,0
BTCUSD,H1@H4,dynamic,M15,48,2400.0,True,0.0,3.0,False,1247,0.32076984763432237,1.8305102383413783,1.1648115375232277,0.0853460812956547,106.4265633756814,33.12263986455146,0
BTCUSD,H1@H4,dynamic,M15,24,2400.0,False,0.0,3.0,True,0,0.0,0.0,0.0,0.0,0.0,0.0,0
BTCUSD,H1@H4,dynamic,M15,24,2400.0,True,0.0,3.0,True,0,0.0,0.0,0.0,0.0,0.0,0.0,0
BTCUSD,H1@H4,dynamic,M15,48,2400.0,False,0.0,3.0,True,0,0.0,0.0,0.0,0.0,0.0,0.0,0
BTCUSD,H1@H4,dynamic,M15,48,2400.0,True,0.0,3.0,True,0,0.0,0.0,0.0,0.0,0.0,0.0,0
BTCUSD,H1@H4,dynamic,M15,24,2400.0,False,0.0,5.0,False,1157,0.2731201382886776,-0.601033090345128,0.9639395858596098,-0.02808368556055944,-32.49282419356726,49.475131426443255,0
BTCUSD,H1@H4,dynamic,M15,24,2400.0,True,0.0,5.0,False,1144,0.3243006993006993,2.185972294451263,1.146479129942174,0.10722893245022119,122.66989872305308,33.241994267681534,0
BTCUSD,H1@H4,dynamic,M15,48,2400.0,False,0.0,5.0,False,1208,0.27483443708609273,-0.41698753996135335,0.964955073303266,-0.019159325813949555,-23.144465583251066,58.332126441786315,0
BTCUSD,H1@H4,dynamic,M15,48,2400.0,True,0.0,5.0,False,1205,0.33029045643153526,2.7586034419611614,1.1923533032997415,0.13292024377832046,160.16889375287624,32.450425149868536,0
BTCUSD,H1@H4,dynamic,M15,24,2400.0,False,0.0,5.0,True,0,0.0,0.0,0.0,0.0,0.0,0.0,0
BTCUSD,H1@H4,dynamic,M15,24,2400.0,True,0.0,5.0,True,0,0.0,0.0,0.0,0.0,0.0,0.0,0
BTCUSD,H1@H4,dynamic,M15,48,2400.0,False,0.0,5.0,True,0,0.0,0.0,0.0,0.0,0.0,0.0,0
BTCUSD,H1@H4,dynamic,M15,48,2400.0,True,0.0,5.0,True,0,0.0,0.0,0.0,0.0,0.0,0.0,0
BTCUSD,H1@H4,dynamic,M5,24,0.0,False,0.0,0.0,False,546,0.3131868131868132,3.1805604714076265,1.368898980731631,0.25274725274725274,138.0,19.0,0
BTCUSD,H1@H4,dynamic,M5,24,0.0,True,0.0,0.0,False,498,0.3353413654618474,3.996026728344797,1.5930148549049261,0.3696940530283578,184.1076384081221,18.900000000000006,0
BTCUSD,H1@H4,dynamic,M5,48,0.0,False,0.0,0.0,False,583,0.307032590051458,2.9828811105312494,1.3328149381244498,0.2281303602058319,133.0,18.0,0
BTCUSD,H1@H4,dynamic,M5,48,0.0,True,0.0,0.0,False,532,0.325187969924812,3.7424674342227733,1.4972491011275166,0.33034094844223016,175.74138457126634,19.900000000000006,0
BTCUSD,H1@H4,dynamic,M5,24,0.0,False,0.0,0.0,True,0,0.0,0.0,0.0,0.0,0.0,0.0,0
BTCUSD,H1@H4,dynamic,M5,24,0.0,True,0.0,0.0,True,0,0.0,0.0,0.0,0.0,0.0,0.0,0
BTCUSD,H1@H4,dynamic,M5,48,0.0,False,0.0,0.0,True,0,0.0,0.0,0.0,0.0,0.0,0.0,0
BTCUSD,H1@H4,dynamic,M5,48,0.0,True,0.0,0.0,True,0,0.0,0.0,0.0,0.0,0.0,0.0,0
BTCUSD,H1@H4,dynamic,M5,24,0.0,False,0.0,2.0,False,546,0.3131868131868132,3.1805604714076265,1.368898980731631,0.25274725274725274,138.0,19.0,0
BTCUSD,H1@H4,dynamic,M5,24,0.0,True,0.0,2.0,False,498,0.3353413654618474,3.996026728344797,1.5930148549049261,0.3696940530283578,184.1076384081221,18.900000000000006,0
BTCUSD,H1@H4,dynamic,M5,48,0.0,False,0.0,2.0,False,583,0.307032590051458,2.9828811105312494,1.3328149381244498,0.2281303602058319,133.0,18.0,0
BTCUSD,H1@H4,dynamic,M5,48,0.0,True,0.0,2.0,False,532,0.325187969924812,3.7424674342227733,1.4972491011275166,0.33034094844223016,175.74138457126634,19.900000000000006,0
BTCUSD,H1@H4,dynamic,M5,24,0.0,False,0.0,2.0,True,0,0.0,0.0,0.0,0.0,0.0,0.0,0
BTCUSD,H1@H4,dynamic,M5,24,0.0,True,0.0,2.0,True,0,0.0,0.0,0.0,0.0,0.0,0.0,0
BTCUSD,H1@H4,dynamic,M5,48,0.0,False,0.0,2.0,True,0,0.0,0.0,0.0,0.0,0.0,0.0,0
BTCUSD,H1@H4,dynamic,M5,48,0.0,True,0.0,2.0,True,0,0.0,0.0,0.0,0.0,0.0,0.0,0
BTCUSD,H1@H4,dynamic,M5,24,0.0,False,0.0,3.0,False,546,0.3131868131868132,3.1805604714076265,1.368898980731631,0.25274725274725274,138.0,19.0,0
BTCUSD,H1@H4,dynamic,M5,24,0.0,True,0.0,3.0,False,498,0.3353413654618474,3.996026728344797,1.5930148549049261,0.3696940530283578,184.1076384081221,18.900000000000006,0
BTCUSD,H1@H4,dynamic,M5,48,0.0,False,0.0,3.0,False,583,0.307032590051458,2.9828811105312494,1.3328149381244498,0.2281303602058319,133.0,18.0,0
BTCUSD,H1@H4,dynamic,M5,48,0.0,True,0.0,3.0,False,532,0.325187969924812,3.7424674342227733,1.4972491011275166,0.33034094844223016,175.74138457126634,19.900000000000006,0
BTCUSD,H1@H4,dynamic,M5,24,0.0,False,0.0,3.0,True,0,0.0,0.0,0.0,0.0,0.0,0.0,0
BTCUSD,H1@H4,dynamic,M5,24,0.0,True,0.0,3.0,True,0,0.0,0.0,0.0,0.0,0.0,0.0,0
BTCUSD,H1@H4,dynamic,M5,48,0.0,False,0.0,3.0,True,0,0.0,0.0,0.0,0.0,0.0,0.0,0
BTCUSD,H1@H4,dynamic,M5,48,0.0,True,0.0,3.0,True,0,0.0,0.0,0.0,0.0,0.0,0.0,0
BTCUSD,H1@H4,dynamic,M5,24,0.0,False,0.0,5.0,False,546,0.3131868131868132,3.1805604714076265,1.368898980731631,0.25274725274725274,138.0,19.0,0
BTCUSD,H1@H4,dynamic,M5,24,0.0,True,0.0,5.0,False,498,0.3353413654618474,3.996026728344797,1.5930148549049261,0.3696940530283578,184.1076384081221,18.900000000000006,0
BTCUSD,H1@H4,dynamic,M5,48,0.0,False,0.0,5.0,False,583,0.307032590051458,2.9828811105312494,1.3328149381244498,0.2281303602058319,133.0,18.0,0
BTCUSD,H1@H4,dynamic,M5,48,0.0,True,0.0,5.0,False,532,0.325187969924812,3.7424674342227733,1.4972491011275166,0.33034094844223016,175.74138457126634,19.900000000000006,0
BTCUSD,H1@H4,dynamic,M5,24,0.0,False,0.0,5.0,True,0,0.0,0.0,0.0,0.0,0.0,0.0,0
BTCUSD,H1@H4,dynamic,M5,24,0.0,True,0.0,5.0,True,0,0.0,0.0,0.0,0.0,0.0,0.0,0
BTCUSD,H1@H4,dynamic,M5,48,0.0,False,0.0,5.0,True,0,0.0,0.0,0.0,0.0,0.0,0.0,0
BTCUSD,H1@H4,dynamic,M5,48,0.0,True,0.0,5.0,True,0,0.0,0.0,0.0,0.0,0.0,0.0,0
BTCUSD,H1@H4,dynamic,M5,24,1200.0,False,0.0,0.0,False,546,0.3131868131868132,2.2750313712029095,1.2737730391815703,0.16886580533963344,92.20072971543986,22.275354226729725,0
BTCUSD,H1@H4,dynamic,M5,24,1200.0,True,0.0,0.0,False,498,0.3353413654618474,3.2216870780131415,1.4837574318878368,0.2775434050620755,138.21661572091358,20.707297047769917,0
BTCUSD,H1@H4,dynamic,M5,48,1200.0,False,0.0,0.0,False,583,0.307032590051458,2.0652752482943812,1.2409911248272847,0.14774336270009727,86.13438045415673,28.231705976093078,0
BTCUSD,H1@H4,dynamic,M5,48,1200.0,True,0.0,0.0,False,532,0.325187969924812,2.9585781449803417,1.3968312054437886,0.2443803960099866,130.0103706773128,20.614556012938834,0
BTCUSD,H1@H4,dynamic,M5,24,1200.0,False,0.0,0.0,True,0,0.0,0.0,0.0,0.0,0.0,0.0,0
BTCUSD,H1@H4,dynamic,M5,24,1200.0,True,0.0,0.0,True,0,0.0,0.0,0.0,0.0,0.0,0.0,0
BTCUSD,H1@H4,dynamic,M5,48,1200.0,False,0.0,0.0,True,0,0.0,0.0,0.0,0.0,0.0,0.0,0
BTCUSD,H1@H4,dynamic,M5,48,1200.0,True,0.0,0.0,True,0,0.0,0.0,0.0,0.0,0.0,0.0,0
BTCUSD,H1@H4,dynamic,M5,24,1200.0,False,0.0,2.0,False,546,0.3131868131868132,2.2750313712029095,1.2737730391815703,0.16886580533963344,92.20072971543986,22.275354226729725,0
BTCUSD,H1@H4,dynamic,M5,24,1200.0,True,0.0,2.0,False,498,0.3353413654618474,3.2216870780131415,1.4837574318878368,0.2775434050620755,138.21661572091358,20.707297047769917,0
BTCUSD,H1@H4,dynamic,M5,48,1200.0,False,0.0,2.0,False,583,0.307032590051458,2.0652752482943812,1.2409911248272847,0.14774336270009727,86.13438045415673,28.231705976093078,0
BTCUSD,H1@H4,dynamic,M5,48,1200.0,True,0.0,2.0,False,532,0.325187969924812,2.9585781449803417,1.3968312054437886,0.2443803960099866,130.0103706773128,20.614556012938834,0
BTCUSD,H1@H4,dynamic,M5,24,1200.0,False,0.0,2.0,True,0,0.0,0.0,0.0,0.0,0.0,0.0,0
BTCUSD,H1@H4,dynamic,M5,24,1200.0,True,0.0,2.0,True,0,0.0,0.0,0.0,0.0,0.0,0.0,0
BTCUSD,H1@H4,dynamic,M5,48,1200.0,False,0.0,2.0,True,0,0.0,0.0,0.0,0.0,0.0,0.0,0
BTCUSD,H1@H4,dynamic,M5,48,1200.0,True,0.0,2.0,True,0,0.0,0.0,0.0,0.0,0.0,0.0,0
BTCUSD,H1@H4,dynamic,M5,24,1200.0,False,0.0,3.0,False,546,0.3131868131868132,2.2750313712029095,1.2737730391815703,0.16886580533963344,92.20072971543986,22.275354226729725,0
BTCUSD,H1@H4,dynamic,M5,24,1200.0,True,0.0,3.0,False,498,0.3353413654618474,3.2216870780131415,1.4837574318878368,0.2775434050620755,138.21661572091358,20.707297047769917,0
BTCUSD,H1@H4,dynamic,M5,48,1200.0,False,0.0,3.0,False,583,0.307032590051458,2.0652752482943812,1.2409911248272847,0.14774336270009727,86.13438045415673,28.231705976093078,0
BTCUSD,H1@H4,dynamic,M5,48,1200.0,True,0.0,3.0,False,532,0.325187969924812,2.9585781449803417,1.3968312054437886,0.2443803960099866,130.0103706773128,20.614556012938834,0
BTCUSD,H1@H4,dynamic,M5,24,1200.0,False,0.0,3.0,True,0,0.0,0.0,0.0,0.0,0.0,0.0,0
BTCUSD,H1@H4,dynamic,M5,24,1200.0,True,0.0,3.0,True,0,0.0,0.0,0.0,0.0,0.0,0.0,0
BTCUSD,H1@H4,dynamic,M5,48,1200.0,False,0.0,3.0,True,0,0.0,0.0,0.0,0.0,0.0,0.0,0
BTCUSD,H1@H4,dynamic,M5,48,1200.0,True,0.0,3.0,True,0,0.0,0.0,0.0,0.0,0.0,0.0,0
BTCUSD,H1@H4,dynamic,M5,24,1200.0,False,0.0,5.0,False,546,0.3131868131868132,2.2875162705482808,1.274019909711063,0.1699130700189282,92.77253623033478,21.963601442222412,0
BTCUSD,H1@H4,dynamic,M5,24,1200.0,True,0.0,5.0,False,498,0.3353413654618474,3.2241592860761985,1.4844023950132876,0.2777512216641495,138.32010838874646,20.46568863977675,0
BTCUSD,H1@H4,dynamic,M5,48,1200.0,False,0.0,5.0,False,583,0.307032590051458,2.0719954333068324,1.2413126343192353,0.14827810161005836,86.44613323866405,28.231705976093078,0
BTCUSD,H1@H4,dynamic,M5,48,1200.0,True,0.0,5.0,False,532,0.325187969924812,2.9610875716837435,1.3974940051142435,0.24458507382383557,130.1192592742805,20.614556012938834,0
BTCUSD,H1@H4,dynamic,M5,24,1200.0,False,0.0,5.0,True,0,0.0,0.0,0.0,0.0,0.0,0.0,0
BTCUSD,H1@H4,dynamic,M5,24,1200.0,True,0.0,5.0,True,0,0.0,0.0,0.0,0.0,0.0,0.0,0
BTCUSD,H1@H4,dynamic,M5,48,1200.0,False,0.0,5.0,True,0,0.0,0.0,0.0,0.0,0.0,0.0,0
BTCUSD,H1@H4,dynamic,M5,48,1200.0,True,0.0,5.0,True,0,0.0,0.0,0.0,0.0,0.0,0.0,0
BTCUSD,H1@H4,dynamic,M5,24,1800.0,False,0.0,0.0,False,546,0.3131868131868132,1.835218424593861,1.2298345525042693,0.13207349571461124,72.11212866017773,28.027340599411918,0
BTCUSD,H1@H4,dynamic,M5,24,1800.0,True,0.0,0.0,False,498,0.3353413654618474,2.8442383724116214,1.433288645647101,0.23729156109679828,118.17119742620554,21.93393537977473,0
BTCUSD,H1@H4,dynamic,M5,48,1800.0,False,0.0,0.0,False,583,0.307032590051458,1.6176655610583566,1.1985503581909425,0.11224355702312229,65.4379937444803,33.23933094707073,0
BTCUSD,H1@H4,dynamic,M5,48,1800.0,True,0.0,0.0,False,532,0.325187969924812,2.5763308360084602,1.3503489716402493,0.20645808083942593,109.83569900657459,21.05547515255367,0
BTCUSD,H1@H4,dynamic,M5,24,1800.0,False,0.0,0.0,True,0,0.0,0.0,0.0,0.0,0.0,0.0,0
BTCUSD,H1@H4,dynamic,M5,24,1800.0,True,0.0,0.0,True,0,0.0,0.0,0.0,0.0,0.0,0.0,0
BTCUSD,H1@H4,dynamic,M5,48,1800.0,False,0.0,0.0,True,0,0.0,0.0,0.0,0.0,0.0,0.0,0
BTCUSD,H1@H4,dynamic,M5,48,1800.0,True,0.0,0.0,True,0,0.0,0.0,0.0,0.0,0.0,0.0,0
BTCUSD,H1@H4,dynamic,M5,24,1800.0,False,0.0,2.0,False,546,0.3131868131868132,1.835218424593861,1.2298345525042693,0.13207349571461124,72.11212866017773,28.027340599411918,0
BTCUSD,H1@H4,dynamic,M5,24,1800.0,True,0.0,2.0,False,498,0.3353413654618474,2.8442383724116214,1.433288645647101,0.23729156109679828,118.17119742620554,21.93393537977473,0
BTCUSD,H1@H4,dynamic,M5,48,1800.0,False,0.0,2.0,False,583,0.307032590051458,1.6176655610583566,1.1985503581909425,0.11224355702312229,65.4379937444803,33.23933094707073,0
BTCUSD,H1@H4,dynamic,M5,48,1800.0,True,0.0,2.0,False,532,0.325187969924812,2.5763308360084602,1.3503489716402493,0.20645808083942593,109.83569900657459,21.05547515255367,0
BTCUSD,H1@H4,dynamic,M5,24,1800.0,False,0.0,2.0,True,0,0.0,0.0,0.0,0.0,0.0,0.0,0
BTCUSD,H1@H4,dynamic,M5,24,1800.0,True,0.0,2.0,True,0,0.0,0.0,0.0,0.0,0.0,0.0,0
BTCUSD,H1@H4,dynamic,M5,48,1800.0,False,0.0,2.0,True,0,0.0,0.0,0.0,0.0,0.0,0.0,0
BTCUSD,H1@H4,dynamic,M5,48,1800.0,True,0.0,2.0,True,0,0.0,0.0,0.0,0.0,0.0,0.0,0
BTCUSD,H1@H4,dynamic,M5,24,1800.0,False,0.0,3.0,False,546,0.3131868131868132,1.8468948821541529,1.2302315958281937,0.1329885822904933,72.61176593060931,27.719645689641077,0
BTCUSD,H1@H4,dynamic,M5,24,1800.0,True,0.0,3.0,False,498,0.3353413654618474,2.850137039050677,1.43381713291195,0.2378192522258817,118.43398760848909,21.69547182470233,0
BTCUSD,H1@H4,dynamic,M5,48,1800.0,False,0.0,3.0,False,583,0.307032590051458,1.6247414942714888,1.198959623751743,0.11277133559905855,65.74568865425114,33.23933094707073,0
BTCUSD,H1@H4,dynamic,M5,48,1800.0,True,0.0,3.0,False,532,0.325187969924812,2.5811456697221296,1.3508155794536627,0.2068656926696061,110.05254850023044,21.05547515255367,0
BTCUSD,H1@H4,dynamic,M5,24,1800.0,False,0.0,3.0,True,0,0.0,0.0,0.0,0.0,0.0,0.0,0
BTCUSD,H1@H4,dynamic,M5,24,1800.0,True,0.0,3.0,True,0,0.0,0.0,0.0,0.0,0.0,0.0,0
BTCUSD,H1@H4,dynamic,M5,48,1800.0,False,0.0,3.0,True,0,0.0,0.0,0.0,0.0,0.0,0.0,0
BTCUSD,H1@H4,dynamic,M5,48,1800.0,True,0.0,3.0,True,0,0.0,0.0,0.0,0.0,0.0,0.0,0
BTCUSD,H1@H4,dynamic,M5,24,1800.0,False,0.0,5.0,False,544,0.31985294117647056,2.1965786978511614,1.2455535013128147,0.15962181498765549,86.8342673532846,25.990950516693548,0
BTCUSD,H1@H4,dynamic,M5,24,1800.0,True,0.0,5.0,False,498,0.3373493975903614,2.909997155312692,1.4377391883421426,0.24193974396820256,120.48599249616481,21.25478710317076,0
BTCUSD,H1@H4,dynamic,M5,48,1800.0,False,0.0,5.0,False,582,0.31099656357388317,1.843106635019993,1.2071943675141577,0.1286226695432169,74.85839367415224,33.065420767877015,0
BTCUSD,H1@H4,dynamic,M5,48,1800.0,True,0.0,5.0,False,532,0.32706766917293234,2.638989400754563,1.3527410768633714,0.21134573993906097,112.43593364758046,21.05547515255367,0
BTCUSD,H1@H4,dynamic,M5,24,1800.0,False,0.0,5.0,True,0,0.0,0.0,0.0,0.0,0.0,0.0,0
BTCUSD,H1@H4,dynamic,M5,24,1800.0,True,0.0,5.0,True,0,0.0,0.0,0.0,0.0,0.0,0.0,0
BTCUSD,H1@H4,dynamic,M5,48,1800.0,False,0.0,5.0,True,0,0.0,0.0,0.0,0.0,0.0,0.0,0
BTCUSD,H1@H4,dynamic,M5,48,1800.0,True,0.0,5.0,True,0,0.0,0.0,0.0,0.0,0.0,0.0,0
BTCUSD,H1@H4,dynamic,M5,24,2400.0,False,0.0,0.0,False,546,0.3131868131868132,1.4028919005300864,1.1880729594010875,0.09805026366207771,53.53544395949444,33.31438073149912,0
BTCUSD,H1@H4,dynamic,M5,24,2400.0,True,0.0,0.0,False,498,0.3353413654618474,2.472595126783991,1.385318536011774,0.20014334275042805,99.67138468971316,23.01737852260198,0
BTCUSD,H1@H4,dynamic,M5,48,2400.0,False,0.0,0.0,False,583,0.307032590051458,1.1766687179690856,1.1581961451861364,0.07931247930628664,46.23917543556511,38.293488738319326,0
BTCUSD,H1@H4,dynamic,M5,48,2400.0,True,0.0,0.0,False,532,0.325187969924812,2.1997525758117598,1.306111272993298,0.171285955657768,91.1241284099326,21.46000234391181,0
BTCUSD,H1@H4,dynamic,M5,24,2400.0,False,0.0,0.0,True,0,0.0,0.0,0.0,0.0,0.0,0.0,0
BTCUSD,H1@H4,dynamic,M5,24,2400.0,True,0.0,0.0,True,0,0.0,0.0,0.0,0.0,0.0,0.0,0
BTCUSD,H1@H4,dynamic,M5,48,2400.0,False,0.0,0.0,True,0,0.0,0.0,0.0,0.0,0.0,0.0,0
BTCUSD,H1@H4,dynamic,M5,48,2400.0,True,0.0,0.0,True,0,0.0,0.0,0.0,0.0,0.0,0.0,0
BTCUSD,H1@H4,dynamic,M5,24,2400.0,False,0.0,2.0,False,546,0.3131868131868132,1.4115953967957224,1.1884527312015631,0.09869358157333108,53.886695539038776,33.07545690848818,0
BTCUSD,H1@H4,dynamic,M5,24,2400.0,True,0.0,2.0,False,498,0.3353413654618474,2.477921375100492,1.3856090976516737,0.20059935356982642,99.89847807777358,22.8322125597685,0
BTCUSD,H1@H4,dynamic,M5,48,2400.0,False,0.0,2.0,False,583,0.307032590051458,1.1824797682453227,1.158529014182739,0.07972229718452153,46.47809925857606,38.05456491530839,0
BTCUSD,H1@H4,dynamic,M5,48,2400.0,True,0.0,2.0,False,532,0.325187969924812,2.204031278723791,1.3063688169674748,0.17163401197888356,91.30929437276608,21.46000234391181,0
BTCUSD,H1@H4,dynamic,M5,24,2400.0,False,0.0,2.0,True,0,0.0,0.0,0.0,0.0,0.0,0.0,0
BTCUSD,H1@H4,dynamic,M5,24,2400.0,True,0.0,2.0,True,0,0.0,0.0,0.0,0.0,0.0,0.0,0
BTCUSD,H1@H4,dynamic,M5,48,2400.0,False,0.0,2.0,True,0,0.0,0.0,0.0,0.0,0.0,0.0,0
BTCUSD,H1@H4,dynamic,M5,48,2400.0,True,0.0,2.0,True,0,0.0,0.0,0.0,0.0,0.0,0.0,0
BTCUSD,H1@H4,dynamic,M5,24,2400.0,False,0.0,3.0,False,545,0.3174311926605505,1.62040549904302,1.1962062289291144,0.11379331567680921,62.01735704386103,31.664735180795127,0
BTCUSD,H1@H4,dynamic,M5,24,2400.0,True,0.0,3.0,False,498,0.3353413654618474,2.486151116231117,1.3862655601806015,0.20112904950913274,100.16226665554812,22.538134681797793,0
BTCUSD,H1@H4,dynamic,M5,48,2400.0,False,0.0,3.0,False,583,0.30874785591766724,1.2719276849596255,1.161456108525344,0.08588183671258445,50.06911080343675,37.85795564898796,0
BTCUSD,H1@H4,dynamic,M5,48,2400.0,True,0.0,3.0,False,532,0.325187969924812,2.2102821091315095,1.3067290164907803,0.17213149126889105,91.57395335505004,21.46000234391181,0
BTCUSD,H1@H4,dynamic,M5,24,2400.0,False,0.0,3.0,True,0,0.0,0.0,0.0,0.0,0.0,0.0,0
BTCUSD,H1@H4,dynamic,M5,24,2400.0,True,0.0,3.0,True,0,0.0,0.0,0.0,0.0,0.0,0.0,0
BTCUSD,H1@H4,dynamic,M5,48,2400.0,False,0.0,3.0,True,0,0.0,0.0,0.0,0.0,0.0,0.0,0
BTCUSD,H1@H4,dynamic,M5,48,2400.0,True,0.0,3.0,True,0,0.0,0.0,0.0,0.0,0.0,0.0,0
BTCUSD,H1@H4,dynamic,M5,24,2400.0,False,0.0,5.0,False,540,0.31666666666666665,1.734739462933386,1.201826336871454,0.12348962396756641,66.68439694248589,30.056343007763356,0
BTCUSD,H1@H4,dynamic,M5,24,2400.0,True,0.0,5.0,False,496,0.33669354838709675,2.591805313033539,1.3929649873921401,0.2097772034992238,104.04949293561499,22.870603131961992,0
BTCUSD,H1@H4,dynamic,M5,48,2400.0,False,0.0,5.0,False,578,0.3062283737024221,1.2821198439297414,1.1595649338159408,0.0874861644652033,50.56700306088753,39.377502236199604,0
BTCUSD,H1@H4,dynamic,M5,48,2400.0,True,0.0,5.0,False,531,0.327683615819209,2.3403373108028145,1.311008243970137,0.18246923161087897,96.8911619853767,23.870603131961996,0
BTCUSD,H1@H4,dynamic,M5,24,2400.0,False,0.0,5.0,True,0,0.0,0.0,0.0,0.0,0.0,0.0,0
BTCUSD,H1@H4,dynamic,M5,24,2400.0,True,0.0,5.0,True,0,0.0,0.0,0.0,0.0,0.0,0.0,0
BTCUSD,H1@H4,dynamic,M5,48,2400.0,False,0.0,5.0,True,0,0.0,0.0,0.0,0.0,0.0,0.0,0
BTCUSD,H1@H4,dynamic,M5,48,2400.0,True,0.0,5.0,True,0,0.0,0.0,0.0,0.0,0.0,0.0,0
BTCUSD,M5@M15,none,,48,0.0,False,0.0,0.0,False,1855,0.28517520215633424,3.3545616896305015,1.1047895177119762,0.14070080862533693,261.0,31.0,0
BTCUSD,M5@M15,none,,48,0.0,True,0.0,0.0,False,2010,0.2930348258706468,2.906258461224262,1.1641723679718814,0.12053414292911024,242.27362728751137,42.847455154368284,0
BTCUSD,M5@M15,none,,48,0.0,False,0.0,2.0,False,1855,0.28517520215633424,3.3545616896305015,1.1047895177119762,0.14070080862533693,261.0,31.0,0
BTCUSD,M5@M15,none,,48,0.0,True,0.0,2.0,False,2010,0.2930348258706468,2.906258461224262,1.1641723679718814,0.12053414292911024,242.27362728751137,42.847455154368284,0
BTCUSD,M5@M15,none,,48,0.0,False,0.0,3.0,False,1855,0.28517520215633424,3.3545616896305015,1.1047895177119762,0.14070080862533693,261.0,31.0,0
BTCUSD,M5@M15,none,,48,0.0,True,0.0,3.0,False,2010,0.2930348258706468,2.906258461224262,1.1641723679718814,0.12053414292911024,242.27362728751137,42.847455154368284,0
BTCUSD,M5@M15,none,,48,0.0,False,0.0,5.0,False,1855,0.28517520215633424,3.3545616896305015,1.1047895177119762,0.14070080862533693,261.0,31.0,0
BTCUSD,M5@M15,none,,48,0.0,True,0.0,5.0,False,2010,0.2930348258706468,2.906258461224262,1.1641723679718814,0.12053414292911024,242.27362728751137,42.847455154368284,0
BTCUSD,M5@M15,none,,48,1200.0,False,0.0,0.0,False,1855,0.28517520215633424,2.44644478360423,1.069196624462085,0.09889138710237245,183.44352307490092,33.73487102299201,0
BTCUSD,M5@M15,none,,48,1200.0,True,0.0,0.0,False,2010,0.2930348258706468,1.9910083628404864,1.1258647509689121,0.07925295303437085,159.2984355990854,44.52031314070135,0
BTCUSD,M5@M15,none,,48,1200.0,False,0.0,2.0,False,1855,0.28517520215633424,2.44644478360423,1.069196624462085,0.09889138710237245,183.44352307490092,33.73487102299201,0
BTCUSD,M5@M15,none,,48,1200.0,True,0.0,2.0,False,2010,0.2930348258706468,1.9910083628404864,1.1258647509689121,0.07925295303437085,159.2984355990854,44.52031314070135,0
BTCUSD,M5@M15,none,,48,1200.0,False,0.0,3.0,False,1855,0.28517520215633424,2.44644478360423,1.069196624462085,0.09889138710237245,183.44352307490092,33.73487102299201,0
BTCUSD,M5@M15,none,,48,1200.0,True,0.0,3.0,False,2010,0.2930348258706468,1.9910083628404864,1.1258647509689121,0.07925295303437085,159.2984355990854,44.52031314070135,0
BTCUSD,M5@M15,none,,48,1200.0,False,0.0,5.0,False,1855,0.2857142857142857,2.494258447926025,1.0696112041617227,0.10087104916487982,187.1157962008521,33.734871022992024,0
BTCUSD,M5@M15,none,,48,1200.0,True,0.0,5.0,False,2009,0.2931806869089099,2.007526284997349,1.1260090640834333,0.0799487022225821,160.61694276516738,44.52031314070135,0
BTCUSD,M5@M15,none,,48,1800.0,False,0.0,0.0,False,1855,0.28517520215633424,2.002300494229688,1.0520246416591696,0.07954818134142691,147.56187638834706,38.517529534457125,0
BTCUSD,M5@M15,none,,48,1800.0,True,0.0,0.0,False,2010,0.2930348258706468,1.541781585193565,1.107399757895457,0.0602060388549787,121.01413809850723,45.33975567808139,0
BTCUSD,M5@M15,none,,48,1800.0,False,0.0,2.0,False,1855,0.28517520215633424,2.002300494229688,1.0520246416591696,0.07954818134142691,147.56187638834706,38.517529534457125,0
BTCUSD,M5@M15,none,,48,1800.0,True,0.0,2.0,False,2010,0.2930348258706468,1.541781585193565,1.107399757895457,0.0602060388549787,121.01413809850723,45.33975567808139,0
BTCUSD,M5@M15,none,,48,1800.0,False,0.0,3.0,False,1855,0.2857142857142857,2.046016129569508,1.0523802427879425,0.08131122990970754,150.83233148250764,38.51752953445707,0
BTCUSD,M5@M15,none,,48,1800.0,True,0.0,3.0,False,2009,0.2931806869089099,1.5572708047329482,1.107519565594283,0.06083809895295252,122.22374079648168,45.33975567808139,0
BTCUSD,M5@M15,none,,48,1800.0,False,0.0,5.0,False,1854,0.2853290183387271,2.029431514356017,1.0522678725612697,0.08069239588282376,149.6037019667554,38.5175295344571,0
BTCUSD,M5@M15,none,,48,1800.0,True,0.0,5.0,False,2008,0.29332669322709165,1.5826937715458147,1.1082845698587207,0.061869303810697274,124.23356205188017,45.33975567808139,0
BTCUSD,M5@M15,none,,48,2400.0,False,0.0,0.0,False,1855,0.28517520215633424,1.5640482046229605,1.0352497159519969,0.06110932953686948,113.35780629089287,43.13885197972709,0
BTCUSD,M5@M15,none,,48,2400.0,True,0.0,0.0,False,2010,0.2930348258706468,1.0975178633748086,1.0893722169083047,0.04207647622245721,84.573717207139,51.65196960436734,0
BTCUSD,M5@M15,none,,48,2400.0,False,0.0,2.0,False,1855,0.2857142857142857,1.6021167978404822,1.0355409160900029,0.06260742127685719,116.13676646857006,43.13885197972709,0
BTCUSD,M5@M15,none,,48,2400.0,True,0.0,2.0,False,2009,0.2931806869089099,1.1117099140721076,1.089481520820551,0.04263849909316682,85.66074467817214,50.564942133334185,0
BTCUSD,M5@M15,none,,48,2400.0,False,0.0,3.0,False,1854,0.2853290183387271,1.5881690753392368,1.0354418620756536,0.06209433637264061,115.12289963487568,43.13885197972709,0
BTCUSD,M5@M15,none,,48,2400.0,True,0.0,3.0,False,2009,0.2931806869089099,1.122025210671227,1.089566398989357,0.04304101795905869,86.46940507974891,50.306608800000845,0
BTCUSD,M5@M15,none,,48,2400.0,False,0.0,5.0,False,1846,0.2838569880823402,1.491304818551958,1.034359077115271,0.05843021934329491,107.86218490772244,46.28199416268593,0
BTCUSD,M5@M15,none,,48,2400.0,True,0.0,5.0,False,1996,0.29308617234468937,1.1791726080381817,1.0907631631058083,0.045477695751719005,90.77348072043114,48.00110156709278,0
BTCUSD,M1@M5,none,,48,0.0,False,0.0,0.0,False,2565,0.23937621832358674,-1.26552298531615,0.8860847483767791,-0.0426511120655067,-109.40010244802467,122.99999999999996,0
BTCUSD,M1@M5,none,,48,0.0,True,0.0,0.0,False,2565,0.23898635477582847,-1.2962042467948325,0.8855691715262399,-0.043664717348927864,-111.99999999999997,122.99999999999996,0
BTCUSD,M1@M5,none,,48,0.0,False,0.0,2.0,False,2565,0.23937621832358674,-1.26552298531615,0.8860847483767791,-0.0426511120655067,-109.40010244802467,122.99999999999996,0
BTCUSD,M1@M5,none,,48,0.0,True,0.0,2.0,False,2565,0.23898635477582847,-1.2962042467948325,0.8855691715262399,-0.043664717348927864,-111.99999999999997,122.99999999999996,0
BTCUSD,M1@M5,none,,48,0.0,False,0.0,3.0,False,2565,0.23937621832358674,-1.26552298531615,0.8860847483767791,-0.0426511120655067,-109.40010244802467,122.99999999999996,0
BTCUSD,M1@M5,none,,48,0.0,True,0.0,3.0,False,2565,0.23898635477582847,-1.2962042467948325,0.8855691715262399,-0.043664717348927864,-111.99999999999997,122.99999999999996,0
BTCUSD,M1@M5,none,,48,0.0,False,0.0,5.0,False,2565,0.23937621832358674,-1.26552298531615,0.8860847483767791,-0.0426511120655067,-109.40010244802467,122.99999999999996,0
BTCUSD,M1@M5,none,,48,0.0,True,0.0,5.0,False,2565,0.23898635477582847,-1.2962042467948325,0.8855691715262399,-0.043664717348927864,-111.99999999999997,122.99999999999996,0
BTCUSD,M1@M5,none,,48,1200.0,False,0.0,0.0,False,2565,0.23937621832358674,-3.2905794869621645,0.8359397897830939,-0.1039602825063332,-266.65812462874476,274.69794900018894,0
BTCUSD,M1@M5,none,,48,1200.0,True,0.0,0.0,False,2565,0.23898635477582847,-3.3195470277104384,0.8354671476183381,-0.10483180615756531,-268.8935827941551,274.69794900018894,0
BTCUSD,M1@M5,none,,48,1200.0,False,0.0,2.0,False,2565,0.23937621832358674,-3.2875021343257806,0.8359704008024037,-0.10386934169521367,-266.4248614482232,274.5267911462151,0
BTCUSD,M1@M5,none,,48,1200.0,True,0.0,2.0,False,2565,0.23898635477582847,-3.3164664543078457,0.835497758637648,-0.10474086534644578,-268.6603196136336,274.5267911462151,0
BTCUSD,M1@M5,none,,48,1200.0,False,0.0,3.0,False,2563,0.23839250877877488,-3.3623785525492242,0.8353374828541207,-0.10624896554729044,-272.31609869770557,279.0123094100222,0
BTCUSD,M1@M5,none,,48,1200.0,True,0.0,3.0,False,2563,0.23800234100663284,-3.3913965623993825,0.8348649499678463,-0.10712116927940529,-274.55155686311593,279.0123094100222,0
BTCUSD,M1@M5,none,,48,1200.0,False,0.0,5.0,False,2577,0.23709740007760963,-3.489121961907025,0.8356527926459606,-0.1098746703095866,-283.1470253878049,286.2607542158723,0
BTCUSD,M1@M5,none,,48,1200.0,True,0.0,5.0,False,2577,0.236709351959643,-3.5181361654955774,0.8351816958736876,-0.11074213564346722,-285.38248355321525,286.2607542158723,0
BTCUSD,M1@M5,none,,48,1800.0,False,0.0,0.0,False,2565,0.23937621832358674,-4.249962786992358,0.812405720999857,-0.13047826145176386,-334.6767406237741,341.56508017196995,0
BTCUSD,M1@M5,none,,48,1800.0,True,0.0,0.0,False,2565,0.23898635477582847,-4.278051186579962,0.8119532289733553,-0.1312890123734359,-336.7563167378629,341.56508017196995,0
BTCUSD,M1@M5,none,,48,1800.0,False,0.0,2.0,False,2563,0.23839250877877488,-4.3090988244947095,0.8118439939802788,-0.1323452871127895,-339.20097087007923,345.17214324303416,0
BTCUSD,M1@M5,none,,48,1800.0,True,0.0,2.0,False,2563,0.23800234100663284,-4.337224846920728,0.8113916091755029,-0.1331566706922233,-341.28054698416804,345.17214324303416,0
BTCUSD,M1@M5,none,,48,1800.0,False,0.0,3.0,False,2571,0.23765071956437184,-4.382970381222146,0.8110598710169298,-0.1343365768020232,-345.37933895800126,351.68384466428955,0
BTCUSD,M1@M5,none,,48,1800.0,True,0.0,3.0,False,2571,0.23726176584986386,-4.411096980752572,0.8106081686535399,-0.1351454356562001,-347.45891507209006,351.68384466428955,0
BTCUSD,M1@M5,none,,48,1800.0,False,0.0,5.0,False,2539,0.23631350925561245,-4.310195960840432,0.815053047182393,-0.1334523948018489,-338.8356304018938,341.73534924822076,0
BTCUSD,M1@M5,none,,48,1800.0,True,0.0,5.0,False,2539,0.23591965340685309,-4.338363837943106,0.8146012055711204,-0.13427144801732305,-340.9152065159826,341.73534924822076,0
BTCUSD,M1@M5,none,,48,2400.0,False,0.0,0.0,False,2565,0.23937621832358674,-5.183021430357684,0.7898150346323397,-0.15489896466904138,-397.31584437609087,403.27497671027976,0
BTCUSD,M1@M5,none,,48,2400.0,True,0.0,0.0,False,2565,0.23898635477582847,-5.210236163393027,0.7893818850093024,-0.1556545296658635,-399.25386859293957,403.27497671027976,0
BTCUSD,M1@M5,none,,48,2400.0,False,0.0,2.0,False,2572,0.2379471228615863,-5.28994639928121,0.7885051733740472,-0.15780836480857213,-405.8831142876474,411.4954232333788,0
BTCUSD,M1@M5,none,,48,2400.0,True,0.0,2.0,False,2572,0.2375583203732504,-5.317179208664476,0.788072864133868,-0.15856187344653822,-407.8211385044961,411.4954232333788,0
BTCUSD,M1@M5,none,,48,2400.0,False,0.0,3.0,False,2567,0.2349045578496299,-5.497872887868895,0.7876546866382942,-0.16416196054840218,-421.40375272774804,424.10550847108954,0
BTCUSD,M1@M5,none,,48,2400.0,True,0.0,3.0,False,2567,0.23451499805220102,-5.5252247056916035,0.7872232993916923,-0.16491693686973008,-423.34177694459675,424.10550847108954,0
BTCUSD,M1@M5,none,,48,2400.0,False,0.0,5.0,False,2508,0.23405103668261562,-5.211457645509188,0.7878750590429492,-0.1586501199741573,-397.8945008951862,400.41503599310767,0
BTCUSD,M1@M5,none,,48,2400.0,True,0.0,5.0,False,2508,0.23365231259968103,-5.236105488961394,0.7874449425381281,-0.15935059986707142,-399.6513044666149,400.41503599310767,0
BTCUSD,M1@M15,none,,48,0.0,False,0.0,0.0,False,936,0.26816239316239315,1.2536392482528373,1.079830882862268,0.07264957264957266,68.0,30.0,0
BTCUSD,M1@M15,none,,48,0.0,True,0.0,0.0,False,953,0.2728226652675761,0.9657130637530879,1.0691223591644978,0.056790718564544554,54.12155479201108,43.417663252742855,0
BTCUSD,M1@M15,none,,48,0.0,False,0.0,2.0,False,936,0.26816239316239315,1.2536392482528373,1.079830882862268,0.07264957264957266,68.0,30.0,0
BTCUSD,M1@M15,none,,48,0.0,True,0.0,2.0,False,953,0.2728226652675761,0.9657130637530879,1.0691223591644978,0.056790718564544554,54.12155479201108,43.417663252742855,0
BTCUSD,M1@M15,none,,48,0.0,False,0.0,3.0,False,936,0.26816239316239315,1.2536392482528373,1.079830882862268,0.07264957264957266,68.0,30.0,0
BTCUSD,M1@M15,none,,48,0.0,True,0.0,3.0,False,953,0.2728226652675761,0.9657130637530879,1.0691223591644978,0.056790718564544554,54.12155479201108,43.417663252742855,0
BTCUSD,M1@M15,none,,48,0.0,False,0.0,5.0,False,936,0.26816239316239315,1.2536392482528373,1.079830882862268,0.07264957264957266,68.0,30.0,0
BTCUSD,M1@M15,none,,48,0.0,True,0.0,5.0,False,953,0.2728226652675761,0.9657130637530879,1.0691223591644978,0.056790718564544554,54.12155479201108,43.417663252742855,0
BTCUSD,M1@M15,none,,48,1200.0,False,0.0,0.0,False,936,0.26816239316239315,0.602832421731503,1.0441658327695342,0.033676805100509834,31.521489574077215,31.810879104603863,0
BTCUSD,M1@M15,none,,48,1200.0,True,0.0,0.0,False,953,0.2728226652675761,0.3145635503868069,1.032170415369789,0.017746524102674036,16.91243746984834,46.18858976282311,0
BTCUSD,M1@M15,none,,48,1200.0,False,0.0,2.0,False,936,0.26816239316239315,0.602832421731503,1.0441658327695342,0.033676805100509834,31.521489574077215,31.810879104603863,0
BTCUSD,M1@M15,none,,48,1200.0,True,0.0,2.0,False,953,0.2728226652675761,0.3145635503868069,1.032170415369789,0.017746524102674036,16.91243746984834,46.18858976282311,0
BTCUSD,M1@M15,none,,48,1200.0,False,0.0,3.0,False,936,0.26816239316239315,0.602832421731503,1.0441658327695342,0.033676805100509834,31.521489574077215,31.810879104603863,0
BTCUSD,M1@M15,none,,48,1200.0,True,0.0,3.0,False,953,0.2728226652675761,0.3145635503868069,1.032170415369789,0.017746524102674036,16.91243746984834,46.18858976282311,0
BTCUSD,M1@M15,none,,48,1200.0,False,0.0,5.0,False,936,0.26816239316239315,0.602832421731503,1.0441520609872916,0.033676805100509834,31.521489574077215,31.810879104603863,0
BTCUSD,M1@M15,none,,48,1200.0,True,0.0,5.0,False,953,0.2728226652675761,0.3145635503868069,1.0321564545754662,0.017746524102674036,16.91243746984834,46.18858976282311,0
BTCUSD,M1@M15,none,,48,1800.0,False,0.0,0.0,False,936,0.26816239316239315,0.283743214402402,1.0269849062971181,0.015579459484174682,14.582374077187495,32.924764527865705,0
BTCUSD,M1@M15,none,,48,1800.0,True,0.0,0.0,False,953,0.2728226652675761,-0.006694953737179413,1.014394538851377,-0.0003704292452367166,-0.3530190707105856,48.812429630442054,0
BTCUSD,M1@M15,none,,48,1800.0,False,0.0,2.0,False,936,0.26816239316239315,0.283743214402402,1.0269849062971181,0.015579459484174682,14.582374077187495,32.924764527865705,0
BTCUSD,M1@M15,none,,48,1800.0,True,0.0,2.0,False,953,0.2728226652675761,-0.006694953737179413,1.014394538851377,-0.0003704292452367166,-0.3530190707105856,48.812429630442054,0
BTCUSD,M1@M15,none,,48,1800.0,False,0.0,3.0,False,936,0.26816239316239315,0.283743214402402,1.0269849062971181,0.015579459484174682,14.582374077187495,32.924764527865705,0
BTCUSD,M1@M15,none,,48,1800.0,True,0.0,3.0,False,953,0.2728226652675761,-0.006694953737179413,1.014394538851377,-0.0003704292452367166,-0.3530190707105856,48.812429630442054,0
BTCUSD,M1@M15,none,,48,1800.0,False,0.0,5.0,False,936,0.26816239316239315,0.28616307404158986,1.026915412640452,0.01571401750365905,14.708320383424862,32.924764527865705,0
BTCUSD,M1@M15,none,,48,1800.0,True,0.0,5.0,False,953,0.2728226652675761,-0.004843564056111925,1.0142542243831378,-0.0002680070129870212,-0.25541068337662587,48.812429630442054,0
BTCUSD,M1@M15,none,,48,2400.0,False,0.0,0.0,False,936,0.26816239316239315,-0.031453382994577644,1.010217469686908,-0.0016984457097265378,-1.5897451843040202,40.575865594118675,0
BTCUSD,M1@M15,none,,48,2400.0,True,0.0,0.0,False,953,0.2728226652675761,-0.3251516519495074,0.997062106124032,-0.017657344612467516,-16.82744941568152,52.71291127627384,0
BTCUSD,M1@M15,none,,48,2400.0,False,0.0,2.0,False,936,0.26816239316239315,-0.031453382994577644,1.010217469686908,-0.0016984457097265378,-1.5897451843040202,40.575865594118675,0
BTCUSD,M1@M15,none,,48,2400.0,True,0.0,2.0,False,953,0.2728226652675761,-0.3251516519495074,0.997062106124032,-0.017657344612467516,-16.82744941568152,52.71291127627384,0
BTCUSD,M1@M15,none,,48,2400.0,False,0.0,3.0,False,936,0.26816239316239315,-0.031453382994577644,1.010158698404505,-0.0016984457097265378,-1.5897451843040202,40.575865594118675,0
BTCUSD,M1@M15,none,,48,2400.0,True,0.0,3.0,False,953,0.2728226652675761,-0.3251516519495074,0.9970026743784367,-0.017657344612467516,-16.82744941568152,52.71291127627384,0
BTCUSD,M1@M15,none,,48,2400.0,False,0.0,5.0,False,928,0.2672413793103448,-0.057792891160266285,1.0108409604818172,-0.0031363495467779602,-2.9105323794099442,40.92113929208656,0
BTCUSD,M1@M15,none,,48,2400.0,True,0.0,5.0,False,947,0.2734952481520591,-0.25464673468801097,0.9994971661854238,-0.013898874868692119,-13.162234500651426,51.71291127627384,0
